Ort,endpunkt,url,kategorie
Aardeklove,Aardeklove,https://hexer.fandom.com/wiki/Aardeklove,The Witcher 3 Orte
Abb Yarra,Abb_Yarra,https://hexer.fandom.com/wiki/Abb_Yarra,Tal
Abgebranntes Dorf,Abgebranntes_Dorf,https://hexer.fandom.com/wiki/Abgebranntes_Dorf,The Witcher 2 Handlungsorte
Abgelegene Hütte,Abgelegene_Hütte,https://hexer.fandom.com/wiki/Abgelegene_Hütte,The Witcher 3 Orte
Abgelegener Turm (Alt-Wyzima),Abgelegener_Turm_(Alt-Wyzima),https://hexer.fandom.com/wiki/Abgelegener_Turm_(Alt-Wyzima),The Witcher Orte
Abzweigung,Abzweigung,https://hexer.fandom.com/wiki/Abzweigung,The Witcher 3 Orte
Acherontia,Acherontia,https://hexer.fandom.com/wiki/Acherontia,Schiffe
Adalatte,Adalatte,https://hexer.fandom.com/wiki/Adalatte,Romane Orte
Aedd Gynvael,Aedd_Gynvael,https://hexer.fandom.com/wiki/Aedd_Gynvael,Städte
Aedirn,Aedirn,https://hexer.fandom.com/wiki/Aedirn,Königreiche
Aen Saevherne,Aen_Saevherne,https://hexer.fandom.com/wiki/Aen_Saevherne,Kultur
Aen Seidhe,Aen_Seidhe,https://hexer.fandom.com/wiki/Aen_Seidhe,Kultur
Aeramas' Laden,Aeramas'_Laden,https://hexer.fandom.com/wiki/Aeramas'_Laden,The Witcher 3 Orte
Aeramas' verlassenes Anwesen,Aeramas'_verlassenes_Anwesen,https://hexer.fandom.com/wiki/Aeramas'_verlassenes_Anwesen,The Witcher 3 Orte
Agnes von Glanvilles Gruft,Agnes_von_Glanvilles_Gruft,https://hexer.fandom.com/wiki/Agnes_von_Glanvilles_Gruft,The Witcher Orte
Akademie Oxenfurt,Akademie_Oxenfurt,https://hexer.fandom.com/wiki/Akademie_Oxenfurt,Romane Orte
Akademie von Ban Ard,Akademie_von_Ban_Ard,https://hexer.fandom.com/wiki/Akademie_von_Ban_Ard,Schulen
Alba (Fluss),Alba_(Fluss),https://hexer.fandom.com/wiki/Alba_(Fluss),Flüsse
Albatros,Albatros,https://hexer.fandom.com/wiki/Albatros,Schiffe
Albertus' Grotte,Albertus'_Grotte,https://hexer.fandom.com/wiki/Albertus'_Grotte,The Witcher 3 Orte
Aldersberg (Ort),Aldersberg_(Ort),https://hexer.fandom.com/wiki/Aldersberg_(Ort),Städte
Alke,Alke,https://hexer.fandom.com/wiki/Alke,Schiffe
Alkyone,Alkyone,https://hexer.fandom.com/wiki/Alkyone,Romane Orte
Allenker,Allenker,https://hexer.fandom.com/wiki/Allenker,Gewässer
Alness,Alness,https://hexer.fandom.com/wiki/Alness,The Witcher 3 Orte
Alt-Wyzima,Alt-Wyzima,https://hexer.fandom.com/wiki/Alt-Wyzima,The Witcher Orte
Altar Herrin des Sees,Altar_Herrin_des_Sees,https://hexer.fandom.com/wiki/Altar_Herrin_des_Sees,The Witcher Orte
Altar der Melitele,Altar_der_Melitele,https://hexer.fandom.com/wiki/Altar_der_Melitele,The Witcher Orte
Altar des Vejopatis,Altar_des_Vejopatis,https://hexer.fandom.com/wiki/Altar_des_Vejopatis,The Witcher 2 Handlungsorte
Altar von Dagon,Altar_von_Dagon,https://hexer.fandom.com/wiki/Altar_von_Dagon,The Witcher Orte
Alte Eiche,Alte_Eiche,https://hexer.fandom.com/wiki/Alte_Eiche,The Witcher 3 Orte
Alte Gruft,Alte_Gruft,https://hexer.fandom.com/wiki/Alte_Gruft,The Witcher 3 Orte
Alte Kapelle,Alte_Kapelle,https://hexer.fandom.com/wiki/Alte_Kapelle,The Witcher 3 Orte
Alte Mine,Alte_Mine,https://hexer.fandom.com/wiki/Alte_Mine,The Witcher Orte
Alte Mine (Friedhofssumpf),Alte_Mine_(Friedhofssumpf),https://hexer.fandom.com/wiki/Alte_Mine_(Friedhofssumpf),The Witcher Orte
Alte Mine:,Alte_Mine:,https://hexer.fandom.com/wiki/Alte_Mine:,The Witcher Orte
Alte Mühle (The Witcher 3),Alte_Mühle_(The_Witcher_3),https://hexer.fandom.com/wiki/Alte_Mühle_(The_Witcher_3),The Witcher 3 Orte
Alte Mühle (The Witcher),Alte_Mühle_(The_Witcher),https://hexer.fandom.com/wiki/Alte_Mühle_(The_Witcher),The Witcher Orte
Alte Sprache,Alte_Sprache,https://hexer.fandom.com/wiki/Alte_Sprache,Kultur
Alte Sprachen,Alte_Sprachen,https://hexer.fandom.com/wiki/Alte_Sprachen,Kultur
Alte Straße,Alte_Straße,https://hexer.fandom.com/wiki/Alte_Straße,The Witcher Orte
Altenpupen,Altenpupen,https://hexer.fandom.com/wiki/Altenpupen,Städte
Alter Bauernhof,Alter_Bauernhof,https://hexer.fandom.com/wiki/Alter_Bauernhof,The Witcher Orte
Alter Garten,Alter_Garten,https://hexer.fandom.com/wiki/Alter_Garten,The Witcher 3 Orte
Alter Signalturm,Alter_Signalturm,https://hexer.fandom.com/wiki/Alter_Signalturm,The Witcher 3 Orte
Alter Steinbruch,Alter_Steinbruch,https://hexer.fandom.com/wiki/Alter_Steinbruch,The Witcher 2 Handlungsorte
Alter Turm,Alter_Turm,https://hexer.fandom.com/wiki/Alter_Turm,The Witcher 2 Handlungsorte
Alter Wachturm,Alter_Wachturm,https://hexer.fandom.com/wiki/Alter_Wachturm,The Witcher 3 Orte
Altes Herrenhaus,Altes_Herrenhaus,https://hexer.fandom.com/wiki/Altes_Herrenhaus,The Witcher Orte
Altes Tor,Altes_Tor,https://hexer.fandom.com/wiki/Altes_Tor,The Witcher 2 Handlungsorte
Alvaros Portal,Alvaros_Portal,https://hexer.fandom.com/wiki/Alvaros_Portal,The Witcher Orte
Amarillo,Amarillo,https://hexer.fandom.com/wiki/Amarillo,Romane Orte
Amellberge,Amellberge,https://hexer.fandom.com/wiki/Amellberge,Gebirge
An Skellig,An_Skellig,https://hexer.fandom.com/wiki/An_Skellig,Romane Orte
Anchor,Anchor,https://hexer.fandom.com/wiki/Anchor,Städte
Anderlingviertel,Anderlingviertel,https://hexer.fandom.com/wiki/Anderlingviertel,The Witcher Orte
Anghira,Anghira,https://hexer.fandom.com/wiki/Anghira,Schiffe
Angren,Angren,https://hexer.fandom.com/wiki/Angren,Regionen
Ankh,Ankh,https://hexer.fandom.com/wiki/Ankh,Kultur
Anlegesteg Seeufer,Anlegesteg_Seeufer,https://hexer.fandom.com/wiki/Anlegesteg_Seeufer,The Witcher Orte
Anlegesteg Sümpfe,Anlegesteg_Sümpfe,https://hexer.fandom.com/wiki/Anlegesteg_Sümpfe,The Witcher Orte
Anlegestelle Altes Herrenhaus,Anlegestelle_Altes_Herrenhaus,https://hexer.fandom.com/wiki/Anlegestelle_Altes_Herrenhaus,The Witcher Orte
Ansegis,Ansegis,https://hexer.fandom.com/wiki/Ansegis,Städte
Antike Gräber,Antike_Gräber,https://hexer.fandom.com/wiki/Antike_Gräber,The Witcher Orte
Anwesen der Herrin Orianna,Anwesen_der_Herrin_Orianna,https://hexer.fandom.com/wiki/Anwesen_der_Herrin_Orianna,The Witcher 3 Orte
Anwesen der Vegelbuds,Anwesen_der_Vegelbuds,https://hexer.fandom.com/wiki/Anwesen_der_Vegelbuds,The Witcher 3 Orte
Ard Carraigh,Ard_Carraigh,https://hexer.fandom.com/wiki/Ard_Carraigh,Städte
Ard Rhena,Ard_Rhena,https://hexer.fandom.com/wiki/Ard_Rhena,Kultur
Ard Skellig,Ard_Skellig,https://hexer.fandom.com/wiki/Ard_Skellig,The Witcher 3 Orte
Ardaiso-Steinbruch,Ardaiso-Steinbruch,https://hexer.fandom.com/wiki/Ardaiso-Steinbruch,The Witcher 3 Orte
Arena (Claremont),Arena_(Claremont),https://hexer.fandom.com/wiki/Arena_(Claremont),Architektur
Arena von Hurensohn Junior,Arena_von_Hurensohn_Junior,https://hexer.fandom.com/wiki/Arena_von_Hurensohn_Junior,The Witcher 3 Orte
Arete,Arete,https://hexer.fandom.com/wiki/Arete,Flüsse
Arette,Arette,https://hexer.fandom.com/wiki/Arette,The Witcher 3 Orte
Aretusa,Aretusa,https://hexer.fandom.com/wiki/Aretusa,Romane Orte
Arinbjorn,Arinbjorn,https://hexer.fandom.com/wiki/Arinbjorn,The Witcher 3 Orte
Armeria,Armeria,https://hexer.fandom.com/wiki/Armeria,Festungen
Assengard,Assengard,https://hexer.fandom.com/wiki/Assengard,Städte
Atropos,Atropos,https://hexer.fandom.com/wiki/Atropos,The Witcher 3 Orte
Attre,Attre,https://hexer.fandom.com/wiki/Attre,Städte
Au chat noir,Au_chat_noir,https://hexer.fandom.com/wiki/Au_chat_noir,Romane Orte
Aubrebis-Teich,Aubrebis-Teich,https://hexer.fandom.com/wiki/Aubrebis-Teich,The Witcher 3 Orte
Auf den Spuren des Heiligen Majoran,Auf_den_Spuren_des_Heiligen_Majoran,https://hexer.fandom.com/wiki/Auf_den_Spuren_des_Heiligen_Majoran,The Witcher 3 Orte
Auktionshaus der Gebrüder Borsody,Auktionshaus_der_Gebrüder_Borsody,https://hexer.fandom.com/wiki/Auktionshaus_der_Gebrüder_Borsody,Romane Orte
Außenposten von Drachenmulde,Außenposten_von_Drachenmulde,https://hexer.fandom.com/wiki/Außenposten_von_Drachenmulde,The Witcher 3 Orte
Azar Javeds Laboratorium,Azar_Javeds_Laboratorium,https://hexer.fandom.com/wiki/Azar_Javeds_Laboratorium,The Witcher Orte
Badehaus,Badehaus,https://hexer.fandom.com/wiki/Badehaus,The Witcher 3 Orte
Baltimors Werkstatt,Baltimors_Werkstatt,https://hexer.fandom.com/wiki/Baltimors_Werkstatt,The Witcher 2 Handlungsorte
Ban Ard,Ban_Ard,https://hexer.fandom.com/wiki/Ban_Ard,Städte
Ban Glean,Ban_Glean,https://hexer.fandom.com/wiki/Ban_Glean,Städte
Banditenlager,Banditenlager,https://hexer.fandom.com/wiki/Banditenlager,The Witcher 3 Orte
Banditenlager (Schnellreisepunkt),Banditenlager_(Schnellreisepunkt),https://hexer.fandom.com/wiki/Banditenlager_(Schnellreisepunkt),The Witcher 3 Orte
Banditenversteck,Banditenversteck,https://hexer.fandom.com/wiki/Banditenversteck,The Witcher 2 Handlungsorte
Banditenweg,Banditenweg,https://hexer.fandom.com/wiki/Banditenweg,Straßen
Bandwasser,Bandwasser,https://hexer.fandom.com/wiki/Bandwasser,Flüsse
Barfeld,Barfeld,https://hexer.fandom.com/wiki/Barfeld,Romane Orte
Baronat der La Valette,Baronat_der_La_Valette,https://hexer.fandom.com/wiki/Baronat_der_La_Valette,Fürstentum
Bars,Bars,https://hexer.fandom.com/wiki/Bars,Geografie
Basane-Hof,Basane-Hof,https://hexer.fandom.com/wiki/Basane-Hof,The Witcher 3 Orte
Bastion,Bastion,https://hexer.fandom.com/wiki/Bastion,The Witcher 3 Orte
Beauclair,Beauclair,https://hexer.fandom.com/wiki/Beauclair,The Witcher 3 Orte
Behelfsschmiede (Alt-Wyzima),Behelfsschmiede_(Alt-Wyzima),https://hexer.fandom.com/wiki/Behelfsschmiede_(Alt-Wyzima),The Witcher Orte
Beinhaus (Katakomben altes Herrenhaus),Beinhaus_(Katakomben_altes_Herrenhaus),https://hexer.fandom.com/wiki/Beinhaus_(Katakomben_altes_Herrenhaus),The Witcher Orte
Belgaard-Anwesen,Belgaard-Anwesen,https://hexer.fandom.com/wiki/Belgaard-Anwesen,The Witcher 3 Orte
Belgaard-Weingut,Belgaard-Weingut,https://hexer.fandom.com/wiki/Belgaard-Weingut,The Witcher 3 Orte
Belhaven,Belhaven,https://hexer.fandom.com/wiki/Belhaven,Städte
Belleteyn,Belleteyn,https://hexer.fandom.com/wiki/Belleteyn,Kultur
Benkelheim,Benkelheim,https://hexer.fandom.com/wiki/Benkelheim,The Witcher 3 Orte
Berentrode,Berentrode,https://hexer.fandom.com/wiki/Berentrode,Städte
Berg von Kaer Trolde,Berg_von_Kaer_Trolde,https://hexer.fandom.com/wiki/Berg_von_Kaer_Trolde,The Witcher 3 Orte
Bergwerke von Vergen,Bergwerke_von_Vergen,https://hexer.fandom.com/wiki/Bergwerke_von_Vergen,The Witcher 2 Handlungsorte
Beschädigte Brücke,Beschädigte_Brücke,https://hexer.fandom.com/wiki/Beschädigte_Brücke,The Witcher 2 Handlungsorte
Bett,Bett,https://hexer.fandom.com/wiki/Bett,Blood and Wine Orte
Bewachter Schatz,Bewachter_Schatz,https://hexer.fandom.com/wiki/Bewachter_Schatz,The Witcher 3 Orte
Bibliothek (Kaer Morhen),Bibliothek_(Kaer_Morhen),https://hexer.fandom.com/wiki/Bibliothek_(Kaer_Morhen),The Witcher Orte
Bindegarn,Bindegarn,https://hexer.fandom.com/wiki/Bindegarn,The Witcher 2 Handlungsorte
Birkdorf,Birkdorf,https://hexer.fandom.com/wiki/Birkdorf,Städte
Blandare,Blandare,https://hexer.fandom.com/wiki/Blandare,The Witcher 3 Orte
Blasenkirschwälder,Blasenkirschwälder,https://hexer.fandom.com/wiki/Blasenkirschwälder,Romane Orte
Blaue Berge,Blaue_Berge,https://hexer.fandom.com/wiki/Blaue_Berge,Gebirge
Blaviken,Blaviken,https://hexer.fandom.com/wiki/Blaviken,Romane Orte
Bleobheris,Bleobheris,https://hexer.fandom.com/wiki/Bleobheris,Kultur
Blessure,Blessure,https://hexer.fandom.com/wiki/Blessure,Flüsse
Blessure-Wald,Blessure-Wald,https://hexer.fandom.com/wiki/Blessure-Wald,The Witcher 3 Orte
Blutgrube,Blutgrube,https://hexer.fandom.com/wiki/Blutgrube,The Witcher 3 Orte
Bodrog,Bodrog,https://hexer.fandom.com/wiki/Bodrog,Festungen
Bogendorf,Bogendorf,https://hexer.fandom.com/wiki/Bogendorf,The Witcher 3 Orte
Bondar,Bondar,https://hexer.fandom.com/wiki/Bondar,Städte
Bootsanlegestelle,Bootsanlegestelle,https://hexer.fandom.com/wiki/Bootsanlegestelle,The Witcher Orte
Bordell,Bordell,https://hexer.fandom.com/wiki/Bordell,Romane Orte
Bordell Madame Lantieri,Bordell_Madame_Lantieri,https://hexer.fandom.com/wiki/Bordell_Madame_Lantieri,Romane Orte
Bordell Rosenknospe,Bordell_Rosenknospe,https://hexer.fandom.com/wiki/Bordell_Rosenknospe,Romane Orte
Bordell der Kaedwener,Bordell_der_Kaedwener,https://hexer.fandom.com/wiki/Bordell_der_Kaedwener,The Witcher 2 Handlungsorte
Boxholm,Boxholm,https://hexer.fandom.com/wiki/Boxholm,The Witcher 3 Orte
Braa,Braa,https://hexer.fandom.com/wiki/Braa,Flüsse
Bremervoord,Bremervoord,https://hexer.fandom.com/wiki/Bremervoord,Geografie
Bremervoord (Stadt),Bremervoord_(Stadt),https://hexer.fandom.com/wiki/Bremervoord_(Stadt),Städte
Brenna,Brenna,https://hexer.fandom.com/wiki/Brenna,Städte
Brennerei,Brennerei,https://hexer.fandom.com/wiki/Brennerei,The Witcher 3 Orte
Brokilon,Brokilon,https://hexer.fandom.com/wiki/Brokilon,Romane Orte
Brugge,Brugge,https://hexer.fandom.com/wiki/Brugge,Königreiche
Brugge (Stadt),Brugge_(Stadt),https://hexer.fandom.com/wiki/Brugge_(Stadt),Städte
Brunanburh,Brunanburh,https://hexer.fandom.com/wiki/Brunanburh,Festungen
Brunwich,Brunwich,https://hexer.fandom.com/wiki/Brunwich,The Witcher 3 Orte
Bucht der Winde,Bucht_der_Winde,https://hexer.fandom.com/wiki/Bucht_der_Winde,The Witcher 3 Orte
Buckelsumpf,Buckelsumpf,https://hexer.fandom.com/wiki/Buckelsumpf,The Witcher 3 Orte
Buina,Buina,https://hexer.fandom.com/wiki/Buina,Flüsse
Bullenhausen,Bullenhausen,https://hexer.fandom.com/wiki/Bullenhausen,The Witcher Orte
Burdorff,Burdorff,https://hexer.fandom.com/wiki/Burdorff,Städte
Burg Drahim,Burg_Drahim,https://hexer.fandom.com/wiki/Burg_Drahim,The Witcher 3 Orte
Burg Dun Tynne,Burg_Dun_Tynne,https://hexer.fandom.com/wiki/Burg_Dun_Tynne,Romane Orte
Burg La Valette,Burg_La_Valette,https://hexer.fandom.com/wiki/Burg_La_Valette,The Witcher 2 Handlungsorte
Burg Mont Crane,Burg_Mont_Crane,https://hexer.fandom.com/wiki/Burg_Mont_Crane,The Witcher 3 Orte
Burg Tuirseach,Burg_Tuirseach,https://hexer.fandom.com/wiki/Burg_Tuirseach,The Witcher 3 Orte
Burg Zuetzer,Burg_Zuetzer,https://hexer.fandom.com/wiki/Burg_Zuetzer,The Witcher 3 Orte
Bächlein A,Bächlein_A,https://hexer.fandom.com/wiki/Bächlein_A,Flüsse
Bächlein O,Bächlein_O,https://hexer.fandom.com/wiki/Bächlein_O,Flüsse
Bäckerei Trübwasser,Bäckerei_Trübwasser,https://hexer.fandom.com/wiki/Bäckerei_Trübwasser,The Witcher Orte
Bärenschule,Bärenschule,https://hexer.fandom.com/wiki/Bärenschule,Hexerschulen
Böttcherhang,Böttcherhang,https://hexer.fandom.com/wiki/Böttcherhang,The Witcher 3 Orte
Büro des Prokurators von Toussaint,Büro_des_Prokurators_von_Toussaint,https://hexer.fandom.com/wiki/Büro_des_Prokurators_von_Toussaint,The Witcher 3 Orte
Büttenfest,Büttenfest,https://hexer.fandom.com/wiki/Büttenfest,Kultur
Caed Dhu,Caed_Dhu,https://hexer.fandom.com/wiki/Caed_Dhu,Comics Orte
Caed Myrkvid,Caed_Myrkvid,https://hexer.fandom.com/wiki/Caed_Myrkvid,Wälder
Caelf,Caelf,https://hexer.fandom.com/wiki/Caelf,Städte
Caer Aenwyn,Caer_Aenwyn,https://hexer.fandom.com/wiki/Caer_Aenwyn,Kultur
Caerstuen,Caerstuen,https://hexer.fandom.com/wiki/Caerstuen,The Witcher 3 Orte
Caingorn,Caingorn,https://hexer.fandom.com/wiki/Caingorn,Geografie
Calveit-Wachturm,Calveit-Wachturm,https://hexer.fandom.com/wiki/Calveit-Wachturm,The Witcher 3 Orte
Caravista,Caravista,https://hexer.fandom.com/wiki/Caravista,Städte
Carbon (Berg),Carbon_(Berg),https://hexer.fandom.com/wiki/Carbon_(Berg),Gebirge
Carcano,Carcano,https://hexer.fandom.com/wiki/Carcano,Festungen
Caroberta-Wald,Caroberta-Wald,https://hexer.fandom.com/wiki/Caroberta-Wald,The Witcher 3 Orte
Carreras,Carreras,https://hexer.fandom.com/wiki/Carreras,Städte
Castel Toricella,Castel_Toricella,https://hexer.fandom.com/wiki/Castel_Toricella,Festungen
Casteldaccia,Casteldaccia,https://hexer.fandom.com/wiki/Casteldaccia,The Witcher 3 Orte
Castell Graupian,Castell_Graupian,https://hexer.fandom.com/wiki/Castell_Graupian,Festungen
Castell Ravello,Castell_Ravello,https://hexer.fandom.com/wiki/Castell_Ravello,Romane Orte
Casterfurt,Casterfurt,https://hexer.fandom.com/wiki/Casterfurt,Städte
Catriona (Schiff),Catriona_(Schiff),https://hexer.fandom.com/wiki/Catriona_(Schiff),Schiffe
Ceann Treise,Ceann_Treise,https://hexer.fandom.com/wiki/Ceann_Treise,Gewässer
Cervantes-Pass,Cervantes-Pass,https://hexer.fandom.com/wiki/Cervantes-Pass,Gebirgspass
Champs Désolés,Champs_Désolés,https://hexer.fandom.com/wiki/Champs_Désolés,The Witcher 3 Orte
Chamäleon,Chamäleon,https://hexer.fandom.com/wiki/Chamäleon,The Witcher 3 Orte
Chiava,Chiava,https://hexer.fandom.com/wiki/Chiava,Gebirge
Chosébuz,Chosébuz,https://hexer.fandom.com/wiki/Chosébuz,Städte
Chotla,Chotla,https://hexer.fandom.com/wiki/Chotla,Flüsse
Chuchote-Höhle,Chuchote-Höhle,https://hexer.fandom.com/wiki/Chuchote-Höhle,The Witcher 3 Orte
Château Fraîche,Château_Fraîche,https://hexer.fandom.com/wiki/Château_Fraîche,The Witcher 3 Orte
Château Sarrasin,Château_Sarrasin,https://hexer.fandom.com/wiki/Château_Sarrasin,The Witcher 3 Orte
Cianfanelli-Bank,Cianfanelli-Bank,https://hexer.fandom.com/wiki/Cianfanelli-Bank,Romane Orte
Cidaris,Cidaris,https://hexer.fandom.com/wiki/Cidaris,Königreiche
Cidaris (Stadt),Cidaris_(Stadt),https://hexer.fandom.com/wiki/Cidaris_(Stadt),Städte
Cintra,Cintra,https://hexer.fandom.com/wiki/Cintra,Königreiche
Cintra (Hauptstadt),Cintra_(Hauptstadt),https://hexer.fandom.com/wiki/Cintra_(Hauptstadt),Städte
Cizmar,Cizmar,https://hexer.fandom.com/wiki/Cizmar,Romane Orte
Clans von Skellige,Clans_von_Skellige,https://hexer.fandom.com/wiki/Clans_von_Skellige,Kultur
Claremont,Claremont,https://hexer.fandom.com/wiki/Claremont,Städte
Col Serrai,Col_Serrai,https://hexer.fandom.com/wiki/Col_Serrai,Romane Orte
Coronata,Coronata,https://hexer.fandom.com/wiki/Coronata,The Witcher 3 Orte
Corvo Bianco,Corvo_Bianco,https://hexer.fandom.com/wiki/Corvo_Bianco,The Witcher 3 Orte
Corvo Bianco - Gewächshaus,Corvo_Bianco_-_Gewächshaus,https://hexer.fandom.com/wiki/Corvo_Bianco_-_Gewächshaus,The Witcher 3 Orte
Craag An,Craag_An,https://hexer.fandom.com/wiki/Craag_An,Städte
Craag Ros,Craag_Ros,https://hexer.fandom.com/wiki/Craag_Ros,Romane Orte
Crea,Crea,https://hexer.fandom.com/wiki/Crea,Gewässer
Creigiau,Creigiau,https://hexer.fandom.com/wiki/Creigiau,Städte
Creigiau (Burg),Creigiau_(Burg),https://hexer.fandom.com/wiki/Creigiau_(Burg),Comics Orte
Cremora,Cremora,https://hexer.fandom.com/wiki/Cremora,Romane Orte
Creyden,Creyden,https://hexer.fandom.com/wiki/Creyden,Geografie
Creyden (Stadt),Creyden_(Stadt),https://hexer.fandom.com/wiki/Creyden_(Stadt),Städte
Crinfrid,Crinfrid,https://hexer.fandom.com/wiki/Crinfrid,Städte
Cutterin-Anwesen,Cutterin-Anwesen,https://hexer.fandom.com/wiki/Cutterin-Anwesen,The Witcher 3 Orte
Cynthia,Cynthia,https://hexer.fandom.com/wiki/Cynthia,Kultur
Dachsschlucht,Dachsschlucht,https://hexer.fandom.com/wiki/Dachsschlucht,Geografie
Daevon,Daevon,https://hexer.fandom.com/wiki/Daevon,Städte
Dalvik,Dalvik,https://hexer.fandom.com/wiki/Dalvik,The Witcher 3 Orte
Daria,Daria,https://hexer.fandom.com/wiki/Daria,Schiffe
Darn Dyffra,Darn_Dyffra,https://hexer.fandom.com/wiki/Darn_Dyffra,Festungen
Darn Rowan,Darn_Rowan,https://hexer.fandom.com/wiki/Darn_Rowan,Festungen
Darn Ruach,Darn_Ruach,https://hexer.fandom.com/wiki/Darn_Ruach,Festungen
Darwen,Darwen,https://hexer.fandom.com/wiki/Darwen,Königreiche
Das Amphitheater von Loc Muinne,Das_Amphitheater_von_Loc_Muinne,https://hexer.fandom.com/wiki/Das_Amphitheater_von_Loc_Muinne,The Witcher 2 Handlungsorte
Das Heilige Buch,Das_Heilige_Buch,https://hexer.fandom.com/wiki/Das_Heilige_Buch,Kultur
Das Königreich Temerien,Das_Königreich_Temerien,https://hexer.fandom.com/wiki/Das_Königreich_Temerien,Geografie
Das Lager der Redanier,Das_Lager_der_Redanier,https://hexer.fandom.com/wiki/Das_Lager_der_Redanier,The Witcher 2 Handlungsorte
Das Lager der Temerier,Das_Lager_der_Temerier,https://hexer.fandom.com/wiki/Das_Lager_der_Temerier,The Witcher 2 Handlungsorte
Das Lager des Kayran,Das_Lager_des_Kayran,https://hexer.fandom.com/wiki/Das_Lager_des_Kayran,The Witcher 2 Handlungsorte
Das Lager des Ordens der Flammenrose,Das_Lager_des_Ordens_der_Flammenrose,https://hexer.fandom.com/wiki/Das_Lager_des_Ordens_der_Flammenrose,The Witcher 2 Handlungsorte
Das Nirgendwo,Das_Nirgendwo,https://hexer.fandom.com/wiki/Das_Nirgendwo,The Witcher 3 Orte
Ddiddiwedht,Ddiddiwedht,https://hexer.fandom.com/wiki/Ddiddiwedht,The Witcher 3 Orte
Dearhennas Labor,Dearhennas_Labor,https://hexer.fandom.com/wiki/Dearhennas_Labor,The Witcher 2 Orte
Degen,Degen,https://hexer.fandom.com/wiki/Degen,Schiffe
Deich von Wyzima,Deich_von_Wyzima,https://hexer.fandom.com/wiki/Deich_von_Wyzima,The Witcher Orte
Deireadh-Gefängnis,Deireadh-Gefängnis,https://hexer.fandom.com/wiki/Deireadh-Gefängnis,The Witcher 3 Orte
Delenfer-Pass,Delenfer-Pass,https://hexer.fandom.com/wiki/Delenfer-Pass,The Witcher 3 Orte
Denesle,Denesle,https://hexer.fandom.com/wiki/Denesle,Festungen
Denkmal des Propheten Majoran,Denkmal_des_Propheten_Majoran,https://hexer.fandom.com/wiki/Denkmal_des_Propheten_Majoran,The Witcher 3 Orte
Der Abstieg,Der_Abstieg,https://hexer.fandom.com/wiki/Der_Abstieg,The Witcher 3 Orte
Der Eisvogel,Der_Eisvogel,https://hexer.fandom.com/wiki/Der_Eisvogel,The Witcher 3 Orte
Der Kahle Berg (Ort),Der_Kahle_Berg_(Ort),https://hexer.fandom.com/wiki/Der_Kahle_Berg_(Ort),The Witcher 3 Orte
Der Morast,Der_Morast,https://hexer.fandom.com/wiki/Der_Morast,The Witcher 3 Orte
Der Pfad,Der_Pfad,https://hexer.fandom.com/wiki/Der_Pfad,Kultur
Der Vernichter,Der_Vernichter,https://hexer.fandom.com/wiki/Der_Vernichter,Kultur
"Die ""Glöcknerinnen"" von Beauclair","Die_""Glöcknerinnen""_von_Beauclair","https://hexer.fandom.com/wiki/Die_""Glöcknerinnen""_von_Beauclair",The Witcher 3 Orte
Die Alchemie,Die_Alchemie,https://hexer.fandom.com/wiki/Die_Alchemie,The Witcher 3 Orte
Die Ersten Runen,Die_Ersten_Runen,https://hexer.fandom.com/wiki/Die_Ersten_Runen,Kultur
Die Gefängnisbarke,Die_Gefängnisbarke,https://hexer.fandom.com/wiki/Die_Gefängnisbarke,The Witcher 2 Orte
Die Grotte,Die_Grotte,https://hexer.fandom.com/wiki/Die_Grotte,Romane Orte
Die Gänsemöse,Die_Gänsemöse,https://hexer.fandom.com/wiki/Die_Gänsemöse,The Witcher 3 Orte
Die Kanalisation von Loc Muinne,Die_Kanalisation_von_Loc_Muinne,https://hexer.fandom.com/wiki/Die_Kanalisation_von_Loc_Muinne,The Witcher 2 Handlungsorte
Die Oxenfurt-Dreiberg,Die_Oxenfurt-Dreiberg,https://hexer.fandom.com/wiki/Die_Oxenfurt-Dreiberg,The Witcher 3 Orte
Die Ruinen der Bibliothek,Die_Ruinen_der_Bibliothek,https://hexer.fandom.com/wiki/Die_Ruinen_der_Bibliothek,The Witcher 2 Handlungsorte
Die Scherben,Die_Scherben,https://hexer.fandom.com/wiki/Die_Scherben,The Witcher 3 Orte
Die Sieben Katzen,Die_Sieben_Katzen,https://hexer.fandom.com/wiki/Die_Sieben_Katzen,The Witcher 3 Orte
Die Wildnis um Flotsam,Die_Wildnis_um_Flotsam,https://hexer.fandom.com/wiki/Die_Wildnis_um_Flotsam,The Witcher 2 Handlungsorte
Die Zwei Schlammpeitzger,Die_Zwei_Schlammpeitzger,https://hexer.fandom.com/wiki/Die_Zwei_Schlammpeitzger,Romane Orte
Diebesbastei,Diebesbastei,https://hexer.fandom.com/wiki/Diebesbastei,Kultur
Dilla,Dilla,https://hexer.fandom.com/wiki/Dilla,Romane Orte
Dillingen,Dillingen,https://hexer.fandom.com/wiki/Dillingen,Städte
Dol Adalatte,Dol_Adalatte,https://hexer.fandom.com/wiki/Dol_Adalatte,Tal
Dol Angra,Dol_Angra,https://hexer.fandom.com/wiki/Dol_Angra,Regionen
Dol Blathanna,Dol_Blathanna,https://hexer.fandom.com/wiki/Dol_Blathanna,Geografie
Doren-Alma-Anwesen,Doren-Alma-Anwesen,https://hexer.fandom.com/wiki/Doren-Alma-Anwesen,The Witcher 3 Orte
Dorf Mohrin,Dorf_Mohrin,https://hexer.fandom.com/wiki/Dorf_Mohrin,The Witcher 3 Orte
Dorf Weißgarten,Dorf_Weißgarten,https://hexer.fandom.com/wiki/Dorf_Weißgarten,The Witcher 3 Orte
Dorf im Umland,Dorf_im_Umland,https://hexer.fandom.com/wiki/Dorf_im_Umland,The Witcher Orte
Dorfruinen,Dorfruinen,https://hexer.fandom.com/wiki/Dorfruinen,The Witcher Orte
Dorian,Dorian,https://hexer.fandom.com/wiki/Dorian,Städte
Dorndal,Dorndal,https://hexer.fandom.com/wiki/Dorndal,Festungen
Drac,Drac,https://hexer.fandom.com/wiki/Drac,Schiffe
Drachenberge,Drachenberge,https://hexer.fandom.com/wiki/Drachenberge,Gebirge
Drachenhauer,Drachenhauer,https://hexer.fandom.com/wiki/Drachenhauer,Geografie
Drachenmulde,Drachenmulde,https://hexer.fandom.com/wiki/Drachenmulde,The Witcher 3 Orte
Drachental,Drachental,https://hexer.fandom.com/wiki/Drachental,Geografie
Drachentötergrotte,Drachentötergrotte,https://hexer.fandom.com/wiki/Drachentötergrotte,The Witcher 3 Orte
Drakenborg,Drakenborg,https://hexer.fandom.com/wiki/Drakenborg,Festungen
Drei Glöckchen,Drei_Glöckchen,https://hexer.fandom.com/wiki/Drei_Glöckchen,Kultur
Dreiberg,Dreiberg,https://hexer.fandom.com/wiki/Dreiberg,Romane Orte
Dreibergtor,Dreibergtor,https://hexer.fandom.com/wiki/Dreibergtor,The Witcher 3 Orte
Drieschot,Drieschot,https://hexer.fandom.com/wiki/Drieschot,Romane Orte
Druidenhain,Druidenhain,https://hexer.fandom.com/wiki/Druidenhain,The Witcher Orte
Druidenhöhle im Sumpf,Druidenhöhle_im_Sumpf,https://hexer.fandom.com/wiki/Druidenhöhle_im_Sumpf,The Witcher Orte
Druidenkreis,Druidenkreis,https://hexer.fandom.com/wiki/Druidenkreis,Orte
Druidenlager,Druidenlager,https://hexer.fandom.com/wiki/Druidenlager,The Witcher 3 Orte
Druigh,Druigh,https://hexer.fandom.com/wiki/Druigh,Städte
Dryaden-Dialekt,Dryaden-Dialekt,https://hexer.fandom.com/wiki/Dryaden-Dialekt,Kultur
Duchaton-Gipfel,Duchaton-Gipfel,https://hexer.fandom.com/wiki/Duchaton-Gipfel,The Witcher 3 Orte
Dudno,Dudno,https://hexer.fandom.com/wiki/Dudno,Städte
Dulcinea-Windmühle,Dulcinea-Windmühle,https://hexer.fandom.com/wiki/Dulcinea-Windmühle,The Witcher 3 Orte
Dulevant-Tor,Dulevant-Tor,https://hexer.fandom.com/wiki/Dulevant-Tor,The Witcher 3 Orte
Dun Dâre,Dun_Dâre,https://hexer.fandom.com/wiki/Dun_Dâre,Städte
Dun Tynne,Dun_Tynne,https://hexer.fandom.com/wiki/Dun_Tynne,The Witcher 3 Orte
Dunkelwald,Dunkelwald,https://hexer.fandom.com/wiki/Dunkelwald,The Witcher 3 Orte
Dupont & Söhne,Dupont_&_Söhne,https://hexer.fandom.com/wiki/Dupont_&_Söhne,The Witcher 3 Orte
Dupp,Dupp,https://hexer.fandom.com/wiki/Dupp,Flüsse
Duén Canell,Duén_Canell,https://hexer.fandom.com/wiki/Duén_Canell,Geografie
Duén Hen,Duén_Hen,https://hexer.fandom.com/wiki/Duén_Hen,The Witcher 3 Orte
Dyfne,Dyfne,https://hexer.fandom.com/wiki/Dyfne,Flüsse
Dyn Marv,Dyn_Marv,https://hexer.fandom.com/wiki/Dyn_Marv,Orte
Ebbing,Ebbing,https://hexer.fandom.com/wiki/Ebbing,Provinzen
Echo,Echo,https://hexer.fandom.com/wiki/Echo,Schiffe
Efeustaaten,Efeustaaten,https://hexer.fandom.com/wiki/Efeustaaten,Provinzen
Ehrendorf,Ehrendorf,https://hexer.fandom.com/wiki/Ehrendorf,The Witcher 3 Orte
Eibenbucht,Eibenbucht,https://hexer.fandom.com/wiki/Eibenbucht,Romane Orte
Eibstock,Eibstock,https://hexer.fandom.com/wiki/Eibstock,Romane Orte
Eichingen,Eichingen,https://hexer.fandom.com/wiki/Eichingen,Romane Orte
Eiddon,Eiddon,https://hexer.fandom.com/wiki/Eiddon,Geografie
Eifers,Eifers,https://hexer.fandom.com/wiki/Eifers,Städte
Eingestürzte Brücke Trübwasser,Eingestürzte_Brücke_Trübwasser,https://hexer.fandom.com/wiki/Eingestürzte_Brücke_Trübwasser,The Witcher Orte
Eingestürzte Türme,Eingestürzte_Türme,https://hexer.fandom.com/wiki/Eingestürzte_Türme,The Witcher Orte
Einhürne,Einhürne,https://hexer.fandom.com/wiki/Einhürne,Städte
Einsame Hütte,Einsame_Hütte,https://hexer.fandom.com/wiki/Einsame_Hütte,The Witcher 3 Orte
Einsame Hütte (Velen),Einsame_Hütte_(Velen),https://hexer.fandom.com/wiki/Einsame_Hütte_(Velen),The Witcher 3 Orte
Einsiedelei,Einsiedelei,https://hexer.fandom.com/wiki/Einsiedelei,The Witcher 2 Handlungsorte
Eisenmine,Eisenmine,https://hexer.fandom.com/wiki/Eisenmine,The Witcher 3 Orte
Eisige Höhen,Eisige_Höhen,https://hexer.fandom.com/wiki/Eisige_Höhen,The Witcher Orte
Elendsviertel (Epilog),Elendsviertel_(Epilog),https://hexer.fandom.com/wiki/Elendsviertel_(Epilog),The Witcher Orte
Elfenhöhle am Seeufer,Elfenhöhle_am_Seeufer,https://hexer.fandom.com/wiki/Elfenhöhle_am_Seeufer,The Witcher Orte
Elfenruinen,Elfenruinen,https://hexer.fandom.com/wiki/Elfenruinen,The Witcher Orte
Elfenruinen beim Sturmsee,Elfenruinen_beim_Sturmsee,https://hexer.fandom.com/wiki/Elfenruinen_beim_Sturmsee,The Witcher 3 Orte
Elfenruinen nordwestlich von Kleinweg,Elfenruinen_nordwestlich_von_Kleinweg,https://hexer.fandom.com/wiki/Elfenruinen_nordwestlich_von_Kleinweg,The Witcher 3 Orte
Elfenruinen nordöstlich von Kleinweg,Elfenruinen_nordöstlich_von_Kleinweg,https://hexer.fandom.com/wiki/Elfenruinen_nordöstlich_von_Kleinweg,The Witcher 3 Orte
Elfenruinen südöstlich von Kleinweg,Elfenruinen_südöstlich_von_Kleinweg,https://hexer.fandom.com/wiki/Elfenruinen_südöstlich_von_Kleinweg,The Witcher 3 Orte
Elfischer Kalender,Elfischer_Kalender,https://hexer.fandom.com/wiki/Elfischer_Kalender,Kultur
Ellander,Ellander,https://hexer.fandom.com/wiki/Ellander,Geografie
Ellander (Stadt),Ellander_(Stadt),https://hexer.fandom.com/wiki/Ellander_(Stadt),Romane Orte
Ellylon,Ellylon,https://hexer.fandom.com/wiki/Ellylon,Kultur
Elskerdeg-Pass,Elskerdeg-Pass,https://hexer.fandom.com/wiki/Elskerdeg-Pass,Romane Orte
Elthons Haus,Elthons_Haus,https://hexer.fandom.com/wiki/Elthons_Haus,The Witcher 2 Handlungsorte
Embla,Embla,https://hexer.fandom.com/wiki/Embla,Gewässer
Emblonien,Emblonien,https://hexer.fandom.com/wiki/Emblonien,Königreiche
Encyclopaedia Maxima Mundi,Encyclopaedia_Maxima_Mundi,https://hexer.fandom.com/wiki/Encyclopaedia_Maxima_Mundi,Kultur
Entführer-Versteck,Entführer-Versteck,https://hexer.fandom.com/wiki/Entführer-Versteck,The Witcher Orte
Epona-Platz,Epona-Platz,https://hexer.fandom.com/wiki/Epona-Platz,The Witcher 3 Orte
Erde,Erde,https://hexer.fandom.com/wiki/Erde,The Witcher 3 Orte
Erem,Erem,https://hexer.fandom.com/wiki/Erem,Romane Orte
Erfahrungspunkte sammeln,Erfahrungspunkte_sammeln,https://hexer.fandom.com/wiki/Erfahrungspunkte_sammeln,The Witcher Orte
Erlenwald,Erlenwald,https://hexer.fandom.com/wiki/Erlenwald,Geografie
Erster Krieg um die Niedermark,Erster_Krieg_um_die_Niedermark,https://hexer.fandom.com/wiki/Erster_Krieg_um_die_Niedermark,The Witcher 2 Handlungsorte
Erzdorf,Erzdorf,https://hexer.fandom.com/wiki/Erzdorf,The Witcher 3 Orte
Est Haemlet,Est_Haemlet,https://hexer.fandom.com/wiki/Est_Haemlet,Städte
Est Tayiar,Est_Tayiar,https://hexer.fandom.com/wiki/Est_Tayiar,The Witcher 3 Orte
Etolia,Etolia,https://hexer.fandom.com/wiki/Etolia,Romane Orte
Eulenaugengrotte,Eulenaugengrotte,https://hexer.fandom.com/wiki/Eulenaugengrotte,The Witcher 3 Orte
Eulenhöhen,Eulenhöhen,https://hexer.fandom.com/wiki/Eulenhöhen,Geografie
Evall Muire,Evall_Muire,https://hexer.fandom.com/wiki/Evall_Muire,Schiffe
Everdens Villa,Everdens_Villa,https://hexer.fandom.com/wiki/Everdens_Villa,Nebenwirkungen Orte
Eysenlaan,Eysenlaan,https://hexer.fandom.com/wiki/Eysenlaan,Städte
Fabricio,Fabricio,https://hexer.fandom.com/wiki/Fabricio,Weingüter
Fakultät für Angewandte Archäologie,Fakultät_für_Angewandte_Archäologie,https://hexer.fandom.com/wiki/Fakultät_für_Angewandte_Archäologie,The Witcher 3 Orte
Fakultät für Zeitgenössische Geschichte,Fakultät_für_Zeitgenössische_Geschichte,https://hexer.fandom.com/wiki/Fakultät_für_Zeitgenössische_Geschichte,The Witcher 3 Orte
Falkengebirge,Falkengebirge,https://hexer.fandom.com/wiki/Falkengebirge,Gebirge
Familienkrypta der von Everecs,Familienkrypta_der_von_Everecs,https://hexer.fandom.com/wiki/Familienkrypta_der_von_Everecs,The Witcher 3 Orte
Fano,Fano,https://hexer.fandom.com/wiki/Fano,Städte
Faroe,Faroe,https://hexer.fandom.com/wiki/Faroe,The Witcher 3 Orte
Fasanerie,Fasanerie,https://hexer.fandom.com/wiki/Fasanerie,Romane Orte
Fassbindertor,Fassbindertor,https://hexer.fandom.com/wiki/Fassbindertor,The Witcher 3 Orte
Fayrlund,Fayrlund,https://hexer.fandom.com/wiki/Fayrlund,The Witcher 3 Orte
Felder von Trübwasser,Felder_von_Trübwasser,https://hexer.fandom.com/wiki/Felder_von_Trübwasser,The Witcher Orte
Felsen der Ertrunkenen,Felsen_der_Ertrunkenen,https://hexer.fandom.com/wiki/Felsen_der_Ertrunkenen,The Witcher 3 Orte
Fen Aspra,Fen_Aspra,https://hexer.fandom.com/wiki/Fen_Aspra,Festungen
Fen Carn,Fen_Carn,https://hexer.fandom.com/wiki/Fen_Carn,Romane Orte
Fenris,Fenris,https://hexer.fandom.com/wiki/Fenris,Schiffe
Ferneck,Ferneck,https://hexer.fandom.com/wiki/Ferneck,The Witcher 3 Orte
Festung Kaer Trolde,Festung_Kaer_Trolde,https://hexer.fandom.com/wiki/Festung_Kaer_Trolde,The Witcher 3 Orte
Festung von Lugos dem Irren,Festung_von_Lugos_dem_Irren,https://hexer.fandom.com/wiki/Festung_von_Lugos_dem_Irren,The Witcher 3 Orte
Feuerberge,Feuerberge,https://hexer.fandom.com/wiki/Feuerberge,Romane Orte
Feuerklippen,Feuerklippen,https://hexer.fandom.com/wiki/Feuerklippen,The Witcher 3 Orte
Feuersbrunsthafen,Feuersbrunsthafen,https://hexer.fandom.com/wiki/Feuersbrunsthafen,The Witcher 3 Orte
Feuerstelle,Feuerstelle,https://hexer.fandom.com/wiki/Feuerstelle,The Witcher Orte
Filament-Fluss,Filament-Fluss,https://hexer.fandom.com/wiki/Filament-Fluss,The Witcher 3 Orte
Findetann,Findetann,https://hexer.fandom.com/wiki/Findetann,Romane Orte
Finstersenke,Finstersenke,https://hexer.fandom.com/wiki/Finstersenke,The Witcher 3 Orte
Fischersiedlung im Umland,Fischersiedlung_im_Umland,https://hexer.fandom.com/wiki/Fischersiedlung_im_Umland,The Witcher Orte
Fischmarkt,Fischmarkt,https://hexer.fandom.com/wiki/Fischmarkt,The Witcher 3 Orte
Fleischerei,Fleischerei,https://hexer.fandom.com/wiki/Fleischerei,The Witcher 3 Orte
Fliegender Hirsch,Fliegender_Hirsch,https://hexer.fandom.com/wiki/Fliegender_Hirsch,The Witcher 3 Orte
Flotsam,Flotsam,https://hexer.fandom.com/wiki/Flotsam,The Witcher 2 Orte
Flotsam Bordell,Flotsam_Bordell,https://hexer.fandom.com/wiki/Flotsam_Bordell,The Witcher 2 Handlungsorte
Flotsam Taverne,Flotsam_Taverne,https://hexer.fandom.com/wiki/Flotsam_Taverne,The Witcher 2 Handlungsorte
Flovive,Flovive,https://hexer.fandom.com/wiki/Flovive,The Witcher 3 Orte
Flussland,Flussland,https://hexer.fandom.com/wiki/Flussland,Romane Orte
Flussprovinz,Flussprovinz,https://hexer.fandom.com/wiki/Flussprovinz,Provinzen
Flussufer Trübwasser,Flussufer_Trübwasser,https://hexer.fandom.com/wiki/Flussufer_Trübwasser,The Witcher Orte
Flüchtlingslager (Sumpf),Flüchtlingslager_(Sumpf),https://hexer.fandom.com/wiki/Flüchtlingslager_(Sumpf),The Witcher Orte
Flüchtlingslager (Velen),Flüchtlingslager_(Velen),https://hexer.fandom.com/wiki/Flüchtlingslager_(Velen),The Witcher 3 Orte
Flüsse im Überblick,Flüsse_im_Überblick,https://hexer.fandom.com/wiki/Flüsse_im_Überblick,Flüsse
Flüstern,Flüstern,https://hexer.fandom.com/wiki/Flüstern,Flüsse
Foltests Burg,Foltests_Burg,https://hexer.fandom.com/wiki/Foltests_Burg,Comics Orte
Foltests Heerlager,Foltests_Heerlager,https://hexer.fandom.com/wiki/Foltests_Heerlager,The Witcher 2 Handlungsorte
Forgeham,Forgeham,https://hexer.fandom.com/wiki/Forgeham,Romane Orte
Fornhala,Fornhala,https://hexer.fandom.com/wiki/Fornhala,The Witcher 3 Orte
Fort Etnir,Fort_Etnir,https://hexer.fandom.com/wiki/Fort_Etnir,The Witcher 3 Orte
Fort Grymmdjarr,Fort_Grymmdjarr,https://hexer.fandom.com/wiki/Fort_Grymmdjarr,The Witcher 3 Orte
Fort Weißer Adler,Fort_Weißer_Adler,https://hexer.fandom.com/wiki/Fort_Weißer_Adler,The Witcher 3 Orte
Francollarts,Francollarts,https://hexer.fandom.com/wiki/Francollarts,The Witcher 3 Orte
Freinte-Docks,Freinte-Docks,https://hexer.fandom.com/wiki/Freinte-Docks,The Witcher 3 Orte
Freistatt,Freistatt,https://hexer.fandom.com/wiki/Freistatt,Romane Orte
Fremde Länder,Fremde_Länder,https://hexer.fandom.com/wiki/Fremde_Länder,Geografie
Fremdenführer durch Wyzima,Fremdenführer_durch_Wyzima,https://hexer.fandom.com/wiki/Fremdenführer_durch_Wyzima,Geografie
Freyas Garten,Freyas_Garten,https://hexer.fandom.com/wiki/Freyas_Garten,The Witcher 3 Orte
Friedhof,Friedhof,https://hexer.fandom.com/wiki/Friedhof,Architektur
Friedhof (Flotsam),Friedhof_(Flotsam),https://hexer.fandom.com/wiki/Friedhof_(Flotsam),The Witcher 2 Handlungsorte
Friedhof der Könige,Friedhof_der_Könige,https://hexer.fandom.com/wiki/Friedhof_der_Könige,Kultur
Friedhof im Sumpf,Friedhof_im_Sumpf,https://hexer.fandom.com/wiki/Friedhof_im_Sumpf,The Witcher Orte
Friedhof von Lofoten,Friedhof_von_Lofoten,https://hexer.fandom.com/wiki/Friedhof_von_Lofoten,The Witcher 3 Orte
Friedhof von Schwarzzweig,Friedhof_von_Schwarzzweig,https://hexer.fandom.com/wiki/Friedhof_von_Schwarzzweig,The Witcher 3 Orte
Friedhof von Weißgarten,Friedhof_von_Weißgarten,https://hexer.fandom.com/wiki/Friedhof_von_Weißgarten,The Witcher 3 Orte
Friedhof von Wyzima,Friedhof_von_Wyzima,https://hexer.fandom.com/wiki/Friedhof_von_Wyzima,The Witcher Orte
Friedhofstore,Friedhofstore,https://hexer.fandom.com/wiki/Friedhofstore,The Witcher Orte
Frischlow,Frischlow,https://hexer.fandom.com/wiki/Frischlow,The Witcher 3 Orte
Fuchsie,Fuchsie,https://hexer.fandom.com/wiki/Fuchsie,Schiffe
Fuchstal,Fuchstal,https://hexer.fandom.com/wiki/Fuchstal,Romane Orte
Fuchswald,Fuchswald,https://hexer.fandom.com/wiki/Fuchswald,The Witcher 3 Orte
Furt,Furt,https://hexer.fandom.com/wiki/Furt,The Witcher 3 Orte
Futterplatz der Harpyien,Futterplatz_der_Harpyien,https://hexer.fandom.com/wiki/Futterplatz_der_Harpyien,The Witcher 3 Orte
Fyresdal,Fyresdal,https://hexer.fandom.com/wiki/Fyresdal,The Witcher 3 Orte
Fähranleger der Liebenden,Fähranleger_der_Liebenden,https://hexer.fandom.com/wiki/Fähranleger_der_Liebenden,The Witcher 3 Orte
Fährhaus,Fährhaus,https://hexer.fandom.com/wiki/Fährhaus,The Witcher 3 Orte
Galerie des Ruhmes,Galerie_des_Ruhmes,https://hexer.fandom.com/wiki/Galerie_des_Ruhmes,Kultur
Galgengasse,Galgengasse,https://hexer.fandom.com/wiki/Galgengasse,The Witcher 3 Orte
Galgenhügel,Galgenhügel,https://hexer.fandom.com/wiki/Galgenhügel,The Witcher 3 Orte
Garin-Anwesen,Garin-Anwesen,https://hexer.fandom.com/wiki/Garin-Anwesen,The Witcher 3 Orte
Garramone,Garramone,https://hexer.fandom.com/wiki/Garramone,Geografie
Garstang,Garstang,https://hexer.fandom.com/wiki/Garstang,Kultur
Gasthaus,Gasthaus,https://hexer.fandom.com/wiki/Gasthaus,The Witcher Orte
Gasthof Thunfisch,Gasthof_Thunfisch,https://hexer.fandom.com/wiki/Gasthof_Thunfisch,Kultur
Gasthäuser und Kneipen,Gasthäuser_und_Kneipen,https://hexer.fandom.com/wiki/Gasthäuser_und_Kneipen,The Witcher Orte
Gedyneith,Gedyneith,https://hexer.fandom.com/wiki/Gedyneith,The Witcher 3 Orte
Gefängnis von Toussaint,Gefängnis_von_Toussaint,https://hexer.fandom.com/wiki/Gefängnis_von_Toussaint,The Witcher 3 Orte
Geheime Spielhöhle,Geheime_Spielhöhle,https://hexer.fandom.com/wiki/Geheime_Spielhöhle,Nebenwirkungen Orte
Geheimnis und Flüstern,Geheimnis_und_Flüstern,https://hexer.fandom.com/wiki/Geheimnis_und_Flüstern,Romane Orte
Gelibol,Gelibol,https://hexer.fandom.com/wiki/Gelibol,Städte
Gemeinsprache,Gemeinsprache,https://hexer.fandom.com/wiki/Gemeinsprache,Kultur
Gemmerien,Gemmerien,https://hexer.fandom.com/wiki/Gemmerien,Geografie
Geschichte Temeriens,Geschichte_Temeriens,https://hexer.fandom.com/wiki/Geschichte_Temeriens,The Witcher Orte
Geschichte der Neuzeit,Geschichte_der_Neuzeit,https://hexer.fandom.com/wiki/Geschichte_der_Neuzeit,Geografie
Geschichte der Welt,Geschichte_der_Welt,https://hexer.fandom.com/wiki/Geschichte_der_Welt,Geografie
Geso,Geso,https://hexer.fandom.com/wiki/Geso,Geografie
Gewichte,Gewichte,https://hexer.fandom.com/wiki/Gewichte,Kultur
Giancardi-Bank,Giancardi-Bank,https://hexer.fandom.com/wiki/Giancardi-Bank,Romane Orte
Gildorf,Gildorf,https://hexer.fandom.com/wiki/Gildorf,The Witcher 3 Orte
Glasberg,Glasberg,https://hexer.fandom.com/wiki/Glasberg,Romane Orte
Glashaus,Glashaus,https://hexer.fandom.com/wiki/Glashaus,Comics Orte
Glevitzingen,Glevitzingen,https://hexer.fandom.com/wiki/Glevitzingen,Festungen
Glorienstraße,Glorienstraße,https://hexer.fandom.com/wiki/Glorienstraße,The Witcher 3 Orte
Glyswen,Glyswen,https://hexer.fandom.com/wiki/Glyswen,Romane Orte
Gnomensprache,Gnomensprache,https://hexer.fandom.com/wiki/Gnomensprache,Kultur
Gockel und Bulle,Gockel_und_Bulle,https://hexer.fandom.com/wiki/Gockel_und_Bulle,Kultur
Gold,Gold,https://hexer.fandom.com/wiki/Gold,Kultur
Goldener Hof,Goldener_Hof,https://hexer.fandom.com/wiki/Goldener_Hof,Romane Orte
Goldener Weiher,Goldener_Weiher,https://hexer.fandom.com/wiki/Goldener_Weiher,Seen
Golem-Totenacker,Golem-Totenacker,https://hexer.fandom.com/wiki/Golem-Totenacker,The Witcher Orte
Gorgo (Berg),Gorgo_(Berg),https://hexer.fandom.com/wiki/Gorgo_(Berg),Gebirge
Gorgo-Ausläufer,Gorgo-Ausläufer,https://hexer.fandom.com/wiki/Gorgo-Ausläufer,The Witcher 3 Orte
Gors Velen,Gors_Velen,https://hexer.fandom.com/wiki/Gors_Velen,Städte
Gors Velen Fischmarkt,Gors_Velen_Fischmarkt,https://hexer.fandom.com/wiki/Gors_Velen_Fischmarkt,Kultur
Grab / Gruft,Grab_/_Gruft,https://hexer.fandom.com/wiki/Grab_/_Gruft,The Witcher Orte
Grab der alten Mine,Grab_der_alten_Mine,https://hexer.fandom.com/wiki/Grab_der_alten_Mine,The Witcher Orte
Grashügel,Grashügel,https://hexer.fandom.com/wiki/Grashügel,The Witcher 3 Orte
Graue Grotte,Graue_Grotte,https://hexer.fandom.com/wiki/Graue_Grotte,The Witcher 3 Orte
Graufels,Graufels,https://hexer.fandom.com/wiki/Graufels,The Witcher 3 Orte
Greifenschule,Greifenschule,https://hexer.fandom.com/wiki/Greifenschule,Hexerschulen
Grenzen,Grenzen,https://hexer.fandom.com/wiki/Grenzen,Geografie
Grenzposten,Grenzposten,https://hexer.fandom.com/wiki/Grenzposten,The Witcher 3 Orte
Grotte (Ard Skellig),Grotte_(Ard_Skellig),https://hexer.fandom.com/wiki/Grotte_(Ard_Skellig),The Witcher 3 Orte
Grotte (Velen),Grotte_(Velen),https://hexer.fandom.com/wiki/Grotte_(Velen),The Witcher 3 Orte
Großes Meer,Großes_Meer,https://hexer.fandom.com/wiki/Großes_Meer,Gewässer
Gruft,Gruft,https://hexer.fandom.com/wiki/Gruft,The Witcher Orte
Gruft am Seeufer,Gruft_am_Seeufer,https://hexer.fandom.com/wiki/Gruft_am_Seeufer,The Witcher Orte
Gruft der Striege,Gruft_der_Striege,https://hexer.fandom.com/wiki/Gruft_der_Striege,The Witcher Orte
Gruft in den Feldern,Gruft_in_den_Feldern,https://hexer.fandom.com/wiki/Gruft_in_den_Feldern,The Witcher Orte
Gruft in den Kloaken,Gruft_in_den_Kloaken,https://hexer.fandom.com/wiki/Gruft_in_den_Kloaken,The Witcher Orte
Gruft in den Sümpfen,Gruft_in_den_Sümpfen,https://hexer.fandom.com/wiki/Gruft_in_den_Sümpfen,The Witcher Orte
Gruft von Wyzima,Gruft_von_Wyzima,https://hexer.fandom.com/wiki/Gruft_von_Wyzima,The Witcher Orte
Grymmdjarr-Denkmal,Grymmdjarr-Denkmal,https://hexer.fandom.com/wiki/Grymmdjarr-Denkmal,The Witcher 3 Orte
Guaamez,Guaamez,https://hexer.fandom.com/wiki/Guaamez,Romane Orte
Guado,Guado,https://hexer.fandom.com/wiki/Guado,Städte
Guildenstern-Brücke,Guildenstern-Brücke,https://hexer.fandom.com/wiki/Guildenstern-Brücke,Architektur
Guleta,Guleta,https://hexer.fandom.com/wiki/Guleta,Städte
Gunns Schmiedewerkstatt,Gunns_Schmiedewerkstatt,https://hexer.fandom.com/wiki/Gunns_Schmiedewerkstatt,Nebenwirkungen Orte
Gwendeith,Gwendeith,https://hexer.fandom.com/wiki/Gwendeith,Festungen
Gwenllech,Gwenllech,https://hexer.fandom.com/wiki/Gwenllech,Flüsse
Gyscht,Gyscht,https://hexer.fandom.com/wiki/Gyscht,Städte
Gélenser-Hof,Gélenser-Hof,https://hexer.fandom.com/wiki/Gélenser-Hof,The Witcher 3 Orte
Haakland,Haakland,https://hexer.fandom.com/wiki/Haakland,Königreiche
Habichtberg,Habichtberg,https://hexer.fandom.com/wiki/Habichtberg,Gebirge
Hafen,Hafen,https://hexer.fandom.com/wiki/Hafen,The Witcher 3 Orte
Hafen von Beauclair,Hafen_von_Beauclair,https://hexer.fandom.com/wiki/Hafen_von_Beauclair,The Witcher 3 Orte
Hafen von Holmstein,Hafen_von_Holmstein,https://hexer.fandom.com/wiki/Hafen_von_Holmstein,The Witcher 3 Orte
Hafen von Kaer Trolde,Hafen_von_Kaer_Trolde,https://hexer.fandom.com/wiki/Hafen_von_Kaer_Trolde,The Witcher 3 Orte
Hafen von Oxenfurt,Hafen_von_Oxenfurt,https://hexer.fandom.com/wiki/Hafen_von_Oxenfurt,The Witcher 3 Orte
Hafen von Urialla,Hafen_von_Urialla,https://hexer.fandom.com/wiki/Hafen_von_Urialla,The Witcher 3 Orte
Hafentor,Hafentor,https://hexer.fandom.com/wiki/Hafentor,The Witcher 3 Orte
Hafenviertel,Hafenviertel,https://hexer.fandom.com/wiki/Hafenviertel,The Witcher 3 Orte
Hafren,Hafren,https://hexer.fandom.com/wiki/Hafren,Flüsse
Hagge,Hagge,https://hexer.fandom.com/wiki/Hagge,Festungen
Hamm,Hamm,https://hexer.fandom.com/wiki/Hamm,Städte
Handelsposten,Handelsposten,https://hexer.fandom.com/wiki/Handelsposten,The Witcher 3 Orte
Handlungsorte nach Kapiteln,Handlungsorte_nach_Kapiteln,https://hexer.fandom.com/wiki/Handlungsorte_nach_Kapiteln,The Witcher Orte
Hannu,Hannu,https://hexer.fandom.com/wiki/Hannu,Geografie
Hanse-Basis,Hanse-Basis,https://hexer.fandom.com/wiki/Hanse-Basis,Blood and Wine Orte
Harviken,Harviken,https://hexer.fandom.com/wiki/Harviken,The Witcher 3 Orte
Haus Philippa Eilharts,Haus_Philippa_Eilharts,https://hexer.fandom.com/wiki/Haus_Philippa_Eilharts,The Witcher 2 Handlungsorte
Haus an der Klippe,Haus_an_der_Klippe,https://hexer.fandom.com/wiki/Haus_an_der_Klippe,The Witcher 2 Handlungsorte
Haus der Erholung,Haus_der_Erholung,https://hexer.fandom.com/wiki/Haus_der_Erholung,The Witcher 3 Orte
Haus der Königin der Nacht,Haus_der_Königin_der_Nacht,https://hexer.fandom.com/wiki/Haus_der_Königin_der_Nacht,The Witcher Orte
Haus des Detektivs,Haus_des_Detektivs,https://hexer.fandom.com/wiki/Haus_des_Detektivs,The Witcher Orte
Haus des Dorfprobstes,Haus_des_Dorfprobstes,https://hexer.fandom.com/wiki/Haus_des_Dorfprobstes,The Witcher Orte
Haus des Geistlichen,Haus_des_Geistlichen,https://hexer.fandom.com/wiki/Haus_des_Geistlichen,The Witcher Orte
Haus des Kaufmanns,Haus_des_Kaufmanns,https://hexer.fandom.com/wiki/Haus_des_Kaufmanns,Nebenwirkungen Orte
Haus des Visionärs,Haus_des_Visionärs,https://hexer.fandom.com/wiki/Haus_des_Visionärs,The Witcher 2 Handlungsorte
Haus von Abigail,Haus_von_Abigail,https://hexer.fandom.com/wiki/Haus_von_Abigail,The Witcher Orte
Haus von Adam,Haus_von_Adam,https://hexer.fandom.com/wiki/Haus_von_Adam,The Witcher Orte
Haus von Alina,Haus_von_Alina,https://hexer.fandom.com/wiki/Haus_von_Alina,The Witcher Orte
Haus von Bocksfleisch,Haus_von_Bocksfleisch,https://hexer.fandom.com/wiki/Haus_von_Bocksfleisch,The Witcher Orte
Haus von Celina,Haus_von_Celina,https://hexer.fandom.com/wiki/Haus_von_Celina,The Witcher Orte
Haus von Haren Brogg,Haus_von_Haren_Brogg,https://hexer.fandom.com/wiki/Haus_von_Haren_Brogg,The Witcher Orte
Haus von Kalkstein,Haus_von_Kalkstein,https://hexer.fandom.com/wiki/Haus_von_Kalkstein,The Witcher Orte
Haus von Moritz Stein,Haus_von_Moritz_Stein,https://hexer.fandom.com/wiki/Haus_von_Moritz_Stein,The Witcher Orte
Haus von Odo,Haus_von_Odo,https://hexer.fandom.com/wiki/Haus_von_Odo,The Witcher Orte
Haus von Thaler,Haus_von_Thaler,https://hexer.fandom.com/wiki/Haus_von_Thaler,The Witcher Orte
Haus von Triss,Haus_von_Triss,https://hexer.fandom.com/wiki/Haus_von_Triss,The Witcher Orte
Haus von Vesna,Haus_von_Vesna,https://hexer.fandom.com/wiki/Haus_von_Vesna,The Witcher Orte
Haus von Vivaldi,Haus_von_Vivaldi,https://hexer.fandom.com/wiki/Haus_von_Vivaldi,The Witcher Orte
Hauteville,Hauteville,https://hexer.fandom.com/wiki/Hauteville,The Witcher 3 Orte
Havfru (Drachenboot),Havfru_(Drachenboot),https://hexer.fandom.com/wiki/Havfru_(Drachenboot),Schiffe
Heddel,Heddel,https://hexer.fandom.com/wiki/Heddel,The Witcher 3 Orte
Heerlager der Kaedwener,Heerlager_der_Kaedwener,https://hexer.fandom.com/wiki/Heerlager_der_Kaedwener,The Witcher 2 Handlungsorte
Heerlager der Nilfgaarder,Heerlager_der_Nilfgaarder,https://hexer.fandom.com/wiki/Heerlager_der_Nilfgaarder,The Witcher 2 Handlungsorte
Heidfelde,Heidfelde,https://hexer.fandom.com/wiki/Heidfelde,The Witcher 3 Orte
Heilige Woche,Heilige_Woche,https://hexer.fandom.com/wiki/Heilige_Woche,Kultur
Hemdall,Hemdall,https://hexer.fandom.com/wiki/Hemdall,Kultur
Hen Cerbin,Hen_Cerbin,https://hexer.fandom.com/wiki/Hen_Cerbin,Romane Orte
Hen Gàidh,Hen_Gàidh,https://hexer.fandom.com/wiki/Hen_Gàidh,The Witcher 3 Orte
Hengfors,Hengfors,https://hexer.fandom.com/wiki/Hengfors,Geografie
Hengfors-Bündnis,Hengfors-Bündnis,https://hexer.fandom.com/wiki/Hengfors-Bündnis,Königreiche
Henris-Gras-Platz,Henris-Gras-Platz,https://hexer.fandom.com/wiki/Henris-Gras-Platz,The Witcher 3 Orte
Heraldik,Heraldik,https://hexer.fandom.com/wiki/Heraldik,Kultur
Heraldik Organisationen und Adel,Heraldik_Organisationen_und_Adel,https://hexer.fandom.com/wiki/Heraldik_Organisationen_und_Adel,Kultur
Herberge Zur Roten Rute,Herberge_Zur_Roten_Rute,https://hexer.fandom.com/wiki/Herberge_Zur_Roten_Rute,The Witcher 3 Orte
Herzoglicher Kämmerer (Gebäude),Herzoglicher_Kämmerer_(Gebäude),https://hexer.fandom.com/wiki/Herzoglicher_Kämmerer_(Gebäude),The Witcher 3 Orte
Herzogskrypta,Herzogskrypta,https://hexer.fandom.com/wiki/Herzogskrypta,The Witcher 3 Orte
Hexengatter,Hexengatter,https://hexer.fandom.com/wiki/Hexengatter,Kultur
Hexer Hütte,Hexer_Hütte,https://hexer.fandom.com/wiki/Hexer_Hütte,The Witcher Orte
Hexer-Laboratorium,Hexer-Laboratorium,https://hexer.fandom.com/wiki/Hexer-Laboratorium,The Witcher Orte
Himbeerbeet,Himbeerbeet,https://hexer.fandom.com/wiki/Himbeerbeet,The Witcher Orte
Hindar,Hindar,https://hexer.fandom.com/wiki/Hindar,Kultur
Hindarsfjall,Hindarsfjall,https://hexer.fandom.com/wiki/Hindarsfjall,Romane Orte
Hindwacht,Hindwacht,https://hexer.fandom.com/wiki/Hindwacht,The Witcher 3 Orte
Hirundum,Hirundum,https://hexer.fandom.com/wiki/Hirundum,Romane Orte
Holmstein,Holmstein,https://hexer.fandom.com/wiki/Holmstein,The Witcher 3 Orte
Holzfällerhütte,Holzfällerhütte,https://hexer.fandom.com/wiki/Holzfällerhütte,The Witcher 3 Orte
Holzfällerlager,Holzfällerlager,https://hexer.fandom.com/wiki/Holzfällerlager,The Witcher Orte
Hornfeld,Hornfeld,https://hexer.fandom.com/wiki/Hornfeld,Romane Orte
Hortense-Anwesen,Hortense-Anwesen,https://hexer.fandom.com/wiki/Hortense-Anwesen,The Witcher 3 Orte
Hortense-Weingut,Hortense-Weingut,https://hexer.fandom.com/wiki/Hortense-Weingut,The Witcher 3 Orte
Houtborg,Houtborg,https://hexer.fandom.com/wiki/Houtborg,Festungen
Hov,Hov,https://hexer.fandom.com/wiki/Hov,The Witcher 3 Orte
Hurensohn Juniors Anwesen,Hurensohn_Juniors_Anwesen,https://hexer.fandom.com/wiki/Hurensohn_Juniors_Anwesen,The Witcher 3 Orte
Hurensohn Juniors Gerberei,Hurensohn_Juniors_Gerberei,https://hexer.fandom.com/wiki/Hurensohn_Juniors_Gerberei,The Witcher 3 Orte
Hurensohn Juniors Kasino,Hurensohn_Juniors_Kasino,https://hexer.fandom.com/wiki/Hurensohn_Juniors_Kasino,The Witcher 3 Orte
Hurensohn Juniors Versteck,Hurensohn_Juniors_Versteck,https://hexer.fandom.com/wiki/Hurensohn_Juniors_Versteck,The Witcher 3 Orte
Häherwald,Häherwald,https://hexer.fandom.com/wiki/Häherwald,Romane Orte
Händler in Kapitel 1,Händler_in_Kapitel_1,https://hexer.fandom.com/wiki/Händler_in_Kapitel_1,The Witcher Orte
Händler in Kapitel 2,Händler_in_Kapitel_2,https://hexer.fandom.com/wiki/Händler_in_Kapitel_2,The Witcher Orte
Händler in Kapitel 3,Händler_in_Kapitel_3,https://hexer.fandom.com/wiki/Händler_in_Kapitel_3,The Witcher Orte
Händler in Kapitel 4,Händler_in_Kapitel_4,https://hexer.fandom.com/wiki/Händler_in_Kapitel_4,The Witcher Orte
Händler in Kapitel 5,Händler_in_Kapitel_5,https://hexer.fandom.com/wiki/Händler_in_Kapitel_5,The Witcher Orte
Händlerbezirk,Händlerbezirk,https://hexer.fandom.com/wiki/Händlerbezirk,The Witcher Orte
Händlerweg,Händlerweg,https://hexer.fandom.com/wiki/Händlerweg,Geografie
Höhle,Höhle,https://hexer.fandom.com/wiki/Höhle,The Witcher Orte
Höhle (Sturmfelder),Höhle_(Sturmfelder),https://hexer.fandom.com/wiki/Höhle_(Sturmfelder),The Witcher 3 Orte
Höhle außerhalb von Loc Muinne,Höhle_außerhalb_von_Loc_Muinne,https://hexer.fandom.com/wiki/Höhle_außerhalb_von_Loc_Muinne,The Witcher 2 Orte
Höhle im Umland,Höhle_im_Umland,https://hexer.fandom.com/wiki/Höhle_im_Umland,The Witcher Orte
Höhle im Wald,Höhle_im_Wald,https://hexer.fandom.com/wiki/Höhle_im_Wald,The Witcher 2 Orte
Höhle unter dem Heerlager der Kaedwener,Höhle_unter_dem_Heerlager_der_Kaedwener,https://hexer.fandom.com/wiki/Höhle_unter_dem_Heerlager_der_Kaedwener,The Witcher 2 Handlungsorte
"Höhle, in der sich Majoran einst aufhielt","Höhle,_in_der_sich_Majoran_einst_aufhielt","https://hexer.fandom.com/wiki/Höhle,_in_der_sich_Majoran_einst_aufhielt",The Witcher 3 Orte
Hügel von Dun Tynne,Hügel_von_Dun_Tynne,https://hexer.fandom.com/wiki/Hügel_von_Dun_Tynne,The Witcher 3 Orte
Hütte am See,Hütte_am_See,https://hexer.fandom.com/wiki/Hütte_am_See,The Witcher 3 Orte
Hütte der Heilerin von Trübwasser,Hütte_der_Heilerin_von_Trübwasser,https://hexer.fandom.com/wiki/Hütte_der_Heilerin_von_Trübwasser,The Witcher Orte
Hütte der Kräuterfrau,Hütte_der_Kräuterfrau,https://hexer.fandom.com/wiki/Hütte_der_Kräuterfrau,The Witcher 3 Orte
Hütte der Kräuterfrau (Gorgo-Ausläufer),Hütte_der_Kräuterfrau_(Gorgo-Ausläufer),https://hexer.fandom.com/wiki/Hütte_der_Kräuterfrau_(Gorgo-Ausläufer),The Witcher 3 Orte
Hütte des Bootsbauers,Hütte_des_Bootsbauers,https://hexer.fandom.com/wiki/Hütte_des_Bootsbauers,The Witcher 3 Orte
Hütte des Einsiedlers,Hütte_des_Einsiedlers,https://hexer.fandom.com/wiki/Hütte_des_Einsiedlers,The Witcher Orte
Hütte des Fischers,Hütte_des_Fischers,https://hexer.fandom.com/wiki/Hütte_des_Fischers,The Witcher 3 Orte
Hütte des Kräuterkundlers,Hütte_des_Kräuterkundlers,https://hexer.fandom.com/wiki/Hütte_des_Kräuterkundlers,The Witcher 3 Orte
Hütte des Waidelers,Hütte_des_Waidelers,https://hexer.fandom.com/wiki/Hütte_des_Waidelers,The Witcher 3 Orte
Hütte vom König der Fischer,Hütte_vom_König_der_Fischer,https://hexer.fandom.com/wiki/Hütte_vom_König_der_Fischer,The Witcher Orte
Hütte von Großväterchen,Hütte_von_Großväterchen,https://hexer.fandom.com/wiki/Hütte_von_Großväterchen,The Witcher Orte
Im Lebar,Im_Lebar,https://hexer.fandom.com/wiki/Im_Lebar,Flüsse
Imkerei Honigwab,Imkerei_Honigwab,https://hexer.fandom.com/wiki/Imkerei_Honigwab,The Witcher 3 Orte
Ina,Ina,https://hexer.fandom.com/wiki/Ina,Flüsse
Ingdalen,Ingdalen,https://hexer.fandom.com/wiki/Ingdalen,The Witcher 3 Orte
Inis Dubh,Inis_Dubh,https://hexer.fandom.com/wiki/Inis_Dubh,Inseln
Inis Porhoet,Inis_Porhoet,https://hexer.fandom.com/wiki/Inis_Porhoet,Inseln
Inis Vitre,Inis_Vitre,https://hexer.fandom.com/wiki/Inis_Vitre,Inseln
Insel im Friedhofssumpf,Insel_im_Friedhofssumpf,https://hexer.fandom.com/wiki/Insel_im_Friedhofssumpf,The Witcher Orte
Iorweths Versteck,Iorweths_Versteck,https://hexer.fandom.com/wiki/Iorweths_Versteck,The Witcher 2 Handlungsorte
Irions Turm,Irions_Turm,https://hexer.fandom.com/wiki/Irions_Turm,Festungen
Irminsul,Irminsul,https://hexer.fandom.com/wiki/Irminsul,The Witcher 3 Orte
Isle of Trials,Isle_of_Trials,https://hexer.fandom.com/wiki/Isle_of_Trials,The Witcher 3 Orte
Ismena,Ismena,https://hexer.fandom.com/wiki/Ismena,Flüsse
Ithlinne,Ithlinne,https://hexer.fandom.com/wiki/Ithlinne,Kultur
Ivalo,Ivalo,https://hexer.fandom.com/wiki/Ivalo,Städte
Jarl von Skellige,Jarl_von_Skellige,https://hexer.fandom.com/wiki/Jarl_von_Skellige,Kultur
Jarmulak,Jarmulak,https://hexer.fandom.com/wiki/Jarmulak,Geografie
Jaruga,Jaruga,https://hexer.fandom.com/wiki/Jaruga,Flüsse
Jeuness dorée,Jeuness_dorée,https://hexer.fandom.com/wiki/Jeuness_dorée,Kultur
Johan-Natalis-Platz,Johan-Natalis-Platz,https://hexer.fandom.com/wiki/Johan-Natalis-Platz,The Witcher Orte
Jägerhütte,Jägerhütte,https://hexer.fandom.com/wiki/Jägerhütte,The Witcher 3 Orte
Kaedwen,Kaedwen,https://hexer.fandom.com/wiki/Kaedwen,Königreiche
Kaer Almhult,Kaer_Almhult,https://hexer.fandom.com/wiki/Kaer_Almhult,The Witcher 3 Orte
Kaer Dhu,Kaer_Dhu,https://hexer.fandom.com/wiki/Kaer_Dhu,The Witcher 3 Orte
Kaer Gelen,Kaer_Gelen,https://hexer.fandom.com/wiki/Kaer_Gelen,The Witcher 3 Orte
Kaer Hemdall,Kaer_Hemdall,https://hexer.fandom.com/wiki/Kaer_Hemdall,Gebirge
Kaer Morhen,Kaer_Morhen,https://hexer.fandom.com/wiki/Kaer_Morhen,Romane Orte
Kaer Morhen Burghof,Kaer_Morhen_Burghof,https://hexer.fandom.com/wiki/Kaer_Morhen_Burghof,The Witcher Orte
Kaer Morhen Gesellschaftssaal,Kaer_Morhen_Gesellschaftssaal,https://hexer.fandom.com/wiki/Kaer_Morhen_Gesellschaftssaal,The Witcher Orte
Kaer Morhen Küche,Kaer_Morhen_Küche,https://hexer.fandom.com/wiki/Kaer_Morhen_Küche,The Witcher Orte
Kaer Morhen Speisesaal,Kaer_Morhen_Speisesaal,https://hexer.fandom.com/wiki/Kaer_Morhen_Speisesaal,The Witcher Orte
Kaer Morhen Westsaal,Kaer_Morhen_Westsaal,https://hexer.fandom.com/wiki/Kaer_Morhen_Westsaal,The Witcher Orte
Kaer Muire,Kaer_Muire,https://hexer.fandom.com/wiki/Kaer_Muire,The Witcher 3 Orte
Kaer Nyssen,Kaer_Nyssen,https://hexer.fandom.com/wiki/Kaer_Nyssen,The Witcher 3 Orte
Kaer Seren,Kaer_Seren,https://hexer.fandom.com/wiki/Kaer_Seren,Festungen
Kaer Trolde,Kaer_Trolde,https://hexer.fandom.com/wiki/Kaer_Trolde,Romane Orte
Kagen,Kagen,https://hexer.fandom.com/wiki/Kagen,Städte
Kahlhorn,Kahlhorn,https://hexer.fandom.com/wiki/Kahlhorn,Festungen
Kaiserliche Akademie,Kaiserliche_Akademie,https://hexer.fandom.com/wiki/Kaiserliche_Akademie,Schulen
Kalksteins Labor,Kalksteins_Labor,https://hexer.fandom.com/wiki/Kalksteins_Labor,The Witcher Orte
Kambi,Kambi,https://hexer.fandom.com/wiki/Kambi,Gebirge
Kameny,Kameny,https://hexer.fandom.com/wiki/Kameny,Geografie
Kapelle des Ewigen Feuers,Kapelle_des_Ewigen_Feuers,https://hexer.fandom.com/wiki/Kapelle_des_Ewigen_Feuers,The Witcher 3 Orte
Kapitel 1 (Karten),Kapitel_1_(Karten),https://hexer.fandom.com/wiki/Kapitel_1_(Karten),The Witcher Orte
Kapitel 2 (Karten),Kapitel_2_(Karten),https://hexer.fandom.com/wiki/Kapitel_2_(Karten),The Witcher Orte
Kapitel 3 (Karten),Kapitel_3_(Karten),https://hexer.fandom.com/wiki/Kapitel_3_(Karten),The Witcher Orte
Kapitel 4 (Karten),Kapitel_4_(Karten),https://hexer.fandom.com/wiki/Kapitel_4_(Karten),The Witcher Orte
Kapitel 5 (Karten),Kapitel_5_(Karten),https://hexer.fandom.com/wiki/Kapitel_5_(Karten),The Witcher Orte
Kardostraße,Kardostraße,https://hexer.fandom.com/wiki/Kardostraße,Kultur
Kastanienufer,Kastanienufer,https://hexer.fandom.com/wiki/Kastanienufer,The Witcher 3 Orte
Kastell der Drei Väter,Kastell_der_Drei_Väter,https://hexer.fandom.com/wiki/Kastell_der_Drei_Väter,The Witcher 2 Handlungsorte
Katakomben im alten Herrenhaus,Katakomben_im_alten_Herrenhaus,https://hexer.fandom.com/wiki/Katakomben_im_alten_Herrenhaus,The Witcher Orte
Katzenschule,Katzenschule,https://hexer.fandom.com/wiki/Katzenschule,Hexerschulen
Kaufmannsstraße,Kaufmannsstraße,https://hexer.fandom.com/wiki/Kaufmannsstraße,The Witcher Orte
Kaufmannstor,Kaufmannstor,https://hexer.fandom.com/wiki/Kaufmannstor,The Witcher Orte
Keiras Hütte,Keiras_Hütte,https://hexer.fandom.com/wiki/Keiras_Hütte,The Witcher 3 Orte
Kellerei Viper & Juwelen,Kellerei_Viper_&_Juwelen,https://hexer.fandom.com/wiki/Kellerei_Viper_&_Juwelen,The Witcher 3 Orte
Kerack,Kerack,https://hexer.fandom.com/wiki/Kerack,Königreiche
Kerack (Stadt),Kerack_(Stadt),https://hexer.fandom.com/wiki/Kerack_(Stadt),Romane Orte
Kerker,Kerker,https://hexer.fandom.com/wiki/Kerker,The Witcher Orte
Kerker der Burg La Valette,Kerker_der_Burg_La_Valette,https://hexer.fandom.com/wiki/Kerker_der_Burg_La_Valette,The Witcher 2 Handlungsorte
Kernow,Kernow,https://hexer.fandom.com/wiki/Kernow,Städte
Kestersover,Kestersover,https://hexer.fandom.com/wiki/Kestersover,The Witcher 3 Orte
Kicherbrücke,Kicherbrücke,https://hexer.fandom.com/wiki/Kicherbrücke,The Witcher 3 Orte
Kiefernau,Kiefernau,https://hexer.fandom.com/wiki/Kiefernau,Romane Orte
Kilkerinn-Ruine,Kilkerinn-Ruine,https://hexer.fandom.com/wiki/Kilkerinn-Ruine,The Witcher 3 Orte
Kimbolt-Straße,Kimbolt-Straße,https://hexer.fandom.com/wiki/Kimbolt-Straße,The Witcher 3 Orte
Kirche (Umland von Wyzima),Kirche_(Umland_von_Wyzima),https://hexer.fandom.com/wiki/Kirche_(Umland_von_Wyzima),The Witcher Orte
Klagebrücke,Klagebrücke,https://hexer.fandom.com/wiki/Klagebrücke,The Witcher 3 Orte
Klamat-Pass,Klamat-Pass,https://hexer.fandom.com/wiki/Klamat-Pass,Gebirgspass
Klein Mahakam (Epilog),Klein_Mahakam_(Epilog),https://hexer.fandom.com/wiki/Klein_Mahakam_(Epilog),The Witcher Orte
Klein Weidenhag,Klein_Weidenhag,https://hexer.fandom.com/wiki/Klein_Weidenhag,Städte
Kleine Babette,Kleine_Babette,https://hexer.fandom.com/wiki/Kleine_Babette,Orte
Kleinweg,Kleinweg,https://hexer.fandom.com/wiki/Kleinweg,The Witcher 3 Orte
Kloaken,Kloaken,https://hexer.fandom.com/wiki/Kloaken,The Witcher Orte
Klotzrode,Klotzrode,https://hexer.fandom.com/wiki/Klotzrode,Romane Orte
Knöterichau,Knöterichau,https://hexer.fandom.com/wiki/Knöterichau,Städte
Kommandoposten des Ordens (Alt-Wyzima),Kommandoposten_des_Ordens_(Alt-Wyzima),https://hexer.fandom.com/wiki/Kommandoposten_des_Ordens_(Alt-Wyzima),The Witcher Orte
Kondylus,Kondylus,https://hexer.fandom.com/wiki/Kondylus,The Witcher 3 Orte
Kontinent,Kontinent,https://hexer.fandom.com/wiki/Kontinent,Geografie
Korath,Korath,https://hexer.fandom.com/wiki/Korath,The Witcher 3 Orte
Kovir und Poviss,Kovir_und_Poviss,https://hexer.fandom.com/wiki/Kovir_und_Poviss,Königreiche
Krabbe und Hornhecht,Krabbe_und_Hornhecht,https://hexer.fandom.com/wiki/Krabbe_und_Hornhecht,Gasthäuser und Kneipen
Kranichinsel,Kranichinsel,https://hexer.fandom.com/wiki/Kranichinsel,The Witcher 3 Orte
Kranichskap,Kranichskap,https://hexer.fandom.com/wiki/Kranichskap,The Witcher 3 Orte
Kranichwerder,Kranichwerder,https://hexer.fandom.com/wiki/Kranichwerder,Inseln
Krankenhaus (Alt-Wyzima),Krankenhaus_(Alt-Wyzima),https://hexer.fandom.com/wiki/Krankenhaus_(Alt-Wyzima),The Witcher Orte
Kreis der Elemente,Kreis_der_Elemente,https://hexer.fandom.com/wiki/Kreis_der_Elemente,The Witcher Orte
Krematorium,Krematorium,https://hexer.fandom.com/wiki/Krematorium,The Witcher 3 Orte
Kreuzung bei Dun Tynne,Kreuzung_bei_Dun_Tynne,https://hexer.fandom.com/wiki/Kreuzung_bei_Dun_Tynne,The Witcher 3 Orte
Kriegerhalle,Kriegerhalle,https://hexer.fandom.com/wiki/Kriegerhalle,The Witcher 3 Orte
Kriegsbeute,Kriegsbeute,https://hexer.fandom.com/wiki/Kriegsbeute,The Witcher 3 Orte
Krähenfels,Krähenfels,https://hexer.fandom.com/wiki/Krähenfels,The Witcher 3 Orte
Kräuter aller Art,Kräuter_aller_Art,https://hexer.fandom.com/wiki/Kräuter_aller_Art,The Witcher 3 Orte
Krüppelkati,Krüppelkati,https://hexer.fandom.com/wiki/Krüppelkati,The Witcher 3 Orte
Kulte und Religionen der Nordlinge,Kulte_und_Religionen_der_Nordlinge,https://hexer.fandom.com/wiki/Kulte_und_Religionen_der_Nordlinge,Kultur
Kulturelle Einrichtungen,Kulturelle_Einrichtungen,https://hexer.fandom.com/wiki/Kulturelle_Einrichtungen,Kultur
Kupferberg,Kupferberg,https://hexer.fandom.com/wiki/Kupferberg,Romane Orte
Kurfürstenplatz,Kurfürstenplatz,https://hexer.fandom.com/wiki/Kurfürstenplatz,The Witcher 3 Orte
Kurgans (Grabhügel),Kurgans_(Grabhügel),https://hexer.fandom.com/wiki/Kurgans_(Grabhügel),The Witcher Orte
Kümmerrode,Kümmerrode,https://hexer.fandom.com/wiki/Kümmerrode,Romane Orte
Lac Célavy,Lac_Célavy,https://hexer.fandom.com/wiki/Lac_Célavy,The Witcher 3 Orte
Laden von Percival Schuttenbach,Laden_von_Percival_Schuttenbach,https://hexer.fandom.com/wiki/Laden_von_Percival_Schuttenbach,The Witcher 3 Orte
Lager,Lager,https://hexer.fandom.com/wiki/Lager,The Witcher 3 Orte
Lager (Ort),Lager_(Ort),https://hexer.fandom.com/wiki/Lager_(Ort),The Witcher Orte
Lager bei Kaer Morhen,Lager_bei_Kaer_Morhen,https://hexer.fandom.com/wiki/Lager_bei_Kaer_Morhen,The Witcher Orte
Lager der Bergleute,Lager_der_Bergleute,https://hexer.fandom.com/wiki/Lager_der_Bergleute,The Witcher 3 Orte
Lager der Nilfgaarder (Loc Muinne),Lager_der_Nilfgaarder_(Loc_Muinne),https://hexer.fandom.com/wiki/Lager_der_Nilfgaarder_(Loc_Muinne),The Witcher 2 Handlungsorte
Lager der Trossknechte,Lager_der_Trossknechte,https://hexer.fandom.com/wiki/Lager_der_Trossknechte,The Witcher 2 Handlungsorte
Lager der Zentralarmee von Nilfgaard,Lager_der_Zentralarmee_von_Nilfgaard,https://hexer.fandom.com/wiki/Lager_der_Zentralarmee_von_Nilfgaard,The Witcher 3 Orte
Lager der Zirkustruppe,Lager_der_Zirkustruppe,https://hexer.fandom.com/wiki/Lager_der_Zirkustruppe,The Witcher 3 Orte
Lager des königlichen Jägersmanns,Lager_des_königlichen_Jägersmanns,https://hexer.fandom.com/wiki/Lager_des_königlichen_Jägersmanns,The Witcher Orte
Lagerhaus (Elendsviertel),Lagerhaus_(Elendsviertel),https://hexer.fandom.com/wiki/Lagerhaus_(Elendsviertel),The Witcher Orte
Lagerhaus (Vivaldi Bank),Lagerhaus_(Vivaldi_Bank),https://hexer.fandom.com/wiki/Lagerhaus_(Vivaldi_Bank),The Witcher Orte
Lagerkantine,Lagerkantine,https://hexer.fandom.com/wiki/Lagerkantine,The Witcher 2 Handlungsorte
Lagerraum des Schmieds,Lagerraum_des_Schmieds,https://hexer.fandom.com/wiki/Lagerraum_des_Schmieds,Nebenwirkungen Orte
Lan Exeter,Lan_Exeter,https://hexer.fandom.com/wiki/Lan_Exeter,Romane Orte
Land der Tausend Märchen,Land_der_Tausend_Märchen,https://hexer.fandom.com/wiki/Land_der_Tausend_Märchen,The Witcher 3 Orte
Landgasthaus Trübwasser,Landgasthaus_Trübwasser,https://hexer.fandom.com/wiki/Landgasthaus_Trübwasser,The Witcher Orte
Landkarten,Landkarten,https://hexer.fandom.com/wiki/Landkarten,The Witcher Orte
Lanzenspitze,Lanzenspitze,https://hexer.fandom.com/wiki/Lanzenspitze,Kultur
Larvik,Larvik,https://hexer.fandom.com/wiki/Larvik,The Witcher 3 Orte
Lassommoir,Lassommoir,https://hexer.fandom.com/wiki/Lassommoir,The Witcher 3 Orte
Lazare Lafargues Werkstatt,Lazare_Lafargues_Werkstatt,https://hexer.fandom.com/wiki/Lazare_Lafargues_Werkstatt,The Witcher 3 Orte
Le Gran'place,Le_Gran'place,https://hexer.fandom.com/wiki/Le_Gran'place,The Witcher 3 Orte
Lehrstuhl der neusten Geschichte,Lehrstuhl_der_neusten_Geschichte,https://hexer.fandom.com/wiki/Lehrstuhl_der_neusten_Geschichte,Kultur
Lehrstuhl für Alchemie,Lehrstuhl_für_Alchemie,https://hexer.fandom.com/wiki/Lehrstuhl_für_Alchemie,Kultur
Lehrstuhl für Medizin und Arzneikunde,Lehrstuhl_für_Medizin_und_Arzneikunde,https://hexer.fandom.com/wiki/Lehrstuhl_für_Medizin_und_Arzneikunde,Kultur
Lehrstuhl für Minnesang und Poesie,Lehrstuhl_für_Minnesang_und_Poesie,https://hexer.fandom.com/wiki/Lehrstuhl_für_Minnesang_und_Poesie,Kultur
Lehrstuhl für Naturgeschichte,Lehrstuhl_für_Naturgeschichte,https://hexer.fandom.com/wiki/Lehrstuhl_für_Naturgeschichte,Kultur
Lehrstuhl für Philosophie,Lehrstuhl_für_Philosophie,https://hexer.fandom.com/wiki/Lehrstuhl_für_Philosophie,Kultur
Lehrstuhl für Technik,Lehrstuhl_für_Technik,https://hexer.fandom.com/wiki/Lehrstuhl_für_Technik,Kultur
Leichenhalle von Oxenfurt,Leichenhalle_von_Oxenfurt,https://hexer.fandom.com/wiki/Leichenhalle_von_Oxenfurt,The Witcher 3 Orte
Leichtes Langschiff (Gwint-Karte),Leichtes_Langschiff_(Gwint-Karte),https://hexer.fandom.com/wiki/Leichtes_Langschiff_(Gwint-Karte),Schiffe
Lete,Lete,https://hexer.fandom.com/wiki/Lete,Flüsse
Leuchtturm,Leuchtturm,https://hexer.fandom.com/wiki/Leuchtturm,The Witcher 3 Orte
Leuchtturm Elverum,Leuchtturm_Elverum,https://hexer.fandom.com/wiki/Leuchtturm_Elverum,The Witcher 3 Orte
Leuchtturm von Eldberg,Leuchtturm_von_Eldberg,https://hexer.fandom.com/wiki/Leuchtturm_von_Eldberg,The Witcher 3 Orte
Lexikon der Alten Sprache,Lexikon_der_Alten_Sprache,https://hexer.fandom.com/wiki/Lexikon_der_Alten_Sprache,Kultur
Leyda,Leyda,https://hexer.fandom.com/wiki/Leyda,Festungen
Lichtung von Olevald,Lichtung_von_Olevald,https://hexer.fandom.com/wiki/Lichtung_von_Olevald,The Witcher 3 Orte
Liddertal,Liddertal,https://hexer.fandom.com/wiki/Liddertal,Geografie
Liebesbucht,Liebesbucht,https://hexer.fandom.com/wiki/Liebesbucht,The Witcher 3 Orte
Lindental,Lindental,https://hexer.fandom.com/wiki/Lindental,The Witcher 3 Orte
Lixel,Lixel,https://hexer.fandom.com/wiki/Lixel,Flüsse
Loc Blest,Loc_Blest,https://hexer.fandom.com/wiki/Loc_Blest,Seen
Loc Eskalott,Loc_Eskalott,https://hexer.fandom.com/wiki/Loc_Eskalott,Romane Orte
Loc Grim,Loc_Grim,https://hexer.fandom.com/wiki/Loc_Grim,Festungen
Loc Monduirn,Loc_Monduirn,https://hexer.fandom.com/wiki/Loc_Monduirn,Seen
Loc Muinne,Loc_Muinne,https://hexer.fandom.com/wiki/Loc_Muinne,Städte
Loc Muinne (Stadt),Loc_Muinne_(Stadt),https://hexer.fandom.com/wiki/Loc_Muinne_(Stadt),The Witcher 2 Orte
Loc Muinne See,Loc_Muinne_See,https://hexer.fandom.com/wiki/Loc_Muinne_See,Seen
Lofoten,Lofoten,https://hexer.fandom.com/wiki/Lofoten,The Witcher 3 Orte
Lolivier-Platz,Lolivier-Platz,https://hexer.fandom.com/wiki/Lolivier-Platz,The Witcher 3 Orte
Loredo,Loredo,https://hexer.fandom.com/wiki/Loredo,Städte
Loredo (Ort),Loredo_(Ort),https://hexer.fandom.com/wiki/Loredo_(Ort),Städte
Loredos Residenz,Loredos_Residenz,https://hexer.fandom.com/wiki/Loredos_Residenz,The Witcher 2 Handlungsorte
Lorelei,Lorelei,https://hexer.fandom.com/wiki/Lorelei,Romane Orte
Lornruk,Lornruk,https://hexer.fandom.com/wiki/Lornruk,The Witcher 3 Orte
Loxia,Loxia,https://hexer.fandom.com/wiki/Loxia,Kultur
Luchsfelsen,Luchsfelsen,https://hexer.fandom.com/wiki/Luchsfelsen,The Witcher 3 Orte
Lucians Windmühle,Lucians_Windmühle,https://hexer.fandom.com/wiki/Lucians_Windmühle,The Witcher 3 Orte
Lurtch,Lurtch,https://hexer.fandom.com/wiki/Lurtch,The Witcher 3 Orte
Lurthen,Lurthen,https://hexer.fandom.com/wiki/Lurthen,The Witcher 3 Orte
Lustige Brüder,Lustige_Brüder,https://hexer.fandom.com/wiki/Lustige_Brüder,Kultur
Lutoner Straße,Lutoner_Straße,https://hexer.fandom.com/wiki/Lutoner_Straße,Geografie
Lyra (Stadt),Lyra_(Stadt),https://hexer.fandom.com/wiki/Lyra_(Stadt),Städte
Lyrien,Lyrien,https://hexer.fandom.com/wiki/Lyrien,Königreiche
Machtkreis,Machtkreis,https://hexer.fandom.com/wiki/Machtkreis,The Witcher 2 Orte
Maecht,Maecht,https://hexer.fandom.com/wiki/Maecht,Geografie
Maecht (Stadt),Maecht_(Stadt),https://hexer.fandom.com/wiki/Maecht_(Stadt),Städte
Mag Deira,Mag_Deira,https://hexer.fandom.com/wiki/Mag_Deira,Geografie
Mag Turga,Mag_Turga,https://hexer.fandom.com/wiki/Mag_Turga,Geografie
Magierkrypta,Magierkrypta,https://hexer.fandom.com/wiki/Magierkrypta,The Witcher 2 Orte
Magierturm,Magierturm,https://hexer.fandom.com/wiki/Magierturm,The Witcher Orte
Mahakam,Mahakam,https://hexer.fandom.com/wiki/Mahakam,Regionen
Mahakam Berge,Mahakam_Berge,https://hexer.fandom.com/wiki/Mahakam_Berge,Gebirge
Mahakamsches Tor,Mahakamsches_Tor,https://hexer.fandom.com/wiki/Mahakamsches_Tor,The Witcher 2 Handlungsorte
Majoranstor,Majoranstor,https://hexer.fandom.com/wiki/Majoranstor,The Witcher 3 Orte
Malheur,Malheur,https://hexer.fandom.com/wiki/Malheur,Romane Orte
Malhoun,Malhoun,https://hexer.fandom.com/wiki/Malhoun,Städte
Malleore,Malleore,https://hexer.fandom.com/wiki/Malleore,Geografie
Malleore (Stadt),Malleore_(Stadt),https://hexer.fandom.com/wiki/Malleore_(Stadt),Städte
Malus-Insel,Malus-Insel,https://hexer.fandom.com/wiki/Malus-Insel,Inseln
Mantikor-Schule,Mantikor-Schule,https://hexer.fandom.com/wiki/Mantikor-Schule,Hexerschulen
Manufaktur,Manufaktur,https://hexer.fandom.com/wiki/Manufaktur,The Witcher Orte
Marabellas Schule für die Kleinen,Marabellas_Schule_für_die_Kleinen,https://hexer.fandom.com/wiki/Marabellas_Schule_für_die_Kleinen,The Witcher 3 Orte
Marcescent-Wald,Marcescent-Wald,https://hexer.fandom.com/wiki/Marcescent-Wald,The Witcher 3 Orte
Marco Knopf,Marco_Knopf,https://hexer.fandom.com/wiki/Marco_Knopf,Geografie
Maribor,Maribor,https://hexer.fandom.com/wiki/Maribor,Städte
Maribor (Herzogtum),Maribor_(Herzogtum),https://hexer.fandom.com/wiki/Maribor_(Herzogtum),Fürstentum
Maribortor,Maribortor,https://hexer.fandom.com/wiki/Maribortor,The Witcher Orte
Marktplatz im Händlerbezirk,Marktplatz_im_Händlerbezirk,https://hexer.fandom.com/wiki/Marktplatz_im_Händlerbezirk,The Witcher Orte
Marnadal (Fluss),Marnadal_(Fluss),https://hexer.fandom.com/wiki/Marnadal_(Fluss),Flüsse
Marnadal (Tal),Marnadal_(Tal),https://hexer.fandom.com/wiki/Marnadal_(Tal),Tal
Martin Feuilles Hof,Martin_Feuilles_Hof,https://hexer.fandom.com/wiki/Martin_Feuilles_Hof,The Witcher 3 Orte
Martindelcampo,Martindelcampo,https://hexer.fandom.com/wiki/Martindelcampo,Romane Orte
Mauerdurchbruch (Alt-Wyzima),Mauerdurchbruch_(Alt-Wyzima),https://hexer.fandom.com/wiki/Mauerdurchbruch_(Alt-Wyzima),The Witcher Orte
Maulbeertal,Maulbeertal,https://hexer.fandom.com/wiki/Maulbeertal,The Witcher 3 Orte
Mayena,Mayena,https://hexer.fandom.com/wiki/Mayena,Festungen
Maße,Maße,https://hexer.fandom.com/wiki/Maße,Kultur
Medizinische Wissenschaft,Medizinische_Wissenschaft,https://hexer.fandom.com/wiki/Medizinische_Wissenschaft,Kultur
Meister Topicals Hütte,Meister_Topicals_Hütte,https://hexer.fandom.com/wiki/Meister_Topicals_Hütte,The Witcher 3 Orte
Meliteles Tempel,Meliteles_Tempel,https://hexer.fandom.com/wiki/Meliteles_Tempel,Nebenwirkungen Orte
Metallurgentor,Metallurgentor,https://hexer.fandom.com/wiki/Metallurgentor,The Witcher 2 Handlungsorte
Metinna,Metinna,https://hexer.fandom.com/wiki/Metinna,Geografie
Metinna (Stadt),Metinna_(Stadt),https://hexer.fandom.com/wiki/Metinna_(Stadt),Städte
Metinnator,Metinnator,https://hexer.fandom.com/wiki/Metinnator,The Witcher 3 Orte
Metzgerturm,Metzgerturm,https://hexer.fandom.com/wiki/Metzgerturm,The Witcher Orte
Mil Trachta,Mil_Trachta,https://hexer.fandom.com/wiki/Mil_Trachta,Regionen
Milkas Spukhaus,Milkas_Spukhaus,https://hexer.fandom.com/wiki/Milkas_Spukhaus,Nebenwirkungen Orte
Mirt,Mirt,https://hexer.fandom.com/wiki/Mirt,Festungen
Mittelhain,Mittelhain,https://hexer.fandom.com/wiki/Mittelhain,The Witcher 3 Orte
Modron,Modron,https://hexer.fandom.com/wiki/Modron,Kultur
Moldavie-Anwesen,Moldavie-Anwesen,https://hexer.fandom.com/wiki/Moldavie-Anwesen,The Witcher 3 Orte
Monolith,Monolith,https://hexer.fandom.com/wiki/Monolith,The Witcher Orte
Monsterbefall auf Weingütern,Monsterbefall_auf_Weingütern,https://hexer.fandom.com/wiki/Monsterbefall_auf_Weingütern,Blood and Wine Orte
Monsterlager,Monsterlager,https://hexer.fandom.com/wiki/Monsterlager,The Witcher 3 Orte
Monsternest,Monsternest,https://hexer.fandom.com/wiki/Monsternest,The Witcher 3 Orte
Mont-Crane-Friedhof,Mont-Crane-Friedhof,https://hexer.fandom.com/wiki/Mont-Crane-Friedhof,The Witcher 3 Orte
Montecalvo,Montecalvo,https://hexer.fandom.com/wiki/Montecalvo,Festungen
Montsalvat,Montsalvat,https://hexer.fandom.com/wiki/Montsalvat,Festungen
Mortara,Mortara,https://hexer.fandom.com/wiki/Mortara,Städte
Mortblanc,Mortblanc,https://hexer.fandom.com/wiki/Mortblanc,Gebirgspass
Moën,Moën,https://hexer.fandom.com/wiki/Moën,Geografie
Muredach,Muredach,https://hexer.fandom.com/wiki/Muredach,Seen
Murivel,Murivel,https://hexer.fandom.com/wiki/Murivel,Städte
Mähwald,Mähwald,https://hexer.fandom.com/wiki/Mähwald,The Witcher 3 Orte
Mère-Lachaiselongue-Friedhof,Mère-Lachaiselongue-Friedhof,https://hexer.fandom.com/wiki/Mère-Lachaiselongue-Friedhof,The Witcher 3 Orte
Möwenfels,Möwenfels,https://hexer.fandom.com/wiki/Möwenfels,The Witcher 3 Orte
Möwenturm,Möwenturm,https://hexer.fandom.com/wiki/Möwenturm,Romane Orte
Mühle (Weißgarten),Mühle_(Weißgarten),https://hexer.fandom.com/wiki/Mühle_(Weißgarten),The Witcher 3 Orte
Mühle des Grafen de la Croix,Mühle_des_Grafen_de_la_Croix,https://hexer.fandom.com/wiki/Mühle_des_Grafen_de_la_Croix,The Witcher 3 Orte
Müllersee,Müllersee,https://hexer.fandom.com/wiki/Müllersee,The Witcher 3 Orte
Müllertor,Müllertor,https://hexer.fandom.com/wiki/Müllertor,The Witcher Orte
Naglfar,Naglfar,https://hexer.fandom.com/wiki/Naglfar,Schiffe
Napeys,Napeys,https://hexer.fandom.com/wiki/Napeys,Städte
Narok,Narok,https://hexer.fandom.com/wiki/Narok,Geografie
Nasse Ödnis,Nasse_Ödnis,https://hexer.fandom.com/wiki/Nasse_Ödnis,Gewässer
Nastrog,Nastrog,https://hexer.fandom.com/wiki/Nastrog,Festungen
Natura Rerum,Natura_Rerum,https://hexer.fandom.com/wiki/Natura_Rerum,Romane Orte
Navarette,Navarette,https://hexer.fandom.com/wiki/Navarette,Festungen
Nazair,Nazair,https://hexer.fandom.com/wiki/Nazair,Geografie
Nebelgruben,Nebelgruben,https://hexer.fandom.com/wiki/Nebelgruben,The Witcher 3 Orte
Nebelinsel,Nebelinsel,https://hexer.fandom.com/wiki/Nebelinsel,The Witcher 3 Orte
Nebenwirkungen (Handlungsorte),Nebenwirkungen_(Handlungsorte),https://hexer.fandom.com/wiki/Nebenwirkungen_(Handlungsorte),Nebenwirkungen Orte
Nekkerhöhle,Nekkerhöhle,https://hexer.fandom.com/wiki/Nekkerhöhle,The Witcher 2 Handlungsorte
Nessvelt,Nessvelt,https://hexer.fandom.com/wiki/Nessvelt,The Witcher 2 Orte
Neu-Narakort,Neu-Narakort,https://hexer.fandom.com/wiki/Neu-Narakort,The Witcher Orte
Neue Mühle,Neue_Mühle,https://hexer.fandom.com/wiki/Neue_Mühle,The Witcher 3 Orte
Neue Sprachen,Neue_Sprachen,https://hexer.fandom.com/wiki/Neue_Sprachen,Kultur
Neuhaven,Neuhaven,https://hexer.fandom.com/wiki/Neuhaven,The Witcher 3 Orte
Neunreuth,Neunreuth,https://hexer.fandom.com/wiki/Neunreuth,Städte
Neupech,Neupech,https://hexer.fandom.com/wiki/Neupech,Romane Orte
Neuschmiede,Neuschmiede,https://hexer.fandom.com/wiki/Neuschmiede,Städte
Neweugen,Neweugen,https://hexer.fandom.com/wiki/Neweugen,Romane Orte
Newi,Newi,https://hexer.fandom.com/wiki/Newi,Flüsse
Niedermark,Niedermark,https://hexer.fandom.com/wiki/Niedermark,The Witcher 2 Orte
Niederwirr,Niederwirr,https://hexer.fandom.com/wiki/Niederwirr,The Witcher 3 Orte
Nilfgaard,Nilfgaard,https://hexer.fandom.com/wiki/Nilfgaard,The Witcher Orte
Nilfgaard (Stadt),Nilfgaard_(Stadt),https://hexer.fandom.com/wiki/Nilfgaard_(Stadt),Städte
Nilfgaarder Dialekt,Nilfgaarder_Dialekt,https://hexer.fandom.com/wiki/Nilfgaarder_Dialekt,Kultur
Nilfgaardische Botschaft,Nilfgaardische_Botschaft,https://hexer.fandom.com/wiki/Nilfgaardische_Botschaft,The Witcher 3 Orte
Nilfgaardische Garnison,Nilfgaardische_Garnison,https://hexer.fandom.com/wiki/Nilfgaardische_Garnison,The Witcher 3 Orte
Nimnar,Nimnar,https://hexer.fandom.com/wiki/Nimnar,Flüsse
Nordfall,Nordfall,https://hexer.fandom.com/wiki/Nordfall,Regionen
Nordtor von Wyzima,Nordtor_von_Wyzima,https://hexer.fandom.com/wiki/Nordtor_von_Wyzima,The Witcher Orte
Novigrader Docks,Novigrader_Docks,https://hexer.fandom.com/wiki/Novigrader_Docks,The Witcher 3 Orte
Novigrader Tor,Novigrader_Tor,https://hexer.fandom.com/wiki/Novigrader_Tor,The Witcher 3 Orte
Nowigrad,Nowigrad,https://hexer.fandom.com/wiki/Nowigrad,Romane Orte
Nuragus,Nuragus,https://hexer.fandom.com/wiki/Nuragus,Weingüter
Nördliche Königreiche,Nördliche_Königreiche,https://hexer.fandom.com/wiki/Nördliche_Königreiche,The Witcher Orte
Nördliches Lager im Sumpf,Nördliches_Lager_im_Sumpf,https://hexer.fandom.com/wiki/Nördliches_Lager_im_Sumpf,The Witcher Orte
Nördliches Meer,Nördliches_Meer,https://hexer.fandom.com/wiki/Nördliches_Meer,Gewässer
Obelisk,Obelisk,https://hexer.fandom.com/wiki/Obelisk,The Witcher Orte
Oberer Ort,Oberer_Ort,https://hexer.fandom.com/wiki/Oberer_Ort,Städte
Olcans Haus,Olcans_Haus,https://hexer.fandom.com/wiki/Olcans_Haus,Architektur
Olenas Hain,Olenas_Hain,https://hexer.fandom.com/wiki/Olenas_Hain,The Witcher 3 Orte
Olivenhain,Olivenhain,https://hexer.fandom.com/wiki/Olivenhain,The Witcher 3 Orte
Omen,Omen,https://hexer.fandom.com/wiki/Omen,Kultur
Ophir,Ophir,https://hexer.fandom.com/wiki/Ophir,Regionen
Ordenskloster,Ordenskloster,https://hexer.fandom.com/wiki/Ordenskloster,The Witcher Orte
Orlémurs-Friedhof,Orlémurs-Friedhof,https://hexer.fandom.com/wiki/Orlémurs-Friedhof,The Witcher 3 Orte
Ort der Hinrichtung von Sabrina Glevissig,Ort_der_Hinrichtung_von_Sabrina_Glevissig,https://hexer.fandom.com/wiki/Ort_der_Hinrichtung_von_Sabrina_Glevissig,The Witcher 2 Handlungsorte
Ort der Macht,Ort_der_Macht,https://hexer.fandom.com/wiki/Ort_der_Macht,The Witcher Orte
Ortagor,Ortagor,https://hexer.fandom.com/wiki/Ortagor,Festungen
Ortsmitte im Umland,Ortsmitte_im_Umland,https://hexer.fandom.com/wiki/Ortsmitte_im_Umland,The Witcher Orte
Ostmarschen,Ostmarschen,https://hexer.fandom.com/wiki/Ostmarschen,Regionen
Oxenfurt,Oxenfurt,https://hexer.fandom.com/wiki/Oxenfurt,The Witcher 3 Orte
Oxenfurter Schachklub,Oxenfurter_Schachklub,https://hexer.fandom.com/wiki/Oxenfurter_Schachklub,The Witcher 3 Orte
Oxenfurter Tor,Oxenfurter_Tor,https://hexer.fandom.com/wiki/Oxenfurter_Tor,The Witcher 3 Orte
Palast des Erwachens,Palast_des_Erwachens,https://hexer.fandom.com/wiki/Palast_des_Erwachens,The Witcher 3 Orte
Palast von Beauclair,Palast_von_Beauclair,https://hexer.fandom.com/wiki/Palast_von_Beauclair,The Witcher 3 Orte
Palastgärten,Palastgärten,https://hexer.fandom.com/wiki/Palastgärten,The Witcher 3 Orte
Paligapp-Küste,Paligapp-Küste,https://hexer.fandom.com/wiki/Paligapp-Küste,The Witcher 3 Orte
Palisade,Palisade,https://hexer.fandom.com/wiki/Palisade,The Witcher 3 Orte
Palisadensiedlung im Umland,Palisadensiedlung_im_Umland,https://hexer.fandom.com/wiki/Palisadensiedlung_im_Umland,The Witcher Orte
Pandora Parvi,Pandora_Parvi,https://hexer.fandom.com/wiki/Pandora_Parvi,Schiffe
Paprika,Paprika,https://hexer.fandom.com/wiki/Paprika,Romane Orte
Parfümerie,Parfümerie,https://hexer.fandom.com/wiki/Parfümerie,The Witcher 3 Orte
Park der Denker,Park_der_Denker,https://hexer.fandom.com/wiki/Park_der_Denker,Kultur
Passiflora,Passiflora,https://hexer.fandom.com/wiki/Passiflora,The Witcher 3 Orte
Patrice-Lichtung,Patrice-Lichtung,https://hexer.fandom.com/wiki/Patrice-Lichtung,The Witcher 3 Orte
Pavone-Hang,Pavone-Hang,https://hexer.fandom.com/wiki/Pavone-Hang,The Witcher 3 Orte
Peixe De Mar,Peixe_De_Mar,https://hexer.fandom.com/wiki/Peixe_De_Mar,Gewässer
Pereplut,Pereplut,https://hexer.fandom.com/wiki/Pereplut,Geografie
Person(en) in Not,Person(en)_in_Not,https://hexer.fandom.com/wiki/Person(en)_in_Not,The Witcher 3 Orte
Petrelsteyn,Petrelsteyn,https://hexer.fandom.com/wiki/Petrelsteyn,Romane Orte
Pfad zu Yngvars Zahn,Pfad_zu_Yngvars_Zahn,https://hexer.fandom.com/wiki/Pfad_zu_Yngvars_Zahn,The Witcher 3 Orte
Philippa Eilharts Quartier,Philippa_Eilharts_Quartier,https://hexer.fandom.com/wiki/Philippa_Eilharts_Quartier,The Witcher 2 Handlungsorte
Piets Anleger,Piets_Anleger,https://hexer.fandom.com/wiki/Piets_Anleger,The Witcher 3 Orte
Pinastris Einsiedelei,Pinastris_Einsiedelei,https://hexer.fandom.com/wiki/Pinastris_Einsiedelei,The Witcher 3 Orte
Pittapatte-Flussübergang,Pittapatte-Flussübergang,https://hexer.fandom.com/wiki/Pittapatte-Flussübergang,The Witcher 3 Orte
Plackerei,Plackerei,https://hexer.fandom.com/wiki/Plackerei,The Witcher 3 Orte
Platz des Hierarchen,Platz_des_Hierarchen,https://hexer.fandom.com/wiki/Platz_des_Hierarchen,The Witcher 3 Orte
Plegmund-Brücke,Plegmund-Brücke,https://hexer.fandom.com/wiki/Plegmund-Brücke,The Witcher 3 Orte
Plünderbrücke,Plünderbrücke,https://hexer.fandom.com/wiki/Plünderbrücke,The Witcher 3 Orte
Pomerol,Pomerol,https://hexer.fandom.com/wiki/Pomerol,Festungen
Pont Vanis,Pont_Vanis,https://hexer.fandom.com/wiki/Pont_Vanis,Städte
Pontar,Pontar,https://hexer.fandom.com/wiki/Pontar,Geografie
Pontar (Fluss),Pontar_(Fluss),https://hexer.fandom.com/wiki/Pontar_(Fluss),Romane Orte
Pontar (Region),Pontar_(Region),https://hexer.fandom.com/wiki/Pontar_(Region),The Witcher 3 Orte
Pontardelta,Pontardelta,https://hexer.fandom.com/wiki/Pontardelta,Romane Orte
Pontarien,Pontarien,https://hexer.fandom.com/wiki/Pontarien,Provinzen
Pontartal,Pontartal,https://hexer.fandom.com/wiki/Pontartal,The Witcher 2 Orte
Posada,Posada,https://hexer.fandom.com/wiki/Posada,Dörfer
Posten der Herzogswache,Posten_der_Herzogswache,https://hexer.fandom.com/wiki/Posten_der_Herzogswache,The Witcher 3 Orte
Poviss,Poviss,https://hexer.fandom.com/wiki/Poviss,Königreiche
Praxeda-Bucht,Praxeda-Bucht,https://hexer.fandom.com/wiki/Praxeda-Bucht,Gewässer
Prophet Majoran (Schiff),Prophet_Majoran_(Schiff),https://hexer.fandom.com/wiki/Prophet_Majoran_(Schiff),Comics Orte
Quartier der Blaustreifen,Quartier_der_Blaustreifen,https://hexer.fandom.com/wiki/Quartier_der_Blaustreifen,The Witcher 2 Handlungsorte
Quarzberg,Quarzberg,https://hexer.fandom.com/wiki/Quarzberg,Gebirge
Rabes Gruft,Rabes_Gruft,https://hexer.fandom.com/wiki/Rabes_Gruft,The Witcher Orte
Radovids Versteck,Radovids_Versteck,https://hexer.fandom.com/wiki/Radovids_Versteck,The Witcher Orte
Ragh Nar Roog,Ragh_Nar_Roog,https://hexer.fandom.com/wiki/Ragh_Nar_Roog,Kultur
Rakverelin,Rakverelin,https://hexer.fandom.com/wiki/Rakverelin,Städte
Rannvaig,Rannvaig,https://hexer.fandom.com/wiki/Rannvaig,The Witcher 3 Orte
Rapunzels Turm,Rapunzels_Turm,https://hexer.fandom.com/wiki/Rapunzels_Turm,The Witcher 3 Orte
Raswan,Raswan,https://hexer.fandom.com/wiki/Raswan,Festungen
Rathaus von Wyzima,Rathaus_von_Wyzima,https://hexer.fandom.com/wiki/Rathaus_von_Wyzima,The Witcher Orte
Ravelin,Ravelin,https://hexer.fandom.com/wiki/Ravelin,Romane Orte
Redanien,Redanien,https://hexer.fandom.com/wiki/Redanien,Königreiche
Reuseninsel,Reuseninsel,https://hexer.fandom.com/wiki/Reuseninsel,The Witcher 3 Orte
Rhundurin-Platz,Rhundurin-Platz,https://hexer.fandom.com/wiki/Rhundurin-Platz,The Witcher 2 Handlungsorte
Rhys-Rhun,Rhys-Rhun,https://hexer.fandom.com/wiki/Rhys-Rhun,Festungen
Riedbrune,Riedbrune,https://hexer.fandom.com/wiki/Riedbrune,Festungen
Rietz,Rietz,https://hexer.fandom.com/wiki/Rietz,Romane Orte
Rinde,Rinde,https://hexer.fandom.com/wiki/Rinde,Städte
Ringhorn,Ringhorn,https://hexer.fandom.com/wiki/Ringhorn,Schiffe
Rioux-Cannes-Außenposten,Rioux-Cannes-Außenposten,https://hexer.fandom.com/wiki/Rioux-Cannes-Außenposten,The Witcher 3 Orte
Rissberg,Rissberg,https://hexer.fandom.com/wiki/Rissberg,Romane Orte
Ritter in Not,Ritter_in_Not,https://hexer.fandom.com/wiki/Ritter_in_Not,Blood and Wine Orte
Ritterruh-Platz,Ritterruh-Platz,https://hexer.fandom.com/wiki/Ritterruh-Platz,The Witcher 3 Orte
Rittertugenden,Rittertugenden,https://hexer.fandom.com/wiki/Rittertugenden,Kultur
Riva (Stadt),Riva_(Stadt),https://hexer.fandom.com/wiki/Riva_(Stadt),Städte
Rivecalme,Rivecalme,https://hexer.fandom.com/wiki/Rivecalme,The Witcher 3 Orte
Rivecalme-Lagerhaus,Rivecalme-Lagerhaus,https://hexer.fandom.com/wiki/Rivecalme-Lagerhaus,The Witcher 3 Orte
Rivien,Rivien,https://hexer.fandom.com/wiki/Rivien,Königreiche
Rivoli,Rivoli,https://hexer.fandom.com/wiki/Rivoli,Romane Orte
Rocamora,Rocamora,https://hexer.fandom.com/wiki/Rocamora,Romane Orte
Rocayne,Rocayne,https://hexer.fandom.com/wiki/Rocayne,Festungen
Roches Lager,Roches_Lager,https://hexer.fandom.com/wiki/Roches_Lager,The Witcher 2 Handlungsorte
Rodfeld,Rodfeld,https://hexer.fandom.com/wiki/Rodfeld,Romane Orte
Roggeveen,Roggeveen,https://hexer.fandom.com/wiki/Roggeveen,Städte
Rogne,Rogne,https://hexer.fandom.com/wiki/Rogne,The Witcher 3 Orte
Rosen von Shaerrawedd,Rosen_von_Shaerrawedd,https://hexer.fandom.com/wiki/Rosen_von_Shaerrawedd,Kultur
Rosenbaumhügel,Rosenbaumhügel,https://hexer.fandom.com/wiki/Rosenbaumhügel,The Witcher 3 Orte
Rosmarin und Thymian,Rosmarin_und_Thymian,https://hexer.fandom.com/wiki/Rosmarin_und_Thymian,The Witcher 3 Orte
Rosrog,Rosrog,https://hexer.fandom.com/wiki/Rosrog,Festungen
Rotbach,Rotbach,https://hexer.fandom.com/wiki/Rotbach,The Witcher 3 Orte
Roter Stapel,Roter_Stapel,https://hexer.fandom.com/wiki/Roter_Stapel,Festungen
Rowan,Rowan,https://hexer.fandom.com/wiki/Rowan,Geografie
Ruhmestor,Ruhmestor,https://hexer.fandom.com/wiki/Ruhmestor,The Witcher 3 Orte
Ruine von Burg Arnskrone,Ruine_von_Burg_Arnskrone,https://hexer.fandom.com/wiki/Ruine_von_Burg_Arnskrone,The Witcher 3 Orte
Ruinen der Amavet-Festung,Ruinen_der_Amavet-Festung,https://hexer.fandom.com/wiki/Ruinen_der_Amavet-Festung,The Witcher 3 Orte
Ruinen der Elfenbäder,Ruinen_der_Elfenbäder,https://hexer.fandom.com/wiki/Ruinen_der_Elfenbäder,Architektur
Ruinen der Irrenanstalt,Ruinen_der_Irrenanstalt,https://hexer.fandom.com/wiki/Ruinen_der_Irrenanstalt,The Witcher 2 Handlungsorte
Ruinen der Mühle (Trübwasser),Ruinen_der_Mühle_(Trübwasser),https://hexer.fandom.com/wiki/Ruinen_der_Mühle_(Trübwasser),The Witcher Orte
Ruinen des Arthach-Palasts,Ruinen_des_Arthach-Palasts,https://hexer.fandom.com/wiki/Ruinen_des_Arthach-Palasts,The Witcher 3 Orte
Ruinen des Bastoy-Gefängnisses,Ruinen_des_Bastoy-Gefängnisses,https://hexer.fandom.com/wiki/Ruinen_des_Bastoy-Gefängnisses,The Witcher 3 Orte
Ruinen des Danamebi-Tempels,Ruinen_des_Danamebi-Tempels,https://hexer.fandom.com/wiki/Ruinen_des_Danamebi-Tempels,The Witcher 3 Orte
Ruinen des Termes-Palasts,Ruinen_des_Termes-Palasts,https://hexer.fandom.com/wiki/Ruinen_des_Termes-Palasts,The Witcher 3 Orte
Ruinen des Trastamara-Anwesens,Ruinen_des_Trastamara-Anwesens,https://hexer.fandom.com/wiki/Ruinen_des_Trastamara-Anwesens,The Witcher 3 Orte
Ruinen in den Feldern,Ruinen_in_den_Feldern,https://hexer.fandom.com/wiki/Ruinen_in_den_Feldern,The Witcher Orte
Ruinen von Dorve,Ruinen_von_Dorve,https://hexer.fandom.com/wiki/Ruinen_von_Dorve,The Witcher 3 Orte
Ruinen von Fort Astre,Ruinen_von_Fort_Astre,https://hexer.fandom.com/wiki/Ruinen_von_Fort_Astre,The Witcher 3 Orte
Ruinen von Fort Ussar,Ruinen_von_Fort_Ussar,https://hexer.fandom.com/wiki/Ruinen_von_Fort_Ussar,The Witcher 3 Orte
Ruinen von Tesham Mutna,Ruinen_von_Tesham_Mutna,https://hexer.fandom.com/wiki/Ruinen_von_Tesham_Mutna,The Witcher 3 Orte
Rückerhof,Rückerhof,https://hexer.fandom.com/wiki/Rückerhof,The Witcher 3 Orte
Safran und Pfeffer,Safran_und_Pfeffer,https://hexer.fandom.com/wiki/Safran_und_Pfeffer,Romane Orte
Saint Sebastian,Saint_Sebastian,https://hexer.fandom.com/wiki/Saint_Sebastian,The Witcher 3 Orte
Salamandra Fisstech Labor,Salamandra_Fisstech_Labor,https://hexer.fandom.com/wiki/Salamandra_Fisstech_Labor,The Witcher Orte
Salamandra-Stützpunkt,Salamandra-Stützpunkt,https://hexer.fandom.com/wiki/Salamandra-Stützpunkt,The Witcher Orte
Salamandra-Versteck (Händlerbezirk),Salamandra-Versteck_(Händlerbezirk),https://hexer.fandom.com/wiki/Salamandra-Versteck_(Händlerbezirk),The Witcher Orte
Salamandra-Versteck (Umland),Salamandra-Versteck_(Umland),https://hexer.fandom.com/wiki/Salamandra-Versteck_(Umland),The Witcher Orte
Salamandra-Verstecke,Salamandra-Verstecke,https://hexer.fandom.com/wiki/Salamandra-Verstecke,The Witcher Orte
Salm,Salm,https://hexer.fandom.com/wiki/Salm,Geografie
Salm (Stadt),Salm_(Stadt),https://hexer.fandom.com/wiki/Salm_(Stadt),Städte
Salzmoor,Salzmoor,https://hexer.fandom.com/wiki/Salzmoor,Geografie
Sandort,Sandort,https://hexer.fandom.com/wiki/Sandort,The Witcher 3 Orte
Sangwebar,Sangwebar,https://hexer.fandom.com/wiki/Sangwebar,Regionen
Sankt Plegmund,Sankt_Plegmund,https://hexer.fandom.com/wiki/Sankt_Plegmund,Kultur
Sansmerci,Sansmerci,https://hexer.fandom.com/wiki/Sansmerci,Gebirgspass
Sansretour,Sansretour,https://hexer.fandom.com/wiki/Sansretour,Flüsse
Sansretour-Marsch,Sansretour-Marsch,https://hexer.fandom.com/wiki/Sansretour-Marsch,The Witcher 3 Orte
Sansretour-Tal,Sansretour-Tal,https://hexer.fandom.com/wiki/Sansretour-Tal,The Witcher 3 Orte
Saovine,Saovine,https://hexer.fandom.com/wiki/Saovine,Kultur
Sarda,Sarda,https://hexer.fandom.com/wiki/Sarda,Romane Orte
Saskias Haus,Saskias_Haus,https://hexer.fandom.com/wiki/Saskias_Haus,Architektur
Scala,Scala,https://hexer.fandom.com/wiki/Scala,Festungen
Scharlatan-Allee,Scharlatan-Allee,https://hexer.fandom.com/wiki/Scharlatan-Allee,The Witcher 3 Orte
Schaukelpferd,Schaukelpferd,https://hexer.fandom.com/wiki/Schaukelpferd,The Witcher 3 Orte
Schiefes Haus,Schiefes_Haus,https://hexer.fandom.com/wiki/Schiefes_Haus,The Witcher 3 Orte
Schiff der Vertriebenen,Schiff_der_Vertriebenen,https://hexer.fandom.com/wiki/Schiff_der_Vertriebenen,Schiffe
Schiffswrack,Schiffswrack,https://hexer.fandom.com/wiki/Schiffswrack,The Witcher 2 Orte
Schiffswrack der Eyla Tarn,Schiffswrack_der_Eyla_Tarn,https://hexer.fandom.com/wiki/Schiffswrack_der_Eyla_Tarn,Schiffe
Schiffswrack der Petra Silie,Schiffswrack_der_Petra_Silie,https://hexer.fandom.com/wiki/Schiffswrack_der_Petra_Silie,Schiffe
Schiffswrack der Susanne,Schiffswrack_der_Susanne,https://hexer.fandom.com/wiki/Schiffswrack_der_Susanne,The Witcher 3 Orte
Schlachtfeld (Geisternebel),Schlachtfeld_(Geisternebel),https://hexer.fandom.com/wiki/Schlachtfeld_(Geisternebel),The Witcher 2 Handlungsorte
Schlaflager der Harpyie,Schlaflager_der_Harpyie,https://hexer.fandom.com/wiki/Schlaflager_der_Harpyie,The Witcher 2 Handlungsorte
Schlagwetter,Schlagwetter,https://hexer.fandom.com/wiki/Schlagwetter,Kultur
Schlammacker,Schlammacker,https://hexer.fandom.com/wiki/Schlammacker,The Witcher 3 Orte
Schlangenschule,Schlangenschule,https://hexer.fandom.com/wiki/Schlangenschule,Hexerschulen
Schlüssel (Ort),Schlüssel_(Ort),https://hexer.fandom.com/wiki/Schlüssel_(Ort),Romane Orte
Schmiede Trübwasser,Schmiede_Trübwasser,https://hexer.fandom.com/wiki/Schmiede_Trübwasser,The Witcher Orte
Schmiede des Clan Tordarroch,Schmiede_des_Clan_Tordarroch,https://hexer.fandom.com/wiki/Schmiede_des_Clan_Tordarroch,The Witcher 3 Orte
Schmiedewerkstätten,Schmiedewerkstätten,https://hexer.fandom.com/wiki/Schmiedewerkstätten,The Witcher Orte
Schmugglerhöhle unter der Stadtmauer,Schmugglerhöhle_unter_der_Stadtmauer,https://hexer.fandom.com/wiki/Schmugglerhöhle_unter_der_Stadtmauer,The Witcher Orte
Schmugglerversteck,Schmugglerversteck,https://hexer.fandom.com/wiki/Schmugglerversteck,The Witcher 3 Orte
Schneider,Schneider,https://hexer.fandom.com/wiki/Schneider,The Witcher 3 Orte
Schrein,Schrein,https://hexer.fandom.com/wiki/Schrein,The Witcher 3 Orte
Schrein der Melitele,Schrein_der_Melitele,https://hexer.fandom.com/wiki/Schrein_der_Melitele,The Witcher Orte
Schrein des Ewigen Feuers,Schrein_des_Ewigen_Feuers,https://hexer.fandom.com/wiki/Schrein_des_Ewigen_Feuers,The Witcher Orte
Schwarzschwalbeninsel,Schwarzschwalbeninsel,https://hexer.fandom.com/wiki/Schwarzschwalbeninsel,The Witcher Orte
Schwarzzweig,Schwarzzweig,https://hexer.fandom.com/wiki/Schwarzzweig,The Witcher 3 Orte
Schwelle,Schwelle,https://hexer.fandom.com/wiki/Schwelle,Romane Orte
Schwemmland,Schwemmland,https://hexer.fandom.com/wiki/Schwemmland,Geografie
Scoia'tael-Versteck,Scoia'tael-Versteck,https://hexer.fandom.com/wiki/Scoia'tael-Versteck,The Witcher Orte
Scorpena,Scorpena,https://hexer.fandom.com/wiki/Scorpena,Schiffe
Sedna-Tief,Sedna-Tief,https://hexer.fandom.com/wiki/Sedna-Tief,Gewässer
Seebasar,Seebasar,https://hexer.fandom.com/wiki/Seebasar,Kultur
Seebogen,Seebogen,https://hexer.fandom.com/wiki/Seebogen,Romane Orte
Seeufer,Seeufer,https://hexer.fandom.com/wiki/Seeufer,The Witcher Orte
Seidhe Llygad,Seidhe_Llygad,https://hexer.fandom.com/wiki/Seidhe_Llygad,The Witcher 3 Orte
Seidhe-Llygad-Amphitheater,Seidhe-Llygad-Amphitheater,https://hexer.fandom.com/wiki/Seidhe-Llygad-Amphitheater,The Witcher 3 Orte
Sencerre,Sencerre,https://hexer.fandom.com/wiki/Sencerre,Romane Orte
Serrikanien,Serrikanien,https://hexer.fandom.com/wiki/Serrikanien,Königreiche
Serrikanische Insekten und anderes Ungeziefer,Serrikanische_Insekten_und_anderes_Ungeziefer,https://hexer.fandom.com/wiki/Serrikanische_Insekten_und_anderes_Ungeziefer,Geografie
Seufzer,Seufzer,https://hexer.fandom.com/wiki/Seufzer,Flüsse
Shaerrawedd,Shaerrawedd,https://hexer.fandom.com/wiki/Shaerrawedd,Geografie
Shanis Haus,Shanis_Haus,https://hexer.fandom.com/wiki/Shanis_Haus,The Witcher Orte
Sibell,Sibell,https://hexer.fandom.com/wiki/Sibell,Städte
Sicheres Haus,Sicheres_Haus,https://hexer.fandom.com/wiki/Sicheres_Haus,The Witcher Orte
Siebte Meile,Siebte_Meile,https://hexer.fandom.com/wiki/Siebte_Meile,Städte
Siederei,Siederei,https://hexer.fandom.com/wiki/Siederei,Romane Orte
Siedlung der Steinschneider,Siedlung_der_Steinschneider,https://hexer.fandom.com/wiki/Siedlung_der_Steinschneider,The Witcher 3 Orte
Silber (Rohstoff),Silber_(Rohstoff),https://hexer.fandom.com/wiki/Silber_(Rohstoff),Kultur
Silberner Kranich,Silberner_Kranich,https://hexer.fandom.com/wiki/Silberner_Kranich,Kultur
Silberstein,Silberstein,https://hexer.fandom.com/wiki/Silberstein,The Witcher 3 Orte
Skellige,Skellige,https://hexer.fandom.com/wiki/Skellige,The Witcher 3 Orte
Skellige-Dialekt,Skellige-Dialekt,https://hexer.fandom.com/wiki/Skellige-Dialekt,Kultur
Snidhall,Snidhall,https://hexer.fandom.com/wiki/Snidhall,The Witcher 3 Orte
Sodden,Sodden,https://hexer.fandom.com/wiki/Sodden,Königreiche
Solveiga,Solveiga,https://hexer.fandom.com/wiki/Solveiga,Flüsse
Solveiga-Tor,Solveiga-Tor,https://hexer.fandom.com/wiki/Solveiga-Tor,Romane Orte
Sonatina,Sonatina,https://hexer.fandom.com/wiki/Sonatina,Gasthäuser und Kneipen
Sotonin,Sotonin,https://hexer.fandom.com/wiki/Sotonin,Romane Orte
Spalla,Spalla,https://hexer.fandom.com/wiki/Spalla,Festungen
Speerfischküste,Speerfischküste,https://hexer.fandom.com/wiki/Speerfischküste,The Witcher 3 Orte
Spielhölle,Spielhölle,https://hexer.fandom.com/wiki/Spielhölle,The Witcher Orte
Spikeroog,Spikeroog,https://hexer.fandom.com/wiki/Spikeroog,The Witcher 3 Orte
Spital Michelle d'Arossa,Spital_Michelle_d'Arossa,https://hexer.fandom.com/wiki/Spital_Michelle_d'Arossa,The Witcher 3 Orte
Spitzenhall,Spitzenhall,https://hexer.fandom.com/wiki/Spitzenhall,The Witcher 3 Orte
Sprachen,Sprachen,https://hexer.fandom.com/wiki/Sprachen,Kultur
Springerzahn,Springerzahn,https://hexer.fandom.com/wiki/Springerzahn,Gebirge
Spukstätte,Spukstätte,https://hexer.fandom.com/wiki/Spukstätte,The Witcher 3 Orte
St. Gregors Grab,St._Gregors_Grab,https://hexer.fandom.com/wiki/St._Gregors_Grab,The Witcher Orte
St. Majorans Krankenhaus,St._Majorans_Krankenhaus,https://hexer.fandom.com/wiki/St._Majorans_Krankenhaus,The Witcher Orte
St.-Gregors-Brücke,St.-Gregors-Brücke,https://hexer.fandom.com/wiki/St.-Gregors-Brücke,The Witcher 3 Orte
Stacheier,Stacheier,https://hexer.fandom.com/wiki/Stacheier,The Witcher 3 Orte
Stein des Wanderers,Stein_des_Wanderers,https://hexer.fandom.com/wiki/Stein_des_Wanderers,The Witcher Orte
Steinbruch der Alten,Steinbruch_der_Alten,https://hexer.fandom.com/wiki/Steinbruch_der_Alten,The Witcher 3 Orte
Stellazit,Stellazit,https://hexer.fandom.com/wiki/Stellazit,Kultur
Stelzbach,Stelzbach,https://hexer.fandom.com/wiki/Stelzbach,Flüsse
Stinkende Hecke,Stinkende_Hecke,https://hexer.fandom.com/wiki/Stinkende_Hecke,The Witcher 3 Orte
Stolz von Cintra,Stolz_von_Cintra,https://hexer.fandom.com/wiki/Stolz_von_Cintra,Schiffe
Stramme Hüften,Stramme_Hüften,https://hexer.fandom.com/wiki/Stramme_Hüften,The Witcher Orte
Straßen zum Kahlen Berg,Straßen_zum_Kahlen_Berg,https://hexer.fandom.com/wiki/Straßen_zum_Kahlen_Berg,The Witcher 3 Orte
Strept,Strept,https://hexer.fandom.com/wiki/Strept,Geografie
Strunk,Strunk,https://hexer.fandom.com/wiki/Strunk,Romane Orte
Sturefors,Sturefors,https://hexer.fandom.com/wiki/Sturefors,Romane Orte
Sturmfelder,Sturmfelder,https://hexer.fandom.com/wiki/Sturmfelder,The Witcher 3 Orte
Sturmfelder Hof,Sturmfelder_Hof,https://hexer.fandom.com/wiki/Sturmfelder_Hof,The Witcher 3 Orte
Sturmsee,Sturmsee,https://hexer.fandom.com/wiki/Sturmsee,The Witcher 3 Orte
Stygga,Stygga,https://hexer.fandom.com/wiki/Stygga,Festungen
Städte und Festungen,Städte_und_Festungen,https://hexer.fandom.com/wiki/Städte_und_Festungen,Festungen
Sudduth,Sudduth,https://hexer.fandom.com/wiki/Sudduth,Tal
Sumpfbinsenhafen,Sumpfbinsenhafen,https://hexer.fandom.com/wiki/Sumpfbinsenhafen,The Witcher 3 Orte
Sund,Sund,https://hexer.fandom.com/wiki/Sund,The Witcher 3 Orte
Surbarran,Surbarran,https://hexer.fandom.com/wiki/Surbarran,Festungen
Svorlag,Svorlag,https://hexer.fandom.com/wiki/Svorlag,The Witcher 3 Orte
Sylte,Sylte,https://hexer.fandom.com/wiki/Sylte,Flüsse
Sägbügel,Sägbügel,https://hexer.fandom.com/wiki/Sägbügel,Romane Orte
Sägemühle (Ard Skellig),Sägemühle_(Ard_Skellig),https://hexer.fandom.com/wiki/Sägemühle_(Ard_Skellig),The Witcher 3 Orte
Sägemühle (Weißgarten),Sägemühle_(Weißgarten),https://hexer.fandom.com/wiki/Sägemühle_(Weißgarten),The Witcher 3 Orte
Säule von Marnadal,Säule_von_Marnadal,https://hexer.fandom.com/wiki/Säule_von_Marnadal,Orte
Südtor,Südtor,https://hexer.fandom.com/wiki/Südtor,The Witcher 3 Orte
Süßer Pfad,Süßer_Pfad,https://hexer.fandom.com/wiki/Süßer_Pfad,The Witcher 3 Orte
Tal der Neun,Tal_der_Neun,https://hexer.fandom.com/wiki/Tal_der_Neun,The Witcher 3 Orte
Tal von Kaer Morhen,Tal_von_Kaer_Morhen,https://hexer.fandom.com/wiki/Tal_von_Kaer_Morhen,The Witcher Orte
Talgar,Talgar,https://hexer.fandom.com/wiki/Talgar,Geografie
Tamara,Tamara,https://hexer.fandom.com/wiki/Tamara,Romane Orte
Tango,Tango,https://hexer.fandom.com/wiki/Tango,Flüsse
Tanzende Windmühle,Tanzende_Windmühle,https://hexer.fandom.com/wiki/Tanzende_Windmühle,The Witcher 3 Orte
Tarn Mira,Tarn_Mira,https://hexer.fandom.com/wiki/Tarn_Mira,Seen
Tarnhann,Tarnhann,https://hexer.fandom.com/wiki/Tarnhann,Geografie
Taverne (Weißgarten),Taverne_(Weißgarten),https://hexer.fandom.com/wiki/Taverne_(Weißgarten),The Witcher 3 Orte
Taverne am Scheideweg,Taverne_am_Scheideweg,https://hexer.fandom.com/wiki/Taverne_am_Scheideweg,The Witcher 3 Orte
Tegamo,Tegamo,https://hexer.fandom.com/wiki/Tegamo,Geografie
Temerien,Temerien,https://hexer.fandom.com/wiki/Temerien,The Witcher Orte
Tempel,Tempel,https://hexer.fandom.com/wiki/Tempel,The Witcher Orte
Tempel der Burg La Valette,Tempel_der_Burg_La_Valette,https://hexer.fandom.com/wiki/Tempel_der_Burg_La_Valette,The Witcher 2 Handlungsorte
Tempel der Freya,Tempel_der_Freya,https://hexer.fandom.com/wiki/Tempel_der_Freya,Kultur
Tempel der Melitele,Tempel_der_Melitele,https://hexer.fandom.com/wiki/Tempel_der_Melitele,Kultur
Tempel des Ewigen Feuers,Tempel_des_Ewigen_Feuers,https://hexer.fandom.com/wiki/Tempel_des_Ewigen_Feuers,The Witcher 3 Orte
Tempel von Lilvani,Tempel_von_Lilvani,https://hexer.fandom.com/wiki/Tempel_von_Lilvani,The Witcher 3 Orte
Tempelbezirk,Tempelbezirk,https://hexer.fandom.com/wiki/Tempelbezirk,The Witcher Orte
Tempelfriedhof,Tempelfriedhof,https://hexer.fandom.com/wiki/Tempelfriedhof,The Witcher 3 Orte
Tempelinsel,Tempelinsel,https://hexer.fandom.com/wiki/Tempelinsel,The Witcher 3 Orte
Tempelruinen der Elfen,Tempelruinen_der_Elfen,https://hexer.fandom.com/wiki/Tempelruinen_der_Elfen,The Witcher Orte
Tethis,Tethis,https://hexer.fandom.com/wiki/Tethis,Romane Orte
Teufelsfurt,Teufelsfurt,https://hexer.fandom.com/wiki/Teufelsfurt,Städte
Teufelsgrube,Teufelsgrube,https://hexer.fandom.com/wiki/Teufelsgrube,The Witcher 3 Orte
Thanedd,Thanedd,https://hexer.fandom.com/wiki/Thanedd,Inseln
The Witcher 2 Akt 1,The_Witcher_2_Akt_1,https://hexer.fandom.com/wiki/The_Witcher_2_Akt_1,The Witcher 2 Orte
The Witcher 2 Akt 2,The_Witcher_2_Akt_2,https://hexer.fandom.com/wiki/The_Witcher_2_Akt_2,The Witcher 2 Orte
The Witcher 2 Akt 3,The_Witcher_2_Akt_3,https://hexer.fandom.com/wiki/The_Witcher_2_Akt_3,The Witcher 2 Orte
The Witcher 2 Arena,The_Witcher_2_Arena,https://hexer.fandom.com/wiki/The_Witcher_2_Arena,The Witcher 2 Handlungsorte
The Witcher 2 Orte,The_Witcher_2_Orte,https://hexer.fandom.com/wiki/The_Witcher_2_Orte,The Witcher 2 Orte
The Witcher 2 Prolog,The_Witcher_2_Prolog,https://hexer.fandom.com/wiki/The_Witcher_2_Prolog,The Witcher 2 Orte
The Witcher 3 Orte,The_Witcher_3_Orte,https://hexer.fandom.com/wiki/The_Witcher_3_Orte,The Witcher 3 Orte
The Witcher Epilog (Karten),The_Witcher_Epilog_(Karten),https://hexer.fandom.com/wiki/The_Witcher_Epilog_(Karten),The Witcher Orte
The Witcher Karten,The_Witcher_Karten,https://hexer.fandom.com/wiki/The_Witcher_Karten,The Witcher Orte
The Witcher Prolog (Karten),The_Witcher_Prolog_(Karten),https://hexer.fandom.com/wiki/The_Witcher_Prolog_(Karten),The Witcher Orte
The Witcher Quickfinder,The_Witcher_Quickfinder,https://hexer.fandom.com/wiki/The_Witcher_Quickfinder,The Witcher Orte
Theodula-Pass,Theodula-Pass,https://hexer.fandom.com/wiki/Theodula-Pass,Gebirgspass
Thronebreaker: The Witcher Tales,Thronebreaker:_The_Witcher_Tales,https://hexer.fandom.com/wiki/Thronebreaker:_The_Witcher_Tales,Spielwelt
Thurn,Thurn,https://hexer.fandom.com/wiki/Thurn,Städte
Tiberghien,Tiberghien,https://hexer.fandom.com/wiki/Tiberghien,Romane Orte
Tigg,Tigg,https://hexer.fandom.com/wiki/Tigg,Festungen
Tilly-Feld,Tilly-Feld,https://hexer.fandom.com/wiki/Tilly-Feld,The Witcher 3 Orte
Tir Tochair,Tir_Tochair,https://hexer.fandom.com/wiki/Tir_Tochair,Gebirge
Tir ná Béa Arainne,Tir_ná_Béa_Arainne,https://hexer.fandom.com/wiki/Tir_ná_Béa_Arainne,Kultur
Tir ná Lia,Tir_ná_Lia,https://hexer.fandom.com/wiki/Tir_ná_Lia,The Witcher 3 Orte
Toderas,Toderas,https://hexer.fandom.com/wiki/Toderas,The Witcher 3 Orte
Toina,Toina,https://hexer.fandom.com/wiki/Toina,Flüsse
Toina-Tal,Toina-Tal,https://hexer.fandom.com/wiki/Toina-Tal,Geografie
Tongruben,Tongruben,https://hexer.fandom.com/wiki/Tongruben,The Witcher Orte
Tor Carnedd,Tor_Carnedd,https://hexer.fandom.com/wiki/Tor_Carnedd,Städte
Tor Gvalch'ca,Tor_Gvalch'ca,https://hexer.fandom.com/wiki/Tor_Gvalch'ca,The Witcher 3 Orte
Tor Zirael,Tor_Zirael,https://hexer.fandom.com/wiki/Tor_Zirael,Kultur
Tor des Hierarchen,Tor_des_Hierarchen,https://hexer.fandom.com/wiki/Tor_des_Hierarchen,The Witcher 3 Orte
Tor nach Alt-Wyzima,Tor_nach_Alt-Wyzima,https://hexer.fandom.com/wiki/Tor_nach_Alt-Wyzima,The Witcher Orte
Tor nach Neu-Wyzima,Tor_nach_Neu-Wyzima,https://hexer.fandom.com/wiki/Tor_nach_Neu-Wyzima,The Witcher Orte
Tore,Tore,https://hexer.fandom.com/wiki/Tore,The Witcher Orte
Tore Tempel- und Händlerbezirk,Tore_Tempel-_und_Händlerbezirk,https://hexer.fandom.com/wiki/Tore_Tempel-_und_Händlerbezirk,The Witcher Orte
Totenwald,Totenwald,https://hexer.fandom.com/wiki/Totenwald,The Witcher 3 Orte
Toussaint,Toussaint,https://hexer.fandom.com/wiki/Toussaint,The Witcher 3 Orte
Trainingsgeräte,Trainingsgeräte,https://hexer.fandom.com/wiki/Trainingsgeräte,Kultur
Transport,Transport,https://hexer.fandom.com/wiki/Transport,The Witcher Orte
Trastamara-Jagdhütte,Trastamara-Jagdhütte,https://hexer.fandom.com/wiki/Trastamara-Jagdhütte,The Witcher 3 Orte
Trave,Trave,https://hexer.fandom.com/wiki/Trave,Flüsse
Tridam,Tridam,https://hexer.fandom.com/wiki/Tridam,Städte
Trigla (Drachenboot),Trigla_(Drachenboot),https://hexer.fandom.com/wiki/Trigla_(Drachenboot),Schiffe
Triss' Gemach (Kaer Morhen),Triss'_Gemach_(Kaer_Morhen),https://hexer.fandom.com/wiki/Triss'_Gemach_(Kaer_Morhen),Romane Orte
Trockene Felsen,Trockene_Felsen,https://hexer.fandom.com/wiki/Trockene_Felsen,Romane Orte
Troll-Schlucht,Troll-Schlucht,https://hexer.fandom.com/wiki/Troll-Schlucht,The Witcher 2 Handlungsorte
Trollbrücke,Trollbrücke,https://hexer.fandom.com/wiki/Trollbrücke,The Witcher 3 Orte
Trottheim,Trottheim,https://hexer.fandom.com/wiki/Trottheim,The Witcher 3 Orte
Troubleu,Troubleu,https://hexer.fandom.com/wiki/Troubleu,The Witcher 3 Orte
Trübwasser,Trübwasser,https://hexer.fandom.com/wiki/Trübwasser,The Witcher Orte
Tufo,Tufo,https://hexer.fandom.com/wiki/Tufo,Romane Orte
Tufo-Anwesen,Tufo-Anwesen,https://hexer.fandom.com/wiki/Tufo-Anwesen,The Witcher 3 Orte
Tukai-Höhen,Tukai-Höhen,https://hexer.fandom.com/wiki/Tukai-Höhen,Romane Orte
Tulasens-Höhlen,Tulasens-Höhlen,https://hexer.fandom.com/wiki/Tulasens-Höhlen,The Witcher 3 Orte
Tunnel der Gründerväter,Tunnel_der_Gründerväter,https://hexer.fandom.com/wiki/Tunnel_der_Gründerväter,The Witcher 2 Handlungsorte
Turlough,Turlough,https://hexer.fandom.com/wiki/Turlough,Gebirge
Turmruine eines Adligen,Turmruine_eines_Adligen,https://hexer.fandom.com/wiki/Turmruine_eines_Adligen,The Witcher 3 Orte
Turniergelände,Turniergelände,https://hexer.fandom.com/wiki/Turniergelände,The Witcher 3 Orte
Tyffia,Tyffia,https://hexer.fandom.com/wiki/Tyffia,Städte
Ululas Nadel,Ululas_Nadel,https://hexer.fandom.com/wiki/Ululas_Nadel,The Witcher 3 Orte
Umland von Wyzima,Umland_von_Wyzima,https://hexer.fandom.com/wiki/Umland_von_Wyzima,The Witcher Orte
Umschlagplatz (Alt-Wyzima),Umschlagplatz_(Alt-Wyzima),https://hexer.fandom.com/wiki/Umschlagplatz_(Alt-Wyzima),The Witcher Orte
Undvik,Undvik,https://hexer.fandom.com/wiki/Undvik,The Witcher 3 Orte
Unterer Ort,Unterer_Ort,https://hexer.fandom.com/wiki/Unterer_Ort,Romane Orte
Unterkunft,Unterkunft,https://hexer.fandom.com/wiki/Unterkunft,The Witcher 3 Orte
Uroboros,Uroboros,https://hexer.fandom.com/wiki/Uroboros,Kultur
Urskar,Urskar,https://hexer.fandom.com/wiki/Urskar,The Witcher 3 Orte
Ursten,Ursten,https://hexer.fandom.com/wiki/Ursten,The Witcher 3 Orte
Vartburg,Vartburg,https://hexer.fandom.com/wiki/Vartburg,Festungen
Vattweir,Vattweir,https://hexer.fandom.com/wiki/Vattweir,Städte
Vda,Vda,https://hexer.fandom.com/wiki/Vda,Flüsse
Vedette,Vedette,https://hexer.fandom.com/wiki/Vedette,Romane Orte
Vedette-Tal,Vedette-Tal,https://hexer.fandom.com/wiki/Vedette-Tal,The Witcher 3 Orte
Vedyminalien,Vedyminalien,https://hexer.fandom.com/wiki/Vedyminalien,Kultur
Velde,Velde,https://hexer.fandom.com/wiki/Velde,Flüsse
Velen,Velen,https://hexer.fandom.com/wiki/Velen,The Witcher 3 Orte
Velen (Savaed),Velen_(Savaed),https://hexer.fandom.com/wiki/Velen_(Savaed),Kultur
Velhad,Velhad,https://hexer.fandom.com/wiki/Velhad,Geografie
Venendal (Grafschaft),Venendal_(Grafschaft),https://hexer.fandom.com/wiki/Venendal_(Grafschaft),Romane Orte
Vengerberg,Vengerberg,https://hexer.fandom.com/wiki/Vengerberg,Städte
Venin-Felsen,Venin-Felsen,https://hexer.fandom.com/wiki/Venin-Felsen,The Witcher 3 Orte
Verbrannte Ruinen,Verbrannte_Ruinen,https://hexer.fandom.com/wiki/Verbrannte_Ruinen,The Witcher 3 Orte
Verden,Verden,https://hexer.fandom.com/wiki/Verden,Königreiche
Verfallene Taverne,Verfallene_Taverne,https://hexer.fandom.com/wiki/Verfallene_Taverne,The Witcher 3 Orte
Verfallener Wachturm,Verfallener_Wachturm,https://hexer.fandom.com/wiki/Verfallener_Wachturm,The Witcher 3 Orte
Vergen,Vergen,https://hexer.fandom.com/wiki/Vergen,Comics Orte
Verlassene Böttcherwerkstatt,Verlassene_Böttcherwerkstatt,https://hexer.fandom.com/wiki/Verlassene_Böttcherwerkstatt,The Witcher 3 Orte
Verlassene Stätte,Verlassene_Stätte,https://hexer.fandom.com/wiki/Verlassene_Stätte,The Witcher 3 Orte
Verlassene Stätte (Bootswerft),Verlassene_Stätte_(Bootswerft),https://hexer.fandom.com/wiki/Verlassene_Stätte_(Bootswerft),The Witcher 3 Orte
Verlassene Stätte (Fischersiedlung),Verlassene_Stätte_(Fischersiedlung),https://hexer.fandom.com/wiki/Verlassene_Stätte_(Fischersiedlung),The Witcher 3 Orte
Verlassene Stätte (Holzfällerlager),Verlassene_Stätte_(Holzfällerlager),https://hexer.fandom.com/wiki/Verlassene_Stätte_(Holzfällerlager),The Witcher 3 Orte
Verlassene Stätte (Lager),Verlassene_Stätte_(Lager),https://hexer.fandom.com/wiki/Verlassene_Stätte_(Lager),The Witcher 3 Orte
Verlassene Stätte (westlicher Velen),Verlassene_Stätte_(westlicher_Velen),https://hexer.fandom.com/wiki/Verlassene_Stätte_(westlicher_Velen),The Witcher 3 Orte
Verlassene Sägemühle (Ort),Verlassene_Sägemühle_(Ort),https://hexer.fandom.com/wiki/Verlassene_Sägemühle_(Ort),The Witcher 3 Orte
Verlassener Tempel des Propheten Majoran,Verlassener_Tempel_des_Propheten_Majoran,https://hexer.fandom.com/wiki/Verlassener_Tempel_des_Propheten_Majoran,The Witcher 3 Orte
Verlassener Turm,Verlassener_Turm,https://hexer.fandom.com/wiki/Verlassener_Turm,The Witcher 3 Orte
Verlassenes Dorf (Undvik),Verlassenes_Dorf_(Undvik),https://hexer.fandom.com/wiki/Verlassenes_Dorf_(Undvik),The Witcher 3 Orte
Verlassenes Dorf (Weißgarten),Verlassenes_Dorf_(Weißgarten),https://hexer.fandom.com/wiki/Verlassenes_Dorf_(Weißgarten),The Witcher 3 Orte
Verlassenes Lagerhaus,Verlassenes_Lagerhaus,https://hexer.fandom.com/wiki/Verlassenes_Lagerhaus,The Witcher 3 Orte
Verlorener Fluss,Verlorener_Fluss,https://hexer.fandom.com/wiki/Verlorener_Fluss,Flüsse
Vermentino,Vermentino,https://hexer.fandom.com/wiki/Vermentino,Weingüter
Vermentino-Anwesen,Vermentino-Anwesen,https://hexer.fandom.com/wiki/Vermentino-Anwesen,The Witcher 3 Orte
Versteck,Versteck,https://hexer.fandom.com/wiki/Versteck,The Witcher Orte
Versteck der Königsmörder,Versteck_der_Königsmörder,https://hexer.fandom.com/wiki/Versteck_der_Königsmörder,The Witcher 2 Orte
Versteck der Löwenkopfspinne-Anhänger,Versteck_der_Löwenkopfspinne-Anhänger,https://hexer.fandom.com/wiki/Versteck_der_Löwenkopfspinne-Anhänger,The Witcher Orte
Versteck des Werwolfs,Versteck_des_Werwolfs,https://hexer.fandom.com/wiki/Versteck_des_Werwolfs,The Witcher Orte
Versteck temerischer Freischärler,Versteck_temerischer_Freischärler,https://hexer.fandom.com/wiki/Versteck_temerischer_Freischärler,The Witcher 3 Orte
Versteckter Schatz,Versteckter_Schatz,https://hexer.fandom.com/wiki/Versteckter_Schatz,The Witcher 3 Orte
Vertigo,Vertigo,https://hexer.fandom.com/wiki/Vertigo,Schiffe
Vertvern,Vertvern,https://hexer.fandom.com/wiki/Vertvern,Kultur
Vicovaro,Vicovaro,https://hexer.fandom.com/wiki/Vicovaro,Geografie
Vidort,Vidort,https://hexer.fandom.com/wiki/Vidort,Festungen
Viereiben,Viereiben,https://hexer.fandom.com/wiki/Viereiben,Städte
Viermühlen,Viermühlen,https://hexer.fandom.com/wiki/Viermühlen,The Witcher 3 Orte
Vilgefortz' Labor,Vilgefortz'_Labor,https://hexer.fandom.com/wiki/Vilgefortz'_Labor,Festungen
Vilmerius-Hospital,Vilmerius-Hospital,https://hexer.fandom.com/wiki/Vilmerius-Hospital,The Witcher 3 Orte
Viroleda,Viroleda,https://hexer.fandom.com/wiki/Viroleda,Städte
Vivaldi-Bank,Vivaldi-Bank,https://hexer.fandom.com/wiki/Vivaldi-Bank,The Witcher 3 Orte
Vivaldis Bank,Vivaldis_Bank,https://hexer.fandom.com/wiki/Vivaldis_Bank,Romane Orte
Vole,Vole,https://hexer.fandom.com/wiki/Vole,Städte
Von-Everec-Anwesen,Von-Everec-Anwesen,https://hexer.fandom.com/wiki/Von-Everec-Anwesen,The Witcher 3 Orte
Vorune,Vorune,https://hexer.fandom.com/wiki/Vorune,Comics Orte
Vspaden,Vspaden,https://hexer.fandom.com/wiki/Vspaden,Geografie
Wachhaus,Wachhaus,https://hexer.fandom.com/wiki/Wachhaus,Romane Orte
Wachturm,Wachturm,https://hexer.fandom.com/wiki/Wachturm,The Witcher Orte
Wachturm von Vikk,Wachturm_von_Vikk,https://hexer.fandom.com/wiki/Wachturm_von_Vikk,The Witcher 3 Orte
Waffenkammer Kaer Morhen,Waffenkammer_Kaer_Morhen,https://hexer.fandom.com/wiki/Waffenkammer_Kaer_Morhen,The Witcher Orte
Waisendorf im Buckelsumpf,Waisendorf_im_Buckelsumpf,https://hexer.fandom.com/wiki/Waisendorf_im_Buckelsumpf,The Witcher 3 Orte
Waisenhaus La Compassion,Waisenhaus_La_Compassion,https://hexer.fandom.com/wiki/Waisenhaus_La_Compassion,The Witcher 3 Orte
Wald in den Sümpfen,Wald_in_den_Sümpfen,https://hexer.fandom.com/wiki/Wald_in_den_Sümpfen,The Witcher Orte
Wald von Loc Muinne,Wald_von_Loc_Muinne,https://hexer.fandom.com/wiki/Wald_von_Loc_Muinne,The Witcher 2 Orte
Wald-Herbarium,Wald-Herbarium,https://hexer.fandom.com/wiki/Wald-Herbarium,The Witcher 3 Orte
Waldhütte,Waldhütte,https://hexer.fandom.com/wiki/Waldhütte,The Witcher 3 Orte
Waldklause,Waldklause,https://hexer.fandom.com/wiki/Waldklause,Romane Orte
Waldkreaturen,Waldkreaturen,https://hexer.fandom.com/wiki/Waldkreaturen,Wälder
Waldschluchten,Waldschluchten,https://hexer.fandom.com/wiki/Waldschluchten,The Witcher 2 Handlungsorte
Walfriedhof,Walfriedhof,https://hexer.fandom.com/wiki/Walfriedhof,The Witcher 3 Orte
Wasserfall,Wasserfall,https://hexer.fandom.com/wiki/Wasserfall,The Witcher 2 Handlungsorte
Wastrel-Anwesen,Wastrel-Anwesen,https://hexer.fandom.com/wiki/Wastrel-Anwesen,The Witcher 3 Orte
Weggabelung,Weggabelung,https://hexer.fandom.com/wiki/Weggabelung,The Witcher 3 Orte
Wegkreuzung (Oxenfurt),Wegkreuzung_(Oxenfurt),https://hexer.fandom.com/wiki/Wegkreuzung_(Oxenfurt),The Witcher 3 Orte
Wegkreuzung (Velen),Wegkreuzung_(Velen),https://hexer.fandom.com/wiki/Wegkreuzung_(Velen),The Witcher 3 Orte
Weinmarkt,Weinmarkt,https://hexer.fandom.com/wiki/Weinmarkt,The Witcher 3 Orte
Weizenfelder,Weizenfelder,https://hexer.fandom.com/wiki/Weizenfelder,The Witcher 3 Orte
Weißbrücke,Weißbrücke,https://hexer.fandom.com/wiki/Weißbrücke,Städte
Weißgarten,Weißgarten,https://hexer.fandom.com/wiki/Weißgarten,The Witcher 3 Orte
Weltkarte,Weltkarte,https://hexer.fandom.com/wiki/Weltkarte,Geografie
Wenzel Puggs Labor,Wenzel_Puggs_Labor,https://hexer.fandom.com/wiki/Wenzel_Puggs_Labor,The Witcher 2 Handlungsorte
Wergeld,Wergeld,https://hexer.fandom.com/wiki/Wergeld,Kultur
Werkstatt Moritz Stein,Werkstatt_Moritz_Stein,https://hexer.fandom.com/wiki/Werkstatt_Moritz_Stein,The Witcher Orte
Westmarkt (Novigrad),Westmarkt_(Novigrad),https://hexer.fandom.com/wiki/Westmarkt_(Novigrad),Kultur
Westtor,Westtor,https://hexer.fandom.com/wiki/Westtor,The Witcher 3 Orte
Wilde Küste,Wilde_Küste,https://hexer.fandom.com/wiki/Wilde_Küste,The Witcher 3 Orte
Wildschwein der Meere,Wildschwein_der_Meere,https://hexer.fandom.com/wiki/Wildschwein_der_Meere,Schiffe
Windern,Windern,https://hexer.fandom.com/wiki/Windern,Comics Orte
Windhaven,Windhaven,https://hexer.fandom.com/wiki/Windhaven,Comics Orte
Winneburg,Winneburg,https://hexer.fandom.com/wiki/Winneburg,Festungen
Wirsings (Gasthaus),Wirsings_(Gasthaus),https://hexer.fandom.com/wiki/Wirsings_(Gasthaus),Kultur
Witwengrotte,Witwengrotte,https://hexer.fandom.com/wiki/Witwengrotte,The Witcher 3 Orte
Wodjanoi-Altar,Wodjanoi-Altar,https://hexer.fandom.com/wiki/Wodjanoi-Altar,The Witcher Orte
Wolfslichtung,Wolfslichtung,https://hexer.fandom.com/wiki/Wolfslichtung,The Witcher 3 Orte
Wolfsschule,Wolfsschule,https://hexer.fandom.com/wiki/Wolfsschule,Hexerschulen
Wrackküste,Wrackküste,https://hexer.fandom.com/wiki/Wrackküste,The Witcher 3 Orte
Wyvern-Insel,Wyvern-Insel,https://hexer.fandom.com/wiki/Wyvern-Insel,The Witcher Orte
Wyzima,Wyzima,https://hexer.fandom.com/wiki/Wyzima,Romane Orte
Wyzimasee,Wyzimasee,https://hexer.fandom.com/wiki/Wyzimasee,The Witcher Orte
Währungen,Währungen,https://hexer.fandom.com/wiki/Währungen,Kultur
Wäscherei (Drakenborg),Wäscherei_(Drakenborg),https://hexer.fandom.com/wiki/Wäscherei_(Drakenborg),Festungen
Xarthisius' Turm,Xarthisius'_Turm,https://hexer.fandom.com/wiki/Xarthisius'_Turm,Romane Orte
Yantra,Yantra,https://hexer.fandom.com/wiki/Yantra,The Witcher 3 Orte
Yelena,Yelena,https://hexer.fandom.com/wiki/Yelena,Flüsse
Ymlac,Ymlac,https://hexer.fandom.com/wiki/Ymlac,Geografie
Yngvars Zahn,Yngvars_Zahn,https://hexer.fandom.com/wiki/Yngvars_Zahn,The Witcher 3 Orte
Ys,Ys,https://hexer.fandom.com/wiki/Ys,Städte
Ysgith,Ysgith,https://hexer.fandom.com/wiki/Ysgith,Geografie
Yspaden,Yspaden,https://hexer.fandom.com/wiki/Yspaden,Städte
Yustiannas Grotte,Yustiannas_Grotte,https://hexer.fandom.com/wiki/Yustiannas_Grotte,The Witcher 3 Orte
Zammorto-Bank,Zammorto-Bank,https://hexer.fandom.com/wiki/Zammorto-Bank,Banken
Zavada,Zavada,https://hexer.fandom.com/wiki/Zavada,Romane Orte
Zehen des Riesen,Zehen_des_Riesen,https://hexer.fandom.com/wiki/Zehen_des_Riesen,The Witcher 3 Orte
Zerstörte Bastion,Zerstörte_Bastion,https://hexer.fandom.com/wiki/Zerstörte_Bastion,The Witcher 3 Orte
Zerstörte Brücke,Zerstörte_Brücke,https://hexer.fandom.com/wiki/Zerstörte_Brücke,The Witcher 3 Orte
Zerstörtes Dorf,Zerstörtes_Dorf,https://hexer.fandom.com/wiki/Zerstörtes_Dorf,The Witcher 3 Orte
Zerstörtes Elfenheiligtum,Zerstörtes_Elfenheiligtum,https://hexer.fandom.com/wiki/Zerstörtes_Elfenheiligtum,The Witcher 3 Orte
Zeuglnest,Zeuglnest,https://hexer.fandom.com/wiki/Zeuglnest,The Witcher Orte
Zgraggen,Zgraggen,https://hexer.fandom.com/wiki/Zgraggen,Romane Orte
Ziegelbrennerdorf,Ziegelbrennerdorf,https://hexer.fandom.com/wiki/Ziegelbrennerdorf,The Witcher Orte
Zitadelle,Zitadelle,https://hexer.fandom.com/wiki/Zitadelle,Romane Orte
Zoltans Salzmine,Zoltans_Salzmine,https://hexer.fandom.com/wiki/Zoltans_Salzmine,Orte
Zum Alten Narakort,Zum_Alten_Narakort,https://hexer.fandom.com/wiki/Zum_Alten_Narakort,Kultur
Zum Basilisk,Zum_Basilisk,https://hexer.fandom.com/wiki/Zum_Basilisk,The Witcher 3 Orte
Zum Chimärenkopf,Zum_Chimärenkopf,https://hexer.fandom.com/wiki/Zum_Chimärenkopf,Gasthäuser und Kneipen
Zum Fass & Zapfen,Zum_Fass_&_Zapfen,https://hexer.fandom.com/wiki/Zum_Fass_&_Zapfen,The Witcher 3 Orte
Zum Fuchs,Zum_Fuchs,https://hexer.fandom.com/wiki/Zum_Fuchs,Gasthäuser und Kneipen
Zum Goldenen Stör,Zum_Goldenen_Stör,https://hexer.fandom.com/wiki/Zum_Goldenen_Stör,The Witcher 3 Orte
Zum Haarigen Bären,Zum_Haarigen_Bären,https://hexer.fandom.com/wiki/Zum_Haarigen_Bären,Romane Orte
Zum Kessel,Zum_Kessel,https://hexer.fandom.com/wiki/Zum_Kessel,The Witcher 2 Handlungsorte
Zum Krebs und zur Schnecke,Zum_Krebs_und_zur_Schnecke,https://hexer.fandom.com/wiki/Zum_Krebs_und_zur_Schnecke,Romane Orte
Zum Nachdenklichen Drachen,Zum_Nachdenklichen_Drachen,https://hexer.fandom.com/wiki/Zum_Nachdenklichen_Drachen,Kultur
Zum Scharlachroten Kardinal,Zum_Scharlachroten_Kardinal,https://hexer.fandom.com/wiki/Zum_Scharlachroten_Kardinal,The Witcher 3 Orte
Zum Schlauberger,Zum_Schlauberger,https://hexer.fandom.com/wiki/Zum_Schlauberger,The Witcher 3 Orte
Zum Silbernen Salamander,Zum_Silbernen_Salamander,https://hexer.fandom.com/wiki/Zum_Silbernen_Salamander,The Witcher 3 Orte
Zum Stör,Zum_Stör,https://hexer.fandom.com/wiki/Zum_Stör,Kultur
Zum Wildschwein und Hirsch,Zum_Wildschwein_und_Hirsch,https://hexer.fandom.com/wiki/Zum_Wildschwein_und_Hirsch,Romane Orte
Zum Zottelbären,Zum_Zottelbären,https://hexer.fandom.com/wiki/Zum_Zottelbären,Romane Orte
Zum aufgeschnürten Korsett,Zum_aufgeschnürten_Korsett,https://hexer.fandom.com/wiki/Zum_aufgeschnürten_Korsett,Kultur
Zum gehobenen Barbier,Zum_gehobenen_Barbier,https://hexer.fandom.com/wiki/Zum_gehobenen_Barbier,The Witcher 3 Orte
Zum gerissenen Fuchs,Zum_gerissenen_Fuchs,https://hexer.fandom.com/wiki/Zum_gerissenen_Fuchs,Kultur
Zwergenkatakomben,Zwergenkatakomben,https://hexer.fandom.com/wiki/Zwergenkatakomben,The Witcher 2 Handlungsorte
Zwergensprache,Zwergensprache,https://hexer.fandom.com/wiki/Zwergensprache,Kultur
Älteren-Blut,Älteren-Blut,https://hexer.fandom.com/wiki/Älteren-Blut,Kultur
Ödstein,Ödstein,https://hexer.fandom.com/wiki/Ödstein,Gebirge
