Endpunkt,Response,rawResponse
Ort_der_Macht,"[[Datei:Place of Power.png|300px|right|Ort der Macht]]
Ein '''Ort der Macht''' ist eine unsichtbare Stelle in der Natur, an der sich Magie konzentriert.

In der [[Geralt-Saga]] werden solche Orte [[Intersektionen]] genannt. Sie bezeichnen Stellen, an denen magiebegabte Wesen Macht schöpfen können.

==In The Witcher 1==
Im Computerspiel [[The Witcher (Computerspiel)|The Witcher]] gibt es an verschiedenen Orten in der Natur wie auch in Höhlen und Grüften '''Orte der Macht'''. Orte der Macht sind nicht mit [[Kreis der Elemente|Kreisen der Elemente]] zu verwechseln. Ein Ort der Macht wird dann sichtbar, wenn sich [[Geralt von Riva|Geralt]] ihm nähert. Ein konstantes hartes Rauschen geht von Orten der Macht aus und kann zur Orientierung dienen, wenn die magische Quelle selbst noch nicht entdeckt wurde. Geralt kann allerdings sein [[Hexer-Medaillon]] so einstellen, dass es vibriert, sobald er sich magischen Quellen nähert. [[Hexer-Zeichen]] werden von der Magie der Orte der Macht verstärkt.

[[Datei:Marker Place of Power.png|Kartenmarkierung]] Hat Geralt erst einmal einen Ort der Macht in einem Gebiet gefunden, ist dieser auf der Karte durch einen blauen Punkt gekennzeichnet. Je nachdem, welche Stufe Geralts [[:Kategorie:Charakterentwicklung|Charakterentwicklung]] erreicht hat, kann er Energie aus Orten der Macht ziehen, bzw. magische Rituale ausüben.

*'''''Ritual der Magie''''' – die Intensität der Zeichen wird für 5 Stunden um 100% erhöht.
*'''''Ritual der Reinigung''''' – reinigt den Körper von Giften durch Gegner und giftige Nebenwirkungen der [[The Witcher Tränke|Elixiere]]. Ein Ritual der Reinigung hat insofern eine ähnliche Wirkung wie [[Weißer Honig]] mit den zwei Vorteilen, dass zusätzlich eine gewöhnliche Vergiftung neutralisiert wird, die Effekte der Tränke jedoch bestehen bleiben.
*'''''Ritual des Lebens''''' – beschleunigt die Lebensregeneration.

''Linksklick'' auf den blauen Schein aktiviert den Ort der Macht. Geralt erhält dann die verfügbaren vorgenannten Optionen zur Auswahl, sofern dieser Ort der Macht alle Möglichkeiten bietet.

Orte der Macht können mit den [[Intersektionen]] in der [[Geralt-Saga|Hexer Saga]] verglichen werden.

== In The Witcher 2 ==
In {{tw2}} gibt es [[Machtkreis]]e, die vergleichbare Effekte haben.

== In The Witcher 3==
{{Ort der Macht}}

Ein '''Ort der Macht''' im Computerspiel {{tw3}} sieht aus wie ein großer Hinkelstein mit einem Loch in der oberen Mitte. In diesem Loch ist das [[Zeichen]] zu sehen, das bei diesem magischen Stein verstärkt werden kann. Geralt muss eine bestimmte Zeit mit dem Stein interagieren, um die temporären Zeichenverstärkung zu erhalten, die 30 Minuten lang anhalten. Bei der ersten Interaktion erhält er des Weiteren einen Charakterpunkt, der im Charakterbaum für das Verbessern einer Fähigkeit eingesetzt werden kann.

=== Standorte ===
[[Datei:Tw3_map_PoP_White_Orchard.jpg|thumb|300px|Orte der Macht in Weißgarten]]
==== Weißgarten====
''In der Region [[Weißgarten]] gibt es 6 Orte der Macht:''
* auf dem [[Friedhof von Weißgarten]] (Igni)
* nördlich vom Friedhof von Weißgarten (Aard)
* östlich der Straße zwischen der [[Nilfgaardische Garnison|nilfgaardischen Garnison]] und dem Schnellreisepunkt [[Sägemühle (Weißgarten)|Sägemühle]] (Axii)
* nordöstlich des Schnellreisepunktes [[Kicherbrücke]] (Quen)
* südwestlich vom [[Verlassenes Dorf (Weißgarten)|Verlassenen Dorf]] (Quen)
* östlich vom Verlassenen Dorf (Yrden)

{{clear}}
[[Datei:Tw3 map PoP Skellige.jpg|thumb|300px|Orte der Macht in Skellige]]

==== Skellige ====
''In der Region [[Skellige]] gibt es 9 Orte der Macht:''
* auf [[Spikeroog]], westlich von [[Svorlag]], oben auf dem Berg (Igni)
* im Westen von [[Faroe]], westlich des Dorfes [[Harviken]] (Yrden)
* auf [[Ard Skellig]], nur während der Quest [[Sonnenstein]] (Igni)
* im Osten von Ard Skellig, nicht weit östlich des [[Druidenlager]]s (Yrden)
* auf Ard Skellig, südlich von [[Kaer Trolde]] und östlich des Schnellreisepunktes [[Abzweigung]], im Wasser (Axii)
* auf Ard Skellig, in einer Höhle an der Küste (weit östlich von [[Gedyneith]]) - vor dem Torbogen entlang der Mauer hochklettern (Aard)
* auf Ard Skellig, bei [[Kaer Trolde]], im Zuge der Quest [[Die List des Königs]] (Quen)
* im Südwesten von Ard Skellig, südlich des Dorfes [[Fornhala]] (Axii)
* auf [[An Skellig]], beim Schnellreisepunkt [[Yngvars Zahn]] (Quen)

{{clear}}
[[Datei:Tw3 map PoP Velen.jpg|thumb|300px|Orte der Macht in Velen und Novigrad]]

==== Velen ====
''In der Region [[Velen]] gibt es 6 Orte der Macht:''
* nordwestlich von [[Niederwirr]] (Yrden)
* im Zuge der Quest [[Wanderung im Dunkeln]] (in den Ruinen nördlich des Dorfes [[Kleinweg]]) (Yrden)
* beim Schnellreisepunkt [[Lornruk]], nördlich des [[Futterplatz der Harpyien|Futterplatzes der Harpyien]], unter der Brücke, am Wasser (Quen)
* westlich des Schnellreisepunktes [[Alte Eiche]] (Igni)
* südöstlich des Dorfes [[Alness]] (Axii)
* südlich des Dorfes [[Frischlow]] - Vorsicht, Monster! (Aard)

====Novigrad====
''In der Stadt [[Novigrad]] findet sich 1 Ort der Macht:''
* im Norden der Stand beim [[Tempel des Ewigen Feuers]], dem Weg auf der linken Seite folgend (Igni)
{{clear}}
==== Kaer Morhen====
''In der Region [[Kaer Morhen]] gibt es 1 Ort der Macht:''
* im Zuge der Quest [[Die letzte Prüfung]], nordöstlich des Sees (Igni)

==== Parallelwelt ====
* im Zuge der Quest [[Durch Raum und Zeit]], in der Welt mit den roten korallenartigen Pflanzen, den hohen spitzen Felsen und den vielen Giftgassenken; haltet euch links (Quen)

[[Kategorie:Magie]]
[[Kategorie:The Witcher Orte]]
[[Kategorie:The Witcher 2 Orte]]
[[Kategorie:The Witcher 3 Orte]]
[[Kategorie:Seiten mit Tabellen]]

[[el:Πεδίο της Δύναμης]]
[[cs:Místo moci]]
[[en:Place of Power]]
[[fr:Site d'Energie]]
[[it:Luogo di Potere]]
[[hu:Erőhely]]
[[pl:Miejsc Mocy]]","{'batchcomplete': True, 'query': {'normalized': [{'fromencoded': False, 'from': 'Ort_der_Macht', 'to': 'Ort der Macht'}], 'pages': [{'pageid': 2335, 'ns': 0, 'title': 'Ort der Macht', 'revisions': [{'slots': {'main': {'contentmodel': 'wikitext', 'contentformat': 'text/x-wiki', 'content': ""[[Datei:Place of Power.png|300px|right|Ort der Macht]]\nEin '''Ort der Macht''' ist eine unsichtbare Stelle in der Natur, an der sich Magie konzentriert.\n\nIn der [[Geralt-Saga]] werden solche Orte [[Intersektionen]] genannt. Sie bezeichnen Stellen, an denen magiebegabte Wesen Macht schöpfen können.\n\n==In The Witcher 1==\nIm Computerspiel [[The Witcher (Computerspiel)|The Witcher]] gibt es an verschiedenen Orten in der Natur wie auch in Höhlen und Grüften '''Orte der Macht'''. Orte der Macht sind nicht mit [[Kreis der Elemente|Kreisen der Elemente]] zu verwechseln. Ein Ort der Macht wird dann sichtbar, wenn sich [[Geralt von Riva|Geralt]] ihm nähert. Ein konstantes hartes Rauschen geht von Orten der Macht aus und kann zur Orientierung dienen, wenn die magische Quelle selbst noch nicht entdeckt wurde. Geralt kann allerdings sein [[Hexer-Medaillon]] so einstellen, dass es vibriert, sobald er sich magischen Quellen nähert. [[Hexer-Zeichen]] werden von der Magie der Orte der Macht verstärkt.\n\n[[Datei:Marker Place of Power.png|Kartenmarkierung]] Hat Geralt erst einmal einen Ort der Macht in einem Gebiet gefunden, ist dieser auf der Karte durch einen blauen Punkt gekennzeichnet. Je nachdem, welche Stufe Geralts [[:Kategorie:Charakterentwicklung|Charakterentwicklung]] erreicht hat, kann er Energie aus Orten der Macht ziehen, bzw. magische Rituale ausüben.\n\n*'''''Ritual der Magie''''' – die Intensität der Zeichen wird für 5 Stunden um 100% erhöht.\n*'''''Ritual der Reinigung''''' – reinigt den Körper von Giften durch Gegner und giftige Nebenwirkungen der [[The Witcher Tränke|Elixiere]]. Ein Ritual der Reinigung hat insofern eine ähnliche Wirkung wie [[Weißer Honig]] mit den zwei Vorteilen, dass zusätzlich eine gewöhnliche Vergiftung neutralisiert wird, die Effekte der Tränke jedoch bestehen bleiben.\n*'''''Ritual des Lebens''''' – beschleunigt die Lebensregeneration.\n\n''Linksklick'' auf den blauen Schein aktiviert den Ort der Macht. Geralt erhält dann die verfügbaren vorgenannten Optionen zur Auswahl, sofern dieser Ort der Macht alle Möglichkeiten bietet.\n\nOrte der Macht können mit den [[Intersektionen]] in der [[Geralt-Saga|Hexer Saga]] verglichen werden.\n\n== In The Witcher 2 ==\nIn {{tw2}} gibt es [[Machtkreis]]e, die vergleichbare Effekte haben.\n\n== In The Witcher 3==\n{{Ort der Macht}}\n\nEin '''Ort der Macht''' im Computerspiel {{tw3}} sieht aus wie ein großer Hinkelstein mit einem Loch in der oberen Mitte. In diesem Loch ist das [[Zeichen]] zu sehen, das bei diesem magischen Stein verstärkt werden kann. Geralt muss eine bestimmte Zeit mit dem Stein interagieren, um die temporären Zeichenverstärkung zu erhalten, die 30 Minuten lang anhalten. Bei der ersten Interaktion erhält er des Weiteren einen Charakterpunkt, der im Charakterbaum für das Verbessern einer Fähigkeit eingesetzt werden kann.\n\n=== Standorte ===\n[[Datei:Tw3_map_PoP_White_Orchard.jpg|thumb|300px|Orte der Macht in Weißgarten]]\n==== Weißgarten====\n''In der Region [[Weißgarten]] gibt es 6 Orte der Macht:''\n* auf dem [[Friedhof von Weißgarten]] (Igni)\n* nördlich vom Friedhof von Weißgarten (Aard)\n* östlich der Straße zwischen der [[Nilfgaardische Garnison|nilfgaardischen Garnison]] und dem Schnellreisepunkt [[Sägemühle (Weißgarten)|Sägemühle]] (Axii)\n* nordöstlich des Schnellreisepunktes [[Kicherbrücke]] (Quen)\n* südwestlich vom [[Verlassenes Dorf (Weißgarten)|Verlassenen Dorf]] (Quen)\n* östlich vom Verlassenen Dorf (Yrden)\n\n{{clear}}\n[[Datei:Tw3 map PoP Skellige.jpg|thumb|300px|Orte der Macht in Skellige]]\n\n==== Skellige ====\n''In der Region [[Skellige]] gibt es 9 Orte der Macht:''\n* auf [[Spikeroog]], westlich von [[Svorlag]], oben auf dem Berg (Igni)\n* im Westen von [[Faroe]], westlich des Dorfes [[Harviken]] (Yrden)\n* auf [[Ard Skellig]], nur während der Quest [[Sonnenstein]] (Igni)\n* im Osten von Ard Skellig, nicht weit östlich des [[Druidenlager]]s (Yrden)\n* auf Ard Skellig, südlich von [[Kaer Trolde]] und östlich des Schnellreisepunktes [[Abzweigung]], im Wasser (Axii)\n* auf Ard Skellig, in einer Höhle an der Küste (weit östlich von [[Gedyneith]]) - vor dem Torbogen entlang der Mauer hochklettern (Aard)\n* auf Ard Skellig, bei [[Kaer Trolde]], im Zuge der Quest [[Die List des Königs]] (Quen)\n* im Südwesten von Ard Skellig, südlich des Dorfes [[Fornhala]] (Axii)\n* auf [[An Skellig]], beim Schnellreisepunkt [[Yngvars Zahn]] (Quen)\n\n{{clear}}\n[[Datei:Tw3 map PoP Velen.jpg|thumb|300px|Orte der Macht in Velen und Novigrad]]\n\n==== Velen ====\n''In der Region [[Velen]] gibt es 6 Orte der Macht:''\n* nordwestlich von [[Niederwirr]] (Yrden)\n* im Zuge der Quest [[Wanderung im Dunkeln]] (in den Ruinen nördlich des Dorfes [[Kleinweg]]) (Yrden)\n* beim Schnellreisepunkt [[Lornruk]], nördlich des [[Futterplatz der Harpyien|Futterplatzes der Harpyien]], unter der Brücke, am Wasser (Quen)\n* westlich des Schnellreisepunktes [[Alte Eiche]] (Igni)\n* südöstlich des Dorfes [[Alness]] (Axii)\n* südlich des Dorfes [[Frischlow]] - Vorsicht, Monster! (Aard)\n\n====Novigrad====\n''In der Stadt [[Novigrad]] findet sich 1 Ort der Macht:''\n* im Norden der Stand beim [[Tempel des Ewigen Feuers]], dem Weg auf der linken Seite folgend (Igni)\n{{clear}}\n==== Kaer Morhen====\n''In der Region [[Kaer Morhen]] gibt es 1 Ort der Macht:''\n* im Zuge der Quest [[Die letzte Prüfung]], nordöstlich des Sees (Igni)\n\n==== Parallelwelt ====\n* im Zuge der Quest [[Durch Raum und Zeit]], in der Welt mit den roten korallenartigen Pflanzen, den hohen spitzen Felsen und den vielen Giftgassenken; haltet euch links (Quen)\n\n[[Kategorie:Magie]]\n[[Kategorie:The Witcher Orte]]\n[[Kategorie:The Witcher 2 Orte]]\n[[Kategorie:The Witcher 3 Orte]]\n[[Kategorie:Seiten mit Tabellen]]\n\n[[el:Πεδίο της Δύναμης]]\n[[cs:Místo moci]]\n[[en:Place of Power]]\n[[fr:Site d'Energie]]\n[[it:Luogo di Potere]]\n[[hu:Erőhely]]\n[[pl:Miejsc Mocy]]""}}}]}]}}"
Weissgarten,Error: 'revisions',
Tir_na_Lia,Error: 'revisions',
Skellige,"{{Infobox Staat
| NAME = Skellige
| BILD-FLAGGE = Flag_Skellige.png
| BILD-FLAGGE-RAHMEN = 
| BILD-FLAGGE-BREITE = 175px
| BILD-FLAGGE-TEXT = 
| ARTIKEL-FLAGGE = #Flagge
| BILD-WAPPEN = Hrb_unof_Skellige.png
| BILD-WAPPEN-BREITE = 90px
| BILD-WAPPEN-TEXT = 
| ARTIKEL-WAPPEN = #Wappen
| AMTSSPRACHE = [[Alte Sprache]] ([[Skellige Dialekt]])
| HAUPTSTADT = [[Kaer Trolde]] auf der Insel [[Ard Skellig]]
| STAATSFORM = [[:Kategorie:Königreiche|Monarchie]]
| OBERHAUPT = Jarl [[Crach an Craite]]
| WÄHRUNG = unbekannt, wahrscheinlich Cintrischer Golddukaten
| ANMERKUNGEN = 
| BILD-LAGE = Places Skellige.png
| BILD-LAGE-IMAGEMAP = 
| BILD-LAGE-BREITE = 
| BILD-LAGE-BESCHREIBUNG = Skellige auf der Karte des Computerspiels ""The Witcher""
}}
Die '''Skelligen''' bzw. die '''''Skellige-Inseln''''' gehören zu den [[Nördliche Königreiche|nördlichen Königreichen]] und liegen im [[Nördliches Meer|nördlichen Meer]].

Die Skelligen sind von der Westküste von [[Cidaris]] und [[Verden]] sowie vom Nordwesten her von [[Cintra]] zu erreichen.<br />
Auf den Skellige-Inseln wird ein [[Skellige-Dialekt|eigener Dialekt]] gesprochen.

== Nationalzeichen ==
=== Wappen ===
[[Datei:Hrb unof Skellige.png|100px|wahrscheinliches Wappen von Skellige]]

Das Wappen der Skelligen ist bislang noch nicht in den Büchern beschrieben worden. Speziell dieses Wappen wurde entworfen von unserem hiesigen Wappen- und Witcher-Experten [[:en:User:Mboro|Mboro]]. Ein anderes Konzept dieses Wappens ist der [[:File:COA Skellige.png|Tschechische Entwurf]].

=== Flagge ===
[[Datei:Flag Skellige.png|150px|Flagge von Skellige]]

Die Flagge der Skellige-Inseln ist bislang noch nicht in den Büchern beschrieben worden. Diese Flagge wurde entworfen von unserem hiesigen Wappen- und Witcher-Experten [[:en:User:Mboro|Mboro]].

==Kultur==
===Einwohner===
Auf dem Kontinent sind die Skelliger als harte, zähe Männer und Frauen mit zuweilen rauen Manieren bekannt und gefürchtet. Die Skelliger sind stolz auf ihre Tradition als Seefahrer sowie auf ihre Drachenboote, auch wenn ihre Häfen hinsichtlich der Anzahl der pro Jahr fertiggestellten Einheiten nicht mit denen in [[Cidaris]] mithalten können.

Im Gegensatz zu den Einwohnern des Kontinents sind die Inselbewohner überwiegend frei und besitzen nahezu die gleichen Rechte wie ihre Jarls und Könige, da die Kluft zwischen höheren und niedrigeren Klassen geringer ist. Auch sind Frauen und Männer rechtlich gleichberechtigt und beide werden in Kriegs- und Seefahrtskünsten ausgebildet. In der Praxis bestehen jedoch immer noch einige diskriminierende Vorbehalte; für eine Frau ist es viel schwieriger, eine Führungsposition zu erreichen.
===Traditionen===
Jugendliche Skelliger veranstalten Wettkämpfe im ""Lachsspringen"", einer Art Mutprobe, bei der man auf Schlittschuhen über Felsspitzen springt, die aus dem Eis hervorragen.

Ein Brauch der Skelliger besagt, dass einem Mädchen ein wertvolles Geschenk von ihrem ersten Liebhaber zusteht.

== Persönlichkeiten ==
[[Datei:Skelligeclansconcept.png|thumb|400px|Clans von Skellige]]
'''Adel und Königsfamilien''':
* [[Bran von Skellige|König Bran]]
* [[Crach an Craite]]
* [[Eist Tuirseach]]
* [[Mäussack]]
* [[Hjalmar]]

'''Zauberer''':
* [[Lytta Neyd]]
* [[Marquard]]

'''Clans''':<br>
In {{tw3}} werden verschiedene Stammesfamilien vorgestellt, die auch jeweils durch eigene Clan-Farben zu erkennen sind:
* [[Clan an Craite|An Craite]] (Rot)
* [[Clan Tuirseach|Tuirseach]] (Türkis)
* [[Clan Brokvar|Brokvar]] (Grau)
* [[Clan Heymaey|Heymaey]] (Gelb)
* [[Clan Dimun|Dimun]] (Braun)
* [[Clan Drummond|Drummond]] (Lila)
* [[Clan Tordarroch|Tordarroch]]

:''siehe auch: [[Clans von Skellige]]''
{{clear}}

==Inseln==
[[Bild:MapSkellige.jpg|thumb|right|Skellige Inseln]]
* [[Ard Skellig]]
* [[An Skellig]]
* [[Faroe]]
* [[Hindarsfjall]]
* [[Spikeroog]]
* [[Undvik]]


'''Städte und Dörfer''':
* [[Dalvik]] (nur {{tw3}}) 

'''Gebäude und Einrichtungen''':
* [[Kaer Trolde]]
* [[Allenker]]-Bucht
* [[Hindar]]
* [[Kambi]]
* [[Kaer Hemdall]]
* [[Freya|Tempel der Freya]]

{{Zitat|ST|dtv 2010|381 f.|Von den oberen Terrassen der Zitadelle Kaer Trolde, der Hauptfestung von Ard Skellig, war fast der ganze Archipel zu sehen. Geradeaus, hinter der Meerenge, lag An Skellig, auf der südlichen Seite niedrig und flach, auf der nicht sichtbaren nördlichen steil und von Fjorden durchzogen. Links, weit entfernt, teilte mit den scharfen Hauern der Klippen das hohe und grüne Spikeroog die Wogen, dessen Berggipfel in den Wolken verschwanden. Zur Rechten sah man die steilen Kliffs der Insel Undvik, auf denen es von Möwen, Sturmvögeln, Kormoranen und Tölpeln wimmelte. Hinter Undvik lugte der bewaldete Kegel von Hindarsfjall hervor, der kleinsten Insel des Archipels. Wäre man indes bis zur Spitze eines der Türme von Kaer Trolde hinaufgestiegen und hätte in südliche Richtung geschaut, so hätte man die einsame, von den anderen abgeschiedene Insel Faroe erblickt, die aus dem Wasser ragte wie der Rücken eines riesigen Fisches, dem der Ozean zu flach ist.}}

==Gwint und Gwent==
* Im Minispiel [[Gwint]] gibt es in der Erweiterung ''[[Blood and Wine]]'' des Computerspiels ''[[The Witcher 3: Wild Hunt]]'' einen [[Skellige (Gwint-Kartensatz)|Skellige-Kartensatz]].
* Im standalone Kartenspiel ''[[Gwent: The Witcher Card Game]]'' ist ebenfalls eine Skellige-Fraktion vertreten, ''Details siehe: {{G|Skellige}}'' 

[[Kategorie:Königreiche]]
[[Kategorie:Inseln]]
[[Kategorie:The Witcher 3 Orte]]

[[el:Skellige]]
[[ar:سكيلج]]
[[cs:Skellige]]
[[en:Skellige]]
[[fr:Skellige]]
[[es:Skellige]]
[[it:Skellige]]
[[nl:Skellige]]
[[pl:Skellige]]
[[pt-br:Skellige]]
[[ru:Острова Скеллиге]]
[[sk:Skelligé]]
[[uk:Скелліге]]","{'batchcomplete': True, 'query': {'pages': [{'pageid': 3144, 'ns': 0, 'title': 'Skellige', 'revisions': [{'slots': {'main': {'contentmodel': 'wikitext', 'contentformat': 'text/x-wiki', 'content': '{{Infobox Staat\n| NAME = Skellige\n| BILD-FLAGGE = Flag_Skellige.png\n| BILD-FLAGGE-RAHMEN = \n| BILD-FLAGGE-BREITE = 175px\n| BILD-FLAGGE-TEXT = \n| ARTIKEL-FLAGGE = #Flagge\n| BILD-WAPPEN = Hrb_unof_Skellige.png\n| BILD-WAPPEN-BREITE = 90px\n| BILD-WAPPEN-TEXT = \n| ARTIKEL-WAPPEN = #Wappen\n| AMTSSPRACHE = [[Alte Sprache]] ([[Skellige Dialekt]])\n| HAUPTSTADT = [[Kaer Trolde]] auf der Insel [[Ard Skellig]]\n| STAATSFORM = [[:Kategorie:Königreiche|Monarchie]]\n| OBERHAUPT = Jarl [[Crach an Craite]]\n| WÄHRUNG = unbekannt, wahrscheinlich Cintrischer Golddukaten\n| ANMERKUNGEN = \n| BILD-LAGE = Places Skellige.png\n| BILD-LAGE-IMAGEMAP = \n| BILD-LAGE-BREITE = \n| BILD-LAGE-BESCHREIBUNG = Skellige auf der Karte des Computerspiels ""The Witcher""\n}}\nDie \'\'\'Skelligen\'\'\' bzw. die \'\'\'\'\'Skellige-Inseln\'\'\'\'\' gehören zu den [[Nördliche Königreiche|nördlichen Königreichen]] und liegen im [[Nördliches Meer|nördlichen Meer]].\n\nDie Skelligen sind von der Westküste von [[Cidaris]] und [[Verden]] sowie vom Nordwesten her von [[Cintra]] zu erreichen.<br />\nAuf den Skellige-Inseln wird ein [[Skellige-Dialekt|eigener Dialekt]] gesprochen.\n\n== Nationalzeichen ==\n=== Wappen ===\n[[Datei:Hrb unof Skellige.png|100px|wahrscheinliches Wappen von Skellige]]\n\nDas Wappen der Skelligen ist bislang noch nicht in den Büchern beschrieben worden. Speziell dieses Wappen wurde entworfen von unserem hiesigen Wappen- und Witcher-Experten [[:en:User:Mboro|Mboro]]. Ein anderes Konzept dieses Wappens ist der [[:File:COA Skellige.png|Tschechische Entwurf]].\n\n=== Flagge ===\n[[Datei:Flag Skellige.png|150px|Flagge von Skellige]]\n\nDie Flagge der Skellige-Inseln ist bislang noch nicht in den Büchern beschrieben worden. Diese Flagge wurde entworfen von unserem hiesigen Wappen- und Witcher-Experten [[:en:User:Mboro|Mboro]].\n\n==Kultur==\n===Einwohner===\nAuf dem Kontinent sind die Skelliger als harte, zähe Männer und Frauen mit zuweilen rauen Manieren bekannt und gefürchtet. Die Skelliger sind stolz auf ihre Tradition als Seefahrer sowie auf ihre Drachenboote, auch wenn ihre Häfen hinsichtlich der Anzahl der pro Jahr fertiggestellten Einheiten nicht mit denen in [[Cidaris]] mithalten können.\n\nIm Gegensatz zu den Einwohnern des Kontinents sind die Inselbewohner überwiegend frei und besitzen nahezu die gleichen Rechte wie ihre Jarls und Könige, da die Kluft zwischen höheren und niedrigeren Klassen geringer ist. Auch sind Frauen und Männer rechtlich gleichberechtigt und beide werden in Kriegs- und Seefahrtskünsten ausgebildet. In der Praxis bestehen jedoch immer noch einige diskriminierende Vorbehalte; für eine Frau ist es viel schwieriger, eine Führungsposition zu erreichen.\n===Traditionen===\nJugendliche Skelliger veranstalten Wettkämpfe im ""Lachsspringen"", einer Art Mutprobe, bei der man auf Schlittschuhen über Felsspitzen springt, die aus dem Eis hervorragen.\n\nEin Brauch der Skelliger besagt, dass einem Mädchen ein wertvolles Geschenk von ihrem ersten Liebhaber zusteht.\n\n== Persönlichkeiten ==\n[[Datei:Skelligeclansconcept.png|thumb|400px|Clans von Skellige]]\n\'\'\'Adel und Königsfamilien\'\'\':\n* [[Bran von Skellige|König Bran]]\n* [[Crach an Craite]]\n* [[Eist Tuirseach]]\n* [[Mäussack]]\n* [[Hjalmar]]\n\n\'\'\'Zauberer\'\'\':\n* [[Lytta Neyd]]\n* [[Marquard]]\n\n\'\'\'Clans\'\'\':<br>\nIn {{tw3}} werden verschiedene Stammesfamilien vorgestellt, die auch jeweils durch eigene Clan-Farben zu erkennen sind:\n* [[Clan an Craite|An Craite]] (Rot)\n* [[Clan Tuirseach|Tuirseach]] (Türkis)\n* [[Clan Brokvar|Brokvar]] (Grau)\n* [[Clan Heymaey|Heymaey]] (Gelb)\n* [[Clan Dimun|Dimun]] (Braun)\n* [[Clan Drummond|Drummond]] (Lila)\n* [[Clan Tordarroch|Tordarroch]]\n\n:\'\'siehe auch: [[Clans von Skellige]]\'\'\n{{clear}}\n\n==Inseln==\n[[Bild:MapSkellige.jpg|thumb|right|Skellige Inseln]]\n* [[Ard Skellig]]\n* [[An Skellig]]\n* [[Faroe]]\n* [[Hindarsfjall]]\n* [[Spikeroog]]\n* [[Undvik]]\n\n\n\'\'\'Städte und Dörfer\'\'\':\n* [[Dalvik]] (nur {{tw3}}) \n\n\'\'\'Gebäude und Einrichtungen\'\'\':\n* [[Kaer Trolde]]\n* [[Allenker]]-Bucht\n* [[Hindar]]\n* [[Kambi]]\n* [[Kaer Hemdall]]\n* [[Freya|Tempel der Freya]]\n\n{{Zitat|ST|dtv 2010|381 f.|Von den oberen Terrassen der Zitadelle Kaer Trolde, der Hauptfestung von Ard Skellig, war fast der ganze Archipel zu sehen. Geradeaus, hinter der Meerenge, lag An Skellig, auf der südlichen Seite niedrig und flach, auf der nicht sichtbaren nördlichen steil und von Fjorden durchzogen. Links, weit entfernt, teilte mit den scharfen Hauern der Klippen das hohe und grüne Spikeroog die Wogen, dessen Berggipfel in den Wolken verschwanden. Zur Rechten sah man die steilen Kliffs der Insel Undvik, auf denen es von Möwen, Sturmvögeln, Kormoranen und Tölpeln wimmelte. Hinter Undvik lugte der bewaldete Kegel von Hindarsfjall hervor, der kleinsten Insel des Archipels. Wäre man indes bis zur Spitze eines der Türme von Kaer Trolde hinaufgestiegen und hätte in südliche Richtung geschaut, so hätte man die einsame, von den anderen abgeschiedene Insel Faroe erblickt, die aus dem Wasser ragte wie der Rücken eines riesigen Fisches, dem der Ozean zu flach ist.}}\n\n==Gwint und Gwent==\n* Im Minispiel [[Gwint]] gibt es in der Erweiterung \'\'[[Blood and Wine]]\'\' des Computerspiels \'\'[[The Witcher 3: Wild Hunt]]\'\' einen [[Skellige (Gwint-Kartensatz)|Skellige-Kartensatz]].\n* Im standalone Kartenspiel \'\'[[Gwent: The Witcher Card Game]]\'\' ist ebenfalls eine Skellige-Fraktion vertreten, \'\'Details siehe: {{G|Skellige}}\'\' \n\n[[Kategorie:Königreiche]]\n[[Kategorie:Inseln]]\n[[Kategorie:The Witcher 3 Orte]]\n\n[[el:Skellige]]\n[[ar:سكيلج]]\n[[cs:Skellige]]\n[[en:Skellige]]\n[[fr:Skellige]]\n[[es:Skellige]]\n[[it:Skellige]]\n[[nl:Skellige]]\n[[pl:Skellige]]\n[[pt-br:Skellige]]\n[[ru:Острова Скеллиге]]\n[[sk:Skelligé]]\n[[uk:Скелліге]]'}}}]}]}}"
Kaer_Morhen,"{{Infoboxortebuch
| name         = Kaer Morhen
| bild         = Tw3_coming_home_-_way_to_kaer_morhen.jpg
| beschriftung = Weg nach Kaer Morhen, Screenshot aus einer Vorversion von ""[[The Witcher 3: Wild Hunt]]"" im März 2015
| size         =
| bild2        = Tw1 EE Kaer Morhen.jpg
| beschriftung2 = Ansicht auf die Hexerfeste in der [[The Witcher: Enhanced Edition]]
| size2        =
| bild3        = Map_Northern_Kingdoms.png
| beschriftung3 = Die [[Nördliche Königreiche|Nördlichen Königreiche]], im Nordosten die Hexerfeste Kaer Morhen
| size3        =
| art          = [[:Kategorie:Festungen|Festung]]
| lage         = in den Bergen von [[Kaedwen]]
| vorkommen    = <div style = ""float:right;""> </div>
* Bücher:
**[[Der letzte Wunsch]] (erstmalig erwähnt)
**[[Das Erbe der Elfen]] (Handlungsort)
*Spiele:
**[[#In The Witcher 1|The Witcher (1)]]
**[[#In The Witcher 3|The Witcher 3: Wild Hunt]]
**[[The Witcher: Abenteuerspiel]]
| vorkommenklein = n
}}
'''Kaer Morhen''' ist die alte Feste der [[Hexer]], in der die [[Hexer-Ausbildung|Hexer ausgebildet]] wurden. Diese Bezeichnung ist eine Abwandlung der Originalbezeichnung ""Caer a'Muirehen"" aus der [[Alte Sprache|Alten Sprache]], was so viel wie ""Die Festung Vom Alten Meer""{{refkurz|EE|205}} bedeutet. Die Hexer-Festung liegt in den Bergen des Königreiches [[Kaedwen]].
==In der [[Geralt-Saga]]==
In alten Zeiten wurden die Hexer hier ausgebildet und unterzogen sich der Mutation, daher nannte sich die Einrichtung auch ""[[Wolfsschule]]"", denn ihre ""Absolventen"" erhielten ein [[Medaillon]] in Form eines Wolfskopfes mit aufgerissenem Maul. Fanatiker, die in den Hexern scheußliche Abnormitäten sahen, erstürmten jedoch die Feste und töteten die meisten der Ausbilder. Heute lebt nur noch Vesemir auf Kaer Morhen. Hin und wieder kommen andere Hexer nach Kaer Morhen, wenn sie auf der Durchreise während ihrer Mission hier ausruhen wollen – meistens über die Wintermonate.

Geralt zu [[Iola]] im [[Tempel der Melitele]], wo er sich von einer schweren Verletzung erholte, in einem Monolog:
{{Zitat|LW,SV4|dtv 2007|159|Mein Haus ist Kaer Morhen, die Heimstatt der Hexer.<br>Dort stamme ich her. Es gibt ... Es gab so eine Festung.<br>Viel ist nicht von ihr übrig.<br>Kaer Morhen ... Dort sind solche wie ich hergestellt worden. Jetzt schon nicht mehr, und in Kaer Morhen wohnt niemand mehr. Niemand außer Vesemir.}}

'''Mehr:'''
* [[Kaer Morhen Inneneinrichtung]]
* [[Kaer Morhen Gesellschaftssaal]]

==In {{tw1}}==
Im Computerspiel [[The Witcher (Computerspiel)|The Witcher]] ist Kaer Morhen eine unzugängliche Festung in den Bergen und bereits seit Jahrzehnten das Hauptquartier der Bruderschaft der Hexer. Der Name Kaer Morhen stammt aus der Sprache der [[Elfen]]. Das Original ""Caer a'Muirehen"" wird mit ""Alte See-Festung"" übersetzt.
Die Glanzzeiten der Hexer-Festung gehören der Vergangenheit an. Festungsmauern und Burggräben sind verfallen und Ruinenreste. Ein kalter Wind weht durch die weitläufigen Hallen. Momentan halten sich lediglich eine Handvoll Hexer hier auf. Aber es hat einmal eine Zeit gegeben, da haben sich hier junge Knaben einer grausamen Ausbildung unterzogen, insbesondere des berühmt-berüchtigten ""Spießrutenlaufen"" um Kaer Morhen.

Der [[The Witcher Prolog|Prolog]] von The Witcher spielt in Kaer Morhen. Es ist nicht möglich, die Hexer Festung während des Prologs zu verlassen. Bevor Geralt Kaer Morhen verlässt, sollte er sich mit [[Hamstern und verhökern (Prolog)|Vorräten]] ausstatten.

===Journal===
[[The Witcher Journal#Orte|Ortseintrag]] im Journal über Kaer Morhen:
:''Kaer Morhen ist eine unzugängliche Bergfeste, in der seit Jahrhunderten die Hexerzunft ihr Hauptquartier hat. Der Name leitet sich aus der Elfensprache ab, in der ""Caer a'Muirehen"" so viel wie ""Festung vom Alten Meer"" heißt. Die Burg hat ihre besten Zeiten längst hinter sich, Zinnen und Burggraben sind verfallen, ein kalter Wind weht durch die geräumigen Hallen. Jetzt lebt nur noch eine Handvoll Hexer hier, aber einst absolvierten viele Knaben die grausame Ausbildung im berüchtigten ""Spießrutensaal"" von Kaer Morhen.''
:''Vor einigen Jahren hat eine Horde Fanatiker, deren Hass von verschiedenen, verleumderischen Veröffentlichungen über die Hexer geschürt wurde, Kaer Morhen in Schutt und Asche gelegt. Allerdings hätte der Mob die Festung nicht ohne Hilfe von Magiern erobern oder vernichten können. Praktisch alle, die sich in der ""Festung vom Alten Meer"" zur Zeit des Angriffs aufhielten, starben. Von den Hexern, die Kaer Morhen als ihr Zuhause betrachteten, überlebten nur die wenigen, die damals auf Reisen waren. Die Gebeine der Verstorbenen wurden im Festungsgraben belassen, damit sie an das Massaker, genährt vom Hass auf die Wechselbälger, erinnern sollen.''

===Architektur===
[[Datei:Loading KM gate day.png|thumb|right|300px|Kaer Morhen - Konzeptzeichnung Eingang / Ladebildschirm beim Betreten der Burg in ""The Witcher""]]
* [[Kaer Morhen Burghof|Innenhof]]
* Parterre
* Erster Stock
** [[Kaer Morhen Küche|Küche]]
** [[Kaer Morhen Speisesaal|Speisesaal]] 
* Zweiter Stock
** [[Kaer Morhen Gesellschaftssaal|Gesellschaftssaal]]
** [[Kaer Morhen Bibliothek|Bibliothek]]
** [[Waffenkammer Kaer Morhen|Waffenkammer]]
** [[Kaer Morhen Westsaal|Westsaal]]
** [[Triss' Gemach (Kaer Morhen)|Triss' Gemach]]
* Untergeschoss
** [[Hexer-Laboratorium]]

===Hauptcharaktere in Kaer Morhen===
* [[Eskel]] – Hexer, dessen Gesicht mit einer großen Narbe gezeichnet ist
* [[Lambert]] – Hexer mit sehr spitzer Zunge insbesondere Triss Merigold gegenüber
* [[Leo]] – ein junger Hexer während der Ausbildung, der anscheinend in [[Geralt von Riva|Geralt]] ein Vorbild sieht
* [[Triss Merigold]] – eine alte Freundin von Geralt
* [[Vesemir]] – erfahrener Hexer, der andere Hexer auf Kaer Morhen ausbildet

===The Witcher - Karten und Lagepläne===
<center><br><span style=""color:#E57F00"">'''Spoiler-Hinweis!'''</span><br>Die Karten enthalten diverse Spoiler.</center>
<gallery>
Map KM Erdgeschoss.jpg|Erdgeschoss von Kaer Morhen
Map Hexerlabor.jpg|Hexerlabor
Map KM Obergeschoss.jpg|Obergeschoss von Kaer Morhen
Map KM Triss.jpg|Zimmer von Triss im Obergeschoss
Map KM Hof.jpg|Hof von Kaer Morhen
</gallery>

===Preis der Neutralität===
In der Modifikation ""[[Preis der Neutralität]]"" ist Kaer Morhen, bzw. der Innenhof ein Handlungsort.<br>
Handlungsorte im Detail sind:
* [[Tal von Kaer Morhen]]
* [[Lager bei Kaer Morhen]]
* [[Alte Mine]]

== In {{tw3}} ==
Kaer Morhen ist einer der Handlungsorte im dritten Teil der The Witcher-Reihe ""The Witcher 3: Wild Hunt"". Seine Umgebung soll vollständig begeh- und erkundbar sein.<br>Das Tutorial zum Computerspiel wird auf Kaer Morhen spielen, der Hexer hat jedoch die Möglichkeit, auch später dorthin zurückzukehren.<ref>[http://forums.cdprojektred.com/threads/34251-Developer-Spotlight-Miles-Tost?p=1574325&viewfull=1#post1574325 Community-Interview mit Miles Tost]</ref>.

===Orte===
* Hexerfeste Kaer Morhen
* [[Bastion]]
* [[Eisenmine]]
* [[Hütte am See]]
* [[Alter Signalturm]]
* [[Verfallener Wachturm]]

===Quests===
* [[Bastion (Quest)]]
* [[Kaer Morhen (Quest)]]
* [[Schatzsuche: Wolfsschulenausrüstung]]

==Literaturstellen==
Geralt erinnert [[Yennefer]]s Kampf mit dem [[Djinn]] an eine Begebenheit aus seiner Kindheit:
{{Zitat|LW,DW|dtv 2007|336|Vor Jahren, als er, noch ganz ein Rotzbengel, die Lehre in Kaer Morhen, der Heimstatt der Hexer, begonnen hatte, hatten er und sein Mitschüler [[Eskel]] eine große Waldhummel gefangen und sie anschließend mit einem aus dem Hemd gezogenen Faden an einem Krug befestigt, der auf dem Tisch stand. Sie sahen zu, was die gefesselte Hummel anstellte, und lachten sich halbtot, bis Vesemir, ihr Lehrmeister, sie bei dieser Beschäftigung erwischte und beide mit dem Riemen verprügelte.}}

Als Geralt überlegt, welche Geschichte er [[Ciri]] und [[Braenn]] bei ihrem Nachtlager im [[Brokilon]] erzählen soll:
{{Zitat|SV,SV|dtv 2008|336|Klar, dachte er. Kleinen [[Dryaden]] mangelt es an Märchen. So wie kleinen Hexern.<br>Denn den einen wie den anderen erzählt selten jemand ein Märchen vor dem Einschlafen. Kleine Dryaden schlafen mit dem Rauschen der Bäume ein. Kleine Hexer schlafen mit dem Schmerz in den Muskeln ein. Uns haben auch die Augen geglänzt, so wie Braenn, als wir Vesemirs Märchen hörten, dort in Kaer Morhen. Aber das ist ja lange her ... so lange ...}}

[[Triss Merigold]] auf dem Weg nach Kaer Morhen:
{{Zitat|EE|dtv 2008|59 f.|Über dem Hohlweg lag, auf riesige Felsblöcke gestützt, waagerecht ein mächtiger Baumstamm, dunkel, kahl, grün von Moos. Triss ritt näher heran, um sich zu vergewissern,
dass das wirklich die Spur war und nicht ein zufällig vom Unwetter gefällter Baum. Sie bemerkte jedoch einen unscheinbaren schmalen Pfad, der im Wald verschwand. Sie konnte sich nicht irren – das war zweifellos die [[Hexer-Training#Die Spur|Spur]], der rings um das Schloss Kaer Morhen verlaufende, mit Hindernissen gespickte Weg, auf dem die Hexer schnelles Laufen und Atemkontrolle trainierten. Er hieß »die Spur«, doch Triss wusste, dass die jungen Hexer dafür einen eigenen Namen hatten: »die Quälerei«.}}

Triss und Ciri vor Kaer Morhen:
{{Zitat|EE|dtv 2008|64 f.|Sie ritten durch die nächste Schlucht und kamen auf eine runde Anhöhe. Von hier aus war schon die an die Felshänge geschmiegte Ruine von Kaer Morhen zu sehen – das teilweise zerstörte Trapez der Schildmauer, die Reste des Zwingers und des Tores, der geborstene Stumpf des Bergfrieds.<br>Der Wallach schnaubte und warf den Kopf hin und her, als sie auf den Überbleibseln der Brücke den Graben überquerten.<br>Triss zog die Zügel an. Auf sie selbst machten die Schädel und Gerippe, mit denen der Boden des Grabens bedeckt war, keinen Eindruck.}}

Ciri wendet auf der Flucht vor Rience und einem hellhaarigen Elf das auf Kaer Morhen Erlernte an:
{{Zitat|ZV|dtv 2009|??|Ciri schluckte Speichel hinunter. Der steinerne Steg, die Überbleibsel einer Brücke, war nicht schmaler als das Schaukelbrett in Kaer Morhen, und sie war Dutzende Male auf das Schaukelbrett gesprungen, sie konnte den Sprung abfedern und das Gleichgewicht halten. Das Schaukelbrett der Hexer freilich hing vier Fuß über dem Boden, unter dem steinernen Steg jedoch gähnte ein derart tiefer Abgrund, dass die Steinplatten des Hofes nicht einmal handgroß aussahen.}}

[[Reynart de Bois-Fresnes|Ritter Reynart]] unterhält sich mit Geralt über [[Basilisk (Kreatur)|Basilisken]]:
{{Zitat|DS|dtv 2011|??|»Brrr … Und welchen von ihnen, sag, kann man mit Hilfe eines Spiegels erledigen?«<br>»Jeden. Wenn man ihm den Spiegel geradezu vor den Kopf haut.«<br>Reynart de Bois-Fresnes lachte laut auf. Geralt lachte nicht, der Witz mit dem Basilisken und dem Spiegel hatte ihn schon in Kaer Morhen angeödet, die Lehrer hatten ihn übermäßig strapaziert. Auch nicht besonders komisch waren Witze über Jungfrauen und [[Einhorn|Einhörner]]. Den Rekord an Dummheit und Primitivität hatten jedoch in Kaer Morhen die zahlreichen Versionen des Witzes von dem [[Drachen]]weibchen gehalten, dem ein junger Hexer wegen einer Wette die rechte Pfote drücken sollte.<br>Er lächelte. Wegen der Erinnerung.}}

==Galerie ==
<gallery>
Kaer Morhen (Spielmodus The Witcher).png|Die Hexerburg in ''The Witcher''
Places Kaer Morhen.png|Die Hexerburg in ''The Witcher''
Places Witcher Laboratory.png|Das Hexer-Laboratorium in ''The Witcher''
Places Kaer morhen valley 2.png|Das Tal von Kaer Morhen in ''The Witcher''
Places Kaer morhen valley.png|Im Tal von Kaer Morhen in ''The Witcher''
TW3 Kaer Morhen Panorama.jpg|Panorama-Bild in ''The Witcher 3''
The Witcher 3 E3 2014 trailer Kaer Morhen.png|Panorama-Ansicht aus dem Trailer der E3 2014 zu ''The Witcher 3''
Tw3 coming home - way to kaer morhen.jpg|""Coming home — Weg nach Kaer Morhen""; Screenshot aus einer Vorversion von ''The Witcher 3'' im März 2015
</gallery>

==Fußnoten==
<references />

[[Kategorie:Festungen]]
[[Kategorie:Romane Orte]]
[[Kategorie:The Witcher Orte]]
[[Kategorie:The Witcher 3 Orte]]

[[cs:Kaer Morhen]]
[[en:Kaer Morhen]]
[[es:Kaer Morhen]]
[[fr:Kaer Morhen]]
[[hu:Kaer Morhen]]
[[it:Kaer Morhen]]
[[nl:Kaer Morhen]]
[[pl:Kaer Morhen]]
[[pt-br:Kaer Morhen]]
[[ru:Каэр Морхен]]
[[sk:Kaer Morhen]]
[[sr:Kaer Morhen]]
[[tr:Kaer Morhen]]
[[uk:Каер-Морен]]
[[zh:凱爾‧莫罕]]","{'batchcomplete': True, 'query': {'normalized': [{'fromencoded': False, 'from': 'Kaer_Morhen', 'to': 'Kaer Morhen'}], 'pages': [{'pageid': 1637, 'ns': 0, 'title': 'Kaer Morhen', 'revisions': [{'slots': {'main': {'contentmodel': 'wikitext', 'contentformat': 'text/x-wiki', 'content': '{{Infoboxortebuch\n| name         = Kaer Morhen\n| bild         = Tw3_coming_home_-_way_to_kaer_morhen.jpg\n| beschriftung = Weg nach Kaer Morhen, Screenshot aus einer Vorversion von ""[[The Witcher 3: Wild Hunt]]"" im März 2015\n| size         =\n| bild2        = Tw1 EE Kaer Morhen.jpg\n| beschriftung2 = Ansicht auf die Hexerfeste in der [[The Witcher: Enhanced Edition]]\n| size2        =\n| bild3        = Map_Northern_Kingdoms.png\n| beschriftung3 = Die [[Nördliche Königreiche|Nördlichen Königreiche]], im Nordosten die Hexerfeste Kaer Morhen\n| size3        =\n| art          = [[:Kategorie:Festungen|Festung]]\n| lage         = in den Bergen von [[Kaedwen]]\n| vorkommen    = <div style = ""float:right;""> </div>\n* Bücher:\n**[[Der letzte Wunsch]] (erstmalig erwähnt)\n**[[Das Erbe der Elfen]] (Handlungsort)\n*Spiele:\n**[[#In The Witcher 1|The Witcher (1)]]\n**[[#In The Witcher 3|The Witcher 3: Wild Hunt]]\n**[[The Witcher: Abenteuerspiel]]\n| vorkommenklein = n\n}}\n\'\'\'Kaer Morhen\'\'\' ist die alte Feste der [[Hexer]], in der die [[Hexer-Ausbildung|Hexer ausgebildet]] wurden. Diese Bezeichnung ist eine Abwandlung der Originalbezeichnung ""Caer a\'Muirehen"" aus der [[Alte Sprache|Alten Sprache]], was so viel wie ""Die Festung Vom Alten Meer""{{refkurz|EE|205}} bedeutet. Die Hexer-Festung liegt in den Bergen des Königreiches [[Kaedwen]].\n==In der [[Geralt-Saga]]==\nIn alten Zeiten wurden die Hexer hier ausgebildet und unterzogen sich der Mutation, daher nannte sich die Einrichtung auch ""[[Wolfsschule]]"", denn ihre ""Absolventen"" erhielten ein [[Medaillon]] in Form eines Wolfskopfes mit aufgerissenem Maul. Fanatiker, die in den Hexern scheußliche Abnormitäten sahen, erstürmten jedoch die Feste und töteten die meisten der Ausbilder. Heute lebt nur noch Vesemir auf Kaer Morhen. Hin und wieder kommen andere Hexer nach Kaer Morhen, wenn sie auf der Durchreise während ihrer Mission hier ausruhen wollen – meistens über die Wintermonate.\n\nGeralt zu [[Iola]] im [[Tempel der Melitele]], wo er sich von einer schweren Verletzung erholte, in einem Monolog:\n{{Zitat|LW,SV4|dtv 2007|159|Mein Haus ist Kaer Morhen, die Heimstatt der Hexer.<br>Dort stamme ich her. Es gibt ... Es gab so eine Festung.<br>Viel ist nicht von ihr übrig.<br>Kaer Morhen ... Dort sind solche wie ich hergestellt worden. Jetzt schon nicht mehr, und in Kaer Morhen wohnt niemand mehr. Niemand außer Vesemir.}}\n\n\'\'\'Mehr:\'\'\'\n* [[Kaer Morhen Inneneinrichtung]]\n* [[Kaer Morhen Gesellschaftssaal]]\n\n==In {{tw1}}==\nIm Computerspiel [[The Witcher (Computerspiel)|The Witcher]] ist Kaer Morhen eine unzugängliche Festung in den Bergen und bereits seit Jahrzehnten das Hauptquartier der Bruderschaft der Hexer. Der Name Kaer Morhen stammt aus der Sprache der [[Elfen]]. Das Original ""Caer a\'Muirehen"" wird mit ""Alte See-Festung"" übersetzt.\nDie Glanzzeiten der Hexer-Festung gehören der Vergangenheit an. Festungsmauern und Burggräben sind verfallen und Ruinenreste. Ein kalter Wind weht durch die weitläufigen Hallen. Momentan halten sich lediglich eine Handvoll Hexer hier auf. Aber es hat einmal eine Zeit gegeben, da haben sich hier junge Knaben einer grausamen Ausbildung unterzogen, insbesondere des berühmt-berüchtigten ""Spießrutenlaufen"" um Kaer Morhen.\n\nDer [[The Witcher Prolog|Prolog]] von The Witcher spielt in Kaer Morhen. Es ist nicht möglich, die Hexer Festung während des Prologs zu verlassen. Bevor Geralt Kaer Morhen verlässt, sollte er sich mit [[Hamstern und verhökern (Prolog)|Vorräten]] ausstatten.\n\n===Journal===\n[[The Witcher Journal#Orte|Ortseintrag]] im Journal über Kaer Morhen:\n:\'\'Kaer Morhen ist eine unzugängliche Bergfeste, in der seit Jahrhunderten die Hexerzunft ihr Hauptquartier hat. Der Name leitet sich aus der Elfensprache ab, in der ""Caer a\'Muirehen"" so viel wie ""Festung vom Alten Meer"" heißt. Die Burg hat ihre besten Zeiten längst hinter sich, Zinnen und Burggraben sind verfallen, ein kalter Wind weht durch die geräumigen Hallen. Jetzt lebt nur noch eine Handvoll Hexer hier, aber einst absolvierten viele Knaben die grausame Ausbildung im berüchtigten ""Spießrutensaal"" von Kaer Morhen.\'\'\n:\'\'Vor einigen Jahren hat eine Horde Fanatiker, deren Hass von verschiedenen, verleumderischen Veröffentlichungen über die Hexer geschürt wurde, Kaer Morhen in Schutt und Asche gelegt. Allerdings hätte der Mob die Festung nicht ohne Hilfe von Magiern erobern oder vernichten können. Praktisch alle, die sich in der ""Festung vom Alten Meer"" zur Zeit des Angriffs aufhielten, starben. Von den Hexern, die Kaer Morhen als ihr Zuhause betrachteten, überlebten nur die wenigen, die damals auf Reisen waren. Die Gebeine der Verstorbenen wurden im Festungsgraben belassen, damit sie an das Massaker, genährt vom Hass auf die Wechselbälger, erinnern sollen.\'\'\n\n===Architektur===\n[[Datei:Loading KM gate day.png|thumb|right|300px|Kaer Morhen - Konzeptzeichnung Eingang / Ladebildschirm beim Betreten der Burg in ""The Witcher""]]\n* [[Kaer Morhen Burghof|Innenhof]]\n* Parterre\n* Erster Stock\n** [[Kaer Morhen Küche|Küche]]\n** [[Kaer Morhen Speisesaal|Speisesaal]] \n* Zweiter Stock\n** [[Kaer Morhen Gesellschaftssaal|Gesellschaftssaal]]\n** [[Kaer Morhen Bibliothek|Bibliothek]]\n** [[Waffenkammer Kaer Morhen|Waffenkammer]]\n** [[Kaer Morhen Westsaal|Westsaal]]\n** [[Triss\' Gemach (Kaer Morhen)|Triss\' Gemach]]\n* Untergeschoss\n** [[Hexer-Laboratorium]]\n\n===Hauptcharaktere in Kaer Morhen===\n* [[Eskel]] – Hexer, dessen Gesicht mit einer großen Narbe gezeichnet ist\n* [[Lambert]] – Hexer mit sehr spitzer Zunge insbesondere Triss Merigold gegenüber\n* [[Leo]] – ein junger Hexer während der Ausbildung, der anscheinend in [[Geralt von Riva|Geralt]] ein Vorbild sieht\n* [[Triss Merigold]] – eine alte Freundin von Geralt\n* [[Vesemir]] – erfahrener Hexer, der andere Hexer auf Kaer Morhen ausbildet\n\n===The Witcher - Karten und Lagepläne===\n<center><br><span style=""color:#E57F00"">\'\'\'Spoiler-Hinweis!\'\'\'</span><br>Die Karten enthalten diverse Spoiler.</center>\n<gallery>\nMap KM Erdgeschoss.jpg|Erdgeschoss von Kaer Morhen\nMap Hexerlabor.jpg|Hexerlabor\nMap KM Obergeschoss.jpg|Obergeschoss von Kaer Morhen\nMap KM Triss.jpg|Zimmer von Triss im Obergeschoss\nMap KM Hof.jpg|Hof von Kaer Morhen\n</gallery>\n\n===Preis der Neutralität===\nIn der Modifikation ""[[Preis der Neutralität]]"" ist Kaer Morhen, bzw. der Innenhof ein Handlungsort.<br>\nHandlungsorte im Detail sind:\n* [[Tal von Kaer Morhen]]\n* [[Lager bei Kaer Morhen]]\n* [[Alte Mine]]\n\n== In {{tw3}} ==\nKaer Morhen ist einer der Handlungsorte im dritten Teil der The Witcher-Reihe ""The Witcher 3: Wild Hunt"". Seine Umgebung soll vollständig begeh- und erkundbar sein.<br>Das Tutorial zum Computerspiel wird auf Kaer Morhen spielen, der Hexer hat jedoch die Möglichkeit, auch später dorthin zurückzukehren.<ref>[http://forums.cdprojektred.com/threads/34251-Developer-Spotlight-Miles-Tost?p=1574325&viewfull=1#post1574325 Community-Interview mit Miles Tost]</ref>.\n\n===Orte===\n* Hexerfeste Kaer Morhen\n* [[Bastion]]\n* [[Eisenmine]]\n* [[Hütte am See]]\n* [[Alter Signalturm]]\n* [[Verfallener Wachturm]]\n\n===Quests===\n* [[Bastion (Quest)]]\n* [[Kaer Morhen (Quest)]]\n* [[Schatzsuche: Wolfsschulenausrüstung]]\n\n==Literaturstellen==\nGeralt erinnert [[Yennefer]]s Kampf mit dem [[Djinn]] an eine Begebenheit aus seiner Kindheit:\n{{Zitat|LW,DW|dtv 2007|336|Vor Jahren, als er, noch ganz ein Rotzbengel, die Lehre in Kaer Morhen, der Heimstatt der Hexer, begonnen hatte, hatten er und sein Mitschüler [[Eskel]] eine große Waldhummel gefangen und sie anschließend mit einem aus dem Hemd gezogenen Faden an einem Krug befestigt, der auf dem Tisch stand. Sie sahen zu, was die gefesselte Hummel anstellte, und lachten sich halbtot, bis Vesemir, ihr Lehrmeister, sie bei dieser Beschäftigung erwischte und beide mit dem Riemen verprügelte.}}\n\nAls Geralt überlegt, welche Geschichte er [[Ciri]] und [[Braenn]] bei ihrem Nachtlager im [[Brokilon]] erzählen soll:\n{{Zitat|SV,SV|dtv 2008|336|Klar, dachte er. Kleinen [[Dryaden]] mangelt es an Märchen. So wie kleinen Hexern.<br>Denn den einen wie den anderen erzählt selten jemand ein Märchen vor dem Einschlafen. Kleine Dryaden schlafen mit dem Rauschen der Bäume ein. Kleine Hexer schlafen mit dem Schmerz in den Muskeln ein. Uns haben auch die Augen geglänzt, so wie Braenn, als wir Vesemirs Märchen hörten, dort in Kaer Morhen. Aber das ist ja lange her ... so lange ...}}\n\n[[Triss Merigold]] auf dem Weg nach Kaer Morhen:\n{{Zitat|EE|dtv 2008|59 f.|Über dem Hohlweg lag, auf riesige Felsblöcke gestützt, waagerecht ein mächtiger Baumstamm, dunkel, kahl, grün von Moos. Triss ritt näher heran, um sich zu vergewissern,\ndass das wirklich die Spur war und nicht ein zufällig vom Unwetter gefällter Baum. Sie bemerkte jedoch einen unscheinbaren schmalen Pfad, der im Wald verschwand. Sie konnte sich nicht irren – das war zweifellos die [[Hexer-Training#Die Spur|Spur]], der rings um das Schloss Kaer Morhen verlaufende, mit Hindernissen gespickte Weg, auf dem die Hexer schnelles Laufen und Atemkontrolle trainierten. Er hieß »die Spur«, doch Triss wusste, dass die jungen Hexer dafür einen eigenen Namen hatten: »die Quälerei«.}}\n\nTriss und Ciri vor Kaer Morhen:\n{{Zitat|EE|dtv 2008|64 f.|Sie ritten durch die nächste Schlucht und kamen auf eine runde Anhöhe. Von hier aus war schon die an die Felshänge geschmiegte Ruine von Kaer Morhen zu sehen – das teilweise zerstörte Trapez der Schildmauer, die Reste des Zwingers und des Tores, der geborstene Stumpf des Bergfrieds.<br>Der Wallach schnaubte und warf den Kopf hin und her, als sie auf den Überbleibseln der Brücke den Graben überquerten.<br>Triss zog die Zügel an. Auf sie selbst machten die Schädel und Gerippe, mit denen der Boden des Grabens bedeckt war, keinen Eindruck.}}\n\nCiri wendet auf der Flucht vor Rience und einem hellhaarigen Elf das auf Kaer Morhen Erlernte an:\n{{Zitat|ZV|dtv 2009|??|Ciri schluckte Speichel hinunter. Der steinerne Steg, die Überbleibsel einer Brücke, war nicht schmaler als das Schaukelbrett in Kaer Morhen, und sie war Dutzende Male auf das Schaukelbrett gesprungen, sie konnte den Sprung abfedern und das Gleichgewicht halten. Das Schaukelbrett der Hexer freilich hing vier Fuß über dem Boden, unter dem steinernen Steg jedoch gähnte ein derart tiefer Abgrund, dass die Steinplatten des Hofes nicht einmal handgroß aussahen.}}\n\n[[Reynart de Bois-Fresnes|Ritter Reynart]] unterhält sich mit Geralt über [[Basilisk (Kreatur)|Basilisken]]:\n{{Zitat|DS|dtv 2011|??|»Brrr … Und welchen von ihnen, sag, kann man mit Hilfe eines Spiegels erledigen?«<br>»Jeden. Wenn man ihm den Spiegel geradezu vor den Kopf haut.«<br>Reynart de Bois-Fresnes lachte laut auf. Geralt lachte nicht, der Witz mit dem Basilisken und dem Spiegel hatte ihn schon in Kaer Morhen angeödet, die Lehrer hatten ihn übermäßig strapaziert. Auch nicht besonders komisch waren Witze über Jungfrauen und [[Einhorn|Einhörner]]. Den Rekord an Dummheit und Primitivität hatten jedoch in Kaer Morhen die zahlreichen Versionen des Witzes von dem [[Drachen]]weibchen gehalten, dem ein junger Hexer wegen einer Wette die rechte Pfote drücken sollte.<br>Er lächelte. Wegen der Erinnerung.}}\n\n==Galerie ==\n<gallery>\nKaer Morhen (Spielmodus The Witcher).png|Die Hexerburg in \'\'The Witcher\'\'\nPlaces Kaer Morhen.png|Die Hexerburg in \'\'The Witcher\'\'\nPlaces Witcher Laboratory.png|Das Hexer-Laboratorium in \'\'The Witcher\'\'\nPlaces Kaer morhen valley 2.png|Das Tal von Kaer Morhen in \'\'The Witcher\'\'\nPlaces Kaer morhen valley.png|Im Tal von Kaer Morhen in \'\'The Witcher\'\'\nTW3 Kaer Morhen Panorama.jpg|Panorama-Bild in \'\'The Witcher 3\'\'\nThe Witcher 3 E3 2014 trailer Kaer Morhen.png|Panorama-Ansicht aus dem Trailer der E3 2014 zu \'\'The Witcher 3\'\'\nTw3 coming home - way to kaer morhen.jpg|""Coming home — Weg nach Kaer Morhen""; Screenshot aus einer Vorversion von \'\'The Witcher 3\'\' im März 2015\n</gallery>\n\n==Fußnoten==\n<references />\n\n[[Kategorie:Festungen]]\n[[Kategorie:Romane Orte]]\n[[Kategorie:The Witcher Orte]]\n[[Kategorie:The Witcher 3 Orte]]\n\n[[cs:Kaer Morhen]]\n[[en:Kaer Morhen]]\n[[es:Kaer Morhen]]\n[[fr:Kaer Morhen]]\n[[hu:Kaer Morhen]]\n[[it:Kaer Morhen]]\n[[nl:Kaer Morhen]]\n[[pl:Kaer Morhen]]\n[[pt-br:Kaer Morhen]]\n[[ru:Каэр Морхен]]\n[[sk:Kaer Morhen]]\n[[sr:Kaer Morhen]]\n[[tr:Kaer Morhen]]\n[[uk:Каер-Морен]]\n[[zh:凱爾‧莫罕]]'}}}]}]}}"
Nowigrad,"{{Infoboxortebuch
| name     = Freie Stadt Nowigrad
| bild = TW3 screen-Novigrad.jpg
| beschriftung = Novigrad im Computerspiel ""[[The Witcher 3: Wild Hunt]]""
| bild2 = Map NovigradOxenfurt.jpg
| beschriftung2 = Nowigrad und Oxenfurt
| art = [[:Kategorie:Städte|Städte]]
| lage = [[Redanien]], an der Nordküste des Flusses [[Pontar]], nordwestlich von [[Oxenfurt]]
| buecher =
| vorkommen = <div style = ""float:right;"">&nbsp;</div>
*Bücher:
**[[Der letzte Wunsch]] (erstes Auftreten, nur erwähnt)
**[[Das Schwert der Vorsehung]]
**[[Das Erbe der Elfen]] (nur erwähnt)
**[[Der Schwalbenturm]] (nur erwähnt)
**[[Die Dame vom See]]
**[[Zeit des Sturms]]
*Computerspiele:
**[[The Witcher (Computerspiel)|The Witcher 1]] (nur erwähnt)
**[[The Witcher 2: Assassins of Kings]] (nur erwähnt)
**[[The Witcher 3: Wild Hunt]]
*Nichtvirtuelle Spiel:
**[[Wiedźmin: Gra Wyobraźni]]
**[[The Witcher: Adventure Game]]
*Film und TV-Serie:
**[[Dolina Kwiatów (The Hexer)]]
| vorkommenklein = j
}}
'''Nowigrad''' (bzw. ''Novigrad'' in [[The Witcher 3: Wild Hunt]]) ist eine freie und unabhängige Hafenstadt am [[Nördliches Meer|nördlichen Meer]] in [[Redanien]] und zählt zu den Städten mit Handelsbeziehungen zum [[Kontinent]]. Nowigrad unterhält einen [[Novigrader Geheimdienst|eigenen Geheimdienst]].

Sie ist ein Handlungsort in ""[[Das Ewige Feuer (Kurzgeschichte)]]"" aus dem Kurzgeschichtenband ""[[Das Schwert der Vorsehung]]"" und wird im Roman ""[[Die Dame vom See]]"" (""Pani jeziora"") erwähnt.

==In den Büchern==
Rittersporn zu Geralt bei ihrem Zusammentreffen in der Stadt:
{{Zitat|SV,EF|dtv 2008|164 - 165|»(...) Hier in Nowigrad, der Hauptstadt der Welt, dem Mittelpunkt und der Wiege der Kultur. Hier kann ein heller Kopf aus voller Brust atmen!«<br>»Vielleicht sollten wir zum freien Atmen eine Gasse weiter gehen«, schlug Geralt angesichts eines heruntergekommenen Subjekts vor, das sich, niedergehockt und mit hervorquellenden Augen, in einer Seitengasse entleerte.<br>»Dein ewiger Sarkasmus geht mir allmählich auf die Nerven.« Wieder verzog Rittersporn das Gesicht. »Nowigrad, sag ich dir, ist die Hauptstadt der Welt. Fast dreißigtausend Einwohner, Zugereiste nicht gezählt, Geralt, kannst du dir das vorstellen? Gemauerte Häuser, die Hauptstraßen gepflastert, ein Seehafen, Lagerhäuser, vier Wassermühlen, Schlachthäuser, Sägewerke, eine große Stiefelmanufaktur, dazu alle nur denkbaren Zünfte und Gewerke. Eine Wechselstube, acht Banken und neunzehn Leihhäuser. Ein Schloss und eine Stadtwache, dass es einem den Atem verschlägt. Und Unterhaltung – ein Schafott, ein Galgen mit Falltür, fünfunddreißig Herbergen, ein Theater, eine Menagerie, zwei Märkte und zwölf Bordelle. Und Tempel, ich weiß nicht mehr, wie viele. Viele. Na, und diese Frauen, Geralt, gewaschen, frisiert und parfümiert, die Atlas-, Samt- und Seidenstoffe, diese Korsetts und Bänder ... Oh, Geralt! (...)«}}

===Orte===
* Tempel des [[Kult des Ewigen Feuers|Ewigen Feuers]]
* Freudenhaus [[Passiflora]]
* Herberge [[Lanzenspitze]]
* [[Westmarkt (Novigrad)|Westmarkt]]
* Bankhaus und Börse [[Vimme Vivaldi]]
''Weitere Orte aus {{tw3}} siehe [[#Orte im Novigrader Stadtgebiet|unten]].''

===Persönlichkeiten===
*[[Cyrus Engelkind Hemmelfart]] (""Die Dame vom See"")
*[[Chappelle]]
*[[Vimme Vivaldi]]
*[[Schwann]]
*[[Dudu]]
*[[Vespula]]
*[[Gebrüder Borsody]]
*[[Abner de Navarette]]

===Währung===
Die gültige [[Währungen|Währung]] von Redanien sind die [[Novigrad|Nowigrader]] [[Krone]] und der [[Kopper]].

=== Wappen===
Das Wappen von Nowigrad wird in den [[Geralt-Saga|Hexer-Büchern]] kaum beschrieben. Die hier dargestellte Wappen wurden von Fans auf verschiedenen Informationsgrundlagen entworfen.
<gallery>
COA Novigrad1.svg|Entwurf des Nowigrader Wappens von [[:en:User:SMiki5five|SMiki55]], basierend auf Bildern aus ""[[The Witcher 3: Wild Hunt]]""
COA Novigrad2.svg|Nowigrader Wappen, alternatives Konzept von SMiki55
Hrb unof Novigrad.png|Mutmaßliches Wappen von Nowigrad, Entwurf von [[:en:User:Mboro|Mboro]], Fachmann der Hexerwelt und Wappenkunde
COA Novigrad.png|Tschechisches Konzept
COA Novigrad RPG.png|Version aus Heft 2 der Zeitschrift ""[[:en:Wiedźmin: Gra Wyobraźni#Biały Wilk (White Wolf) magazine|Biały Wilk]]"" (Der Weiße Wolf).
</gallery>
{{clear}}

=={{film/tv}}==
In den Film- und TV-Produktionen [[The Hexer]] beginnt der 7. Teil ''The Valley of Flowers'' (Dolina Kwiatów) in Nowigrad.

=={{tw1}}==
[[Datei:People Novigrad traveller.png|right|100px|der Handelsreisende]]
Im Computerspiel [[The Witcher (Computerspiel)|The Witcher]] begegnet [[Geralt von Riva]] im ersten Kapitel im [[Umland von Wyzima]] einem Kaufmann aus Nowigrad. Von diesem Kaufmann hatte Geralt vor Jahren einen [[Garkin]]-Auftrag erhalten. Damals konnte er Geralt nicht bezahlen. Als er ihn in Wyzima wiedersieht, erkennt er ihn und zahlt Geralt aus.
{{clear}}
=={{tw3}}==
'''Novigrad''' ist im Computerspiel ""The Witcher 3"" ein zentraler Handlungsort. Sie ist die größte Stadt in der Welt des Hexers, zusammen mit ihrem Umland. Ihre Gestaltung wurde inspiriert vom mittelalterlichen {{W|Amsterdam}} und sie hat eine ähnliche Rolle inne wie {{W|Venedig}} während des 15. und 16. Jh. Sie ist also eine sehr mächtige, freie Handelsstaddt - reicher und stärker als viele andere der Königreiche im Süden.<ref>[http://www.el33tonline.com/feature/2013/09/02/gamescom-2013-exclusive-the-witcher-3-wild-hunt-interview-discusses-setting-combat-refinements/?utm_source=rss&utm_medium=rss&utm_campaign=gamescom-2013-exclusive-the-witcher-3-wild-hunt-interview-discusses-setting-combat-refinements gamescom 2013: Exclusive The Witcher 3: Wild Hunt interview discusses setting, combat refinements], zuletzt besucht am 05.09.2013</ref>

In {{tw3}} ist Nowigrad - neben dem [[Velen|Niemandsland]] und den [[Skellige]]-Inseln - eines der drei Hauptgebiete in der offenen Welt des Spiels. Es besteht aus vier Stadtteilen:<ref>[http://www.youtube.com/watch?v=sufwxU_Uaz4 The Witcher 3 Gameplay Demo - IGN Live: E3 2014] (bei Min 5:55)</ref>:
* Reichenviertel
* Armenviertel
* Hafenviertel
* Bordellviertel.

===Kartenbeschreibung===
:''Diese große Stadt war einst Teil Redaniens, aber jetzt besitzt sie den Status einer freien Stadt. Novigrad ist die größte Stadt der Welt und zweifelsohne auch die reichste. Als Heimat des Kults des Ewigen Feuers wird die Stadt offiziell von dem Hierarchen der Kirche regiert, aber die verbrecherischen Herrscher der Unterwelt haben in dieser Angelegenheit ebenfalls ein Wörtchen mitzureden.''

=== Stadtteile ===
{{cols|3|
* [[Die Scherben]]
* [[Ferneck]]
* [[Fischmarkt]]
* [[Gildorf]]
* [[Hafenviertel]]
* [[Spitzenhall]]
* [[Stinkende Hecke]]
* [[Silberstein]]
* [[Tempelinsel]]
}}

===Orte im Novigrader Stadtgebiet===
{{cols|3|
* [[Badehaus]]
* Bankhaus und Börse [[Vimme Vivaldi]]
* [[Dreibergtor]]
* Freudenhaus [[Passiflora]]
* Freudenhaus [[Krüppelkati]]
* Herberge [[Lanzenspitze]]
* [[Hafen von Novigrad]]
* [[Kurfürstenplatz]]
* [[Novigrader Docks]]
* [[Oxenfurter Tor]]
* [[Platz des Hierarchen]]
* [[St. Georgs Brücke]]
* [[Südtor]]
* Taverne [[Der Eisvogel]]
* [[Tempelinsel]]
* Tempel des [[Kult des Ewigen Feuers|Ewigen Feuers]]
* [[Tor des Hierarchen]]
* [[Laden von Percival Schuttenbach]] (ein Easter Egg)
}}

===Orte im Novigrader Umland===
{{cols|1|
* [[Holzfällerhütte]]
* [[Imkerei Honigwab]]
* [[Die Sieben Katzen]]
}}

===Quests===
{{cols|2|
<dpl>
 category=The Witcher 3 Quests
 nottitlematch=The Witcher 3%|Anschlagtafeln
 uses = Vorlage:infoboxquest3
 linksto=Novigrad
</dpl>
}}

===Nowigrads Rolle im dritten Nilfgaard-Krieg===

Während des dritten Nördlichen Krieges ist Novigard ein entschiedener Faktor für den Kriegsverlauf. Sowohl die Nördlichen Königreiche unter [[Radovid der Strenge|Radovid]], welcher in [[Oxenfurt]] Quartier bezogen hatte, als auch Nilfgaard unter [[Emhyr var Emreis|Kaiser Emhyr]], die bis zum Südufer des [[Pontar]] vorgedrungen waren, wollen die freie Stadt einnehmen, um mit der Novigrader Flotte und den Goldreserven der Stadt einen entschiedenen Vorteil zu erhalten und das Kriegsglück zu wenden. Später gelangt es jedoch redanischen Truppen die Stadt einzunehmen.

Durch die Hexenverfolgungen kommt es in jener Zeit zu etlichen Verbrennungen in der Stadt.

==Galerie==
===Orte und Gebäude===
====The Witcher 3 — Concept Art====
<gallery>
Datei:Tw3 concept art Novigrad Seaport.jpg|Seehafen
Datei:Tw3 concept art Novigrad Seaport2.jpg|Seehafen - weitere Ansicht
Datei:Tw3 concept art City docks.jpg|Docks
Datei:Tw3 concept art Novigrad street2.jpg|Straße in einem reicheren Teil der Stadt
Datei:Tw3 concept art Novigrad street.jpg|Slums
Datei:Tw3 concept art town.jpg|Großer Tempel (Große Spitze?)
</gallery>

====Biały Wilk 2====
<gallery>
Datei:BW2HD.png|Nowigrad auf dem Cover des 2. Heftes vom Magazin ""Biały Wilk"" (Der Weiße Wolf) zum Spiel ""[[Wiedźmin: Gra Wyobraźni]]""
Datei:RPG Novigrad Seaport.png|Seehafen
</gallery>

===Personen===
====The Witcher 1====
<gallery>
Datei:Places Oxenfurt.png|Lage von Nowigrad auf der Karte von CD Projekt RED
Datei:People Novigrad traveller.png|Ein Händler
</gallery>
====Biały Wilk 2====
<gallery>
Datei:Chappelle rpg.png|[[Chappelle]]
Datei:Muskrat rpg.png|[[Pizmak]]
Datei:Schwann rpg.png|[[Schwann]]
Datei:Thommas Kretschmar rpg.png|[[Thommas Kretschmar]]
Datei:Cosma Cianfanelli RPG.png|[[Cosma Cianfanelli]]
Datei:Fritz Kreft rpg.png|Ein Offizier von [[Chappelle]]s Wachen
Datei:Chappelle's guardsman rpg.png|Einer von [[Chappelle]]s Wachen
Datei:Novigradan sailor rpg.png|Ein Seemann
Datei:Thief or burglar rpg.png|Ein Dieb oder Verbrecher
Datei:Novigradan pauper rpg.png|Ein Bettler
</gallery>

==Fußnoten==
<references />

[[ar:نوفيغراد]]
[[cs:Novigrad]]
[[en:Novigrad]]
[[es:Novigrado]]
[[fr:Novigrad]]
[[it:Novigrad]]
[[lt:Naujamiesty]]
[[nl:Novigrad]]
[[pl:Novigrad]]
[[pt-br:Novigrad]]
[[ru:Новиград]]
[[uk:Новіград]]

[[Kategorie:Städte]]
[[Kategorie:Romane Orte]]
[[Kategorie:The Witcher 3 Orte]]","{'batchcomplete': True, 'query': {'pages': [{'pageid': 2227, 'ns': 0, 'title': 'Nowigrad', 'revisions': [{'slots': {'main': {'contentmodel': 'wikitext', 'contentformat': 'text/x-wiki', 'content': '{{Infoboxortebuch\n| name     = Freie Stadt Nowigrad\n| bild = TW3 screen-Novigrad.jpg\n| beschriftung = Novigrad im Computerspiel ""[[The Witcher 3: Wild Hunt]]""\n| bild2 = Map NovigradOxenfurt.jpg\n| beschriftung2 = Nowigrad und Oxenfurt\n| art = [[:Kategorie:Städte|Städte]]\n| lage = [[Redanien]], an der Nordküste des Flusses [[Pontar]], nordwestlich von [[Oxenfurt]]\n| buecher =\n| vorkommen = <div style = ""float:right;"">&nbsp;</div>\n*Bücher:\n**[[Der letzte Wunsch]] (erstes Auftreten, nur erwähnt)\n**[[Das Schwert der Vorsehung]]\n**[[Das Erbe der Elfen]] (nur erwähnt)\n**[[Der Schwalbenturm]] (nur erwähnt)\n**[[Die Dame vom See]]\n**[[Zeit des Sturms]]\n*Computerspiele:\n**[[The Witcher (Computerspiel)|The Witcher 1]] (nur erwähnt)\n**[[The Witcher 2: Assassins of Kings]] (nur erwähnt)\n**[[The Witcher 3: Wild Hunt]]\n*Nichtvirtuelle Spiel:\n**[[Wiedźmin: Gra Wyobraźni]]\n**[[The Witcher: Adventure Game]]\n*Film und TV-Serie:\n**[[Dolina Kwiatów (The Hexer)]]\n| vorkommenklein = j\n}}\n\'\'\'Nowigrad\'\'\' (bzw. \'\'Novigrad\'\' in [[The Witcher 3: Wild Hunt]]) ist eine freie und unabhängige Hafenstadt am [[Nördliches Meer|nördlichen Meer]] in [[Redanien]] und zählt zu den Städten mit Handelsbeziehungen zum [[Kontinent]]. Nowigrad unterhält einen [[Novigrader Geheimdienst|eigenen Geheimdienst]].\n\nSie ist ein Handlungsort in ""[[Das Ewige Feuer (Kurzgeschichte)]]"" aus dem Kurzgeschichtenband ""[[Das Schwert der Vorsehung]]"" und wird im Roman ""[[Die Dame vom See]]"" (""Pani jeziora"") erwähnt.\n\n==In den Büchern==\nRittersporn zu Geralt bei ihrem Zusammentreffen in der Stadt:\n{{Zitat|SV,EF|dtv 2008|164 - 165|»(...) Hier in Nowigrad, der Hauptstadt der Welt, dem Mittelpunkt und der Wiege der Kultur. Hier kann ein heller Kopf aus voller Brust atmen!«<br>»Vielleicht sollten wir zum freien Atmen eine Gasse weiter gehen«, schlug Geralt angesichts eines heruntergekommenen Subjekts vor, das sich, niedergehockt und mit hervorquellenden Augen, in einer Seitengasse entleerte.<br>»Dein ewiger Sarkasmus geht mir allmählich auf die Nerven.« Wieder verzog Rittersporn das Gesicht. »Nowigrad, sag ich dir, ist die Hauptstadt der Welt. Fast dreißigtausend Einwohner, Zugereiste nicht gezählt, Geralt, kannst du dir das vorstellen? Gemauerte Häuser, die Hauptstraßen gepflastert, ein Seehafen, Lagerhäuser, vier Wassermühlen, Schlachthäuser, Sägewerke, eine große Stiefelmanufaktur, dazu alle nur denkbaren Zünfte und Gewerke. Eine Wechselstube, acht Banken und neunzehn Leihhäuser. Ein Schloss und eine Stadtwache, dass es einem den Atem verschlägt. Und Unterhaltung – ein Schafott, ein Galgen mit Falltür, fünfunddreißig Herbergen, ein Theater, eine Menagerie, zwei Märkte und zwölf Bordelle. Und Tempel, ich weiß nicht mehr, wie viele. Viele. Na, und diese Frauen, Geralt, gewaschen, frisiert und parfümiert, die Atlas-, Samt- und Seidenstoffe, diese Korsetts und Bänder ... Oh, Geralt! (...)«}}\n\n===Orte===\n* Tempel des [[Kult des Ewigen Feuers|Ewigen Feuers]]\n* Freudenhaus [[Passiflora]]\n* Herberge [[Lanzenspitze]]\n* [[Westmarkt (Novigrad)|Westmarkt]]\n* Bankhaus und Börse [[Vimme Vivaldi]]\n\'\'Weitere Orte aus {{tw3}} siehe [[#Orte im Novigrader Stadtgebiet|unten]].\'\'\n\n===Persönlichkeiten===\n*[[Cyrus Engelkind Hemmelfart]] (""Die Dame vom See"")\n*[[Chappelle]]\n*[[Vimme Vivaldi]]\n*[[Schwann]]\n*[[Dudu]]\n*[[Vespula]]\n*[[Gebrüder Borsody]]\n*[[Abner de Navarette]]\n\n===Währung===\nDie gültige [[Währungen|Währung]] von Redanien sind die [[Novigrad|Nowigrader]] [[Krone]] und der [[Kopper]].\n\n=== Wappen===\nDas Wappen von Nowigrad wird in den [[Geralt-Saga|Hexer-Büchern]] kaum beschrieben. Die hier dargestellte Wappen wurden von Fans auf verschiedenen Informationsgrundlagen entworfen.\n<gallery>\nCOA Novigrad1.svg|Entwurf des Nowigrader Wappens von [[:en:User:SMiki5five|SMiki55]], basierend auf Bildern aus ""[[The Witcher 3: Wild Hunt]]""\nCOA Novigrad2.svg|Nowigrader Wappen, alternatives Konzept von SMiki55\nHrb unof Novigrad.png|Mutmaßliches Wappen von Nowigrad, Entwurf von [[:en:User:Mboro|Mboro]], Fachmann der Hexerwelt und Wappenkunde\nCOA Novigrad.png|Tschechisches Konzept\nCOA Novigrad RPG.png|Version aus Heft 2 der Zeitschrift ""[[:en:Wiedźmin: Gra Wyobraźni#Biały Wilk (White Wolf) magazine|Biały Wilk]]"" (Der Weiße Wolf).\n</gallery>\n{{clear}}\n\n=={{film/tv}}==\nIn den Film- und TV-Produktionen [[The Hexer]] beginnt der 7. Teil \'\'The Valley of Flowers\'\' (Dolina Kwiatów) in Nowigrad.\n\n=={{tw1}}==\n[[Datei:People Novigrad traveller.png|right|100px|der Handelsreisende]]\nIm Computerspiel [[The Witcher (Computerspiel)|The Witcher]] begegnet [[Geralt von Riva]] im ersten Kapitel im [[Umland von Wyzima]] einem Kaufmann aus Nowigrad. Von diesem Kaufmann hatte Geralt vor Jahren einen [[Garkin]]-Auftrag erhalten. Damals konnte er Geralt nicht bezahlen. Als er ihn in Wyzima wiedersieht, erkennt er ihn und zahlt Geralt aus.\n{{clear}}\n=={{tw3}}==\n\'\'\'Novigrad\'\'\' ist im Computerspiel ""The Witcher 3"" ein zentraler Handlungsort. Sie ist die größte Stadt in der Welt des Hexers, zusammen mit ihrem Umland. Ihre Gestaltung wurde inspiriert vom mittelalterlichen {{W|Amsterdam}} und sie hat eine ähnliche Rolle inne wie {{W|Venedig}} während des 15. und 16. Jh. Sie ist also eine sehr mächtige, freie Handelsstaddt - reicher und stärker als viele andere der Königreiche im Süden.<ref>[http://www.el33tonline.com/feature/2013/09/02/gamescom-2013-exclusive-the-witcher-3-wild-hunt-interview-discusses-setting-combat-refinements/?utm_source=rss&utm_medium=rss&utm_campaign=gamescom-2013-exclusive-the-witcher-3-wild-hunt-interview-discusses-setting-combat-refinements gamescom 2013: Exclusive The Witcher 3: Wild Hunt interview discusses setting, combat refinements], zuletzt besucht am 05.09.2013</ref>\n\nIn {{tw3}} ist Nowigrad - neben dem [[Velen|Niemandsland]] und den [[Skellige]]-Inseln - eines der drei Hauptgebiete in der offenen Welt des Spiels. Es besteht aus vier Stadtteilen:<ref>[http://www.youtube.com/watch?v=sufwxU_Uaz4 The Witcher 3 Gameplay Demo - IGN Live: E3 2014] (bei Min 5:55)</ref>:\n* Reichenviertel\n* Armenviertel\n* Hafenviertel\n* Bordellviertel.\n\n===Kartenbeschreibung===\n:\'\'Diese große Stadt war einst Teil Redaniens, aber jetzt besitzt sie den Status einer freien Stadt. Novigrad ist die größte Stadt der Welt und zweifelsohne auch die reichste. Als Heimat des Kults des Ewigen Feuers wird die Stadt offiziell von dem Hierarchen der Kirche regiert, aber die verbrecherischen Herrscher der Unterwelt haben in dieser Angelegenheit ebenfalls ein Wörtchen mitzureden.\'\'\n\n=== Stadtteile ===\n{{cols|3|\n* [[Die Scherben]]\n* [[Ferneck]]\n* [[Fischmarkt]]\n* [[Gildorf]]\n* [[Hafenviertel]]\n* [[Spitzenhall]]\n* [[Stinkende Hecke]]\n* [[Silberstein]]\n* [[Tempelinsel]]\n}}\n\n===Orte im Novigrader Stadtgebiet===\n{{cols|3|\n* [[Badehaus]]\n* Bankhaus und Börse [[Vimme Vivaldi]]\n* [[Dreibergtor]]\n* Freudenhaus [[Passiflora]]\n* Freudenhaus [[Krüppelkati]]\n* Herberge [[Lanzenspitze]]\n* [[Hafen von Novigrad]]\n* [[Kurfürstenplatz]]\n* [[Novigrader Docks]]\n* [[Oxenfurter Tor]]\n* [[Platz des Hierarchen]]\n* [[St. Georgs Brücke]]\n* [[Südtor]]\n* Taverne [[Der Eisvogel]]\n* [[Tempelinsel]]\n* Tempel des [[Kult des Ewigen Feuers|Ewigen Feuers]]\n* [[Tor des Hierarchen]]\n* [[Laden von Percival Schuttenbach]] (ein Easter Egg)\n}}\n\n===Orte im Novigrader Umland===\n{{cols|1|\n* [[Holzfällerhütte]]\n* [[Imkerei Honigwab]]\n* [[Die Sieben Katzen]]\n}}\n\n===Quests===\n{{cols|2|\n<dpl>\n category=The Witcher 3 Quests\n nottitlematch=The Witcher 3%|Anschlagtafeln\n uses = Vorlage:infoboxquest3\n linksto=Novigrad\n</dpl>\n}}\n\n===Nowigrads Rolle im dritten Nilfgaard-Krieg===\n\nWährend des dritten Nördlichen Krieges ist Novigard ein entschiedener Faktor für den Kriegsverlauf. Sowohl die Nördlichen Königreiche unter [[Radovid der Strenge|Radovid]], welcher in [[Oxenfurt]] Quartier bezogen hatte, als auch Nilfgaard unter [[Emhyr var Emreis|Kaiser Emhyr]], die bis zum Südufer des [[Pontar]] vorgedrungen waren, wollen die freie Stadt einnehmen, um mit der Novigrader Flotte und den Goldreserven der Stadt einen entschiedenen Vorteil zu erhalten und das Kriegsglück zu wenden. Später gelangt es jedoch redanischen Truppen die Stadt einzunehmen.\n\nDurch die Hexenverfolgungen kommt es in jener Zeit zu etlichen Verbrennungen in der Stadt.\n\n==Galerie==\n===Orte und Gebäude===\n====The Witcher 3 — Concept Art====\n<gallery>\nDatei:Tw3 concept art Novigrad Seaport.jpg|Seehafen\nDatei:Tw3 concept art Novigrad Seaport2.jpg|Seehafen - weitere Ansicht\nDatei:Tw3 concept art City docks.jpg|Docks\nDatei:Tw3 concept art Novigrad street2.jpg|Straße in einem reicheren Teil der Stadt\nDatei:Tw3 concept art Novigrad street.jpg|Slums\nDatei:Tw3 concept art town.jpg|Großer Tempel (Große Spitze?)\n</gallery>\n\n====Biały Wilk 2====\n<gallery>\nDatei:BW2HD.png|Nowigrad auf dem Cover des 2. Heftes vom Magazin ""Biały Wilk"" (Der Weiße Wolf) zum Spiel ""[[Wiedźmin: Gra Wyobraźni]]""\nDatei:RPG Novigrad Seaport.png|Seehafen\n</gallery>\n\n===Personen===\n====The Witcher 1====\n<gallery>\nDatei:Places Oxenfurt.png|Lage von Nowigrad auf der Karte von CD Projekt RED\nDatei:People Novigrad traveller.png|Ein Händler\n</gallery>\n====Biały Wilk 2====\n<gallery>\nDatei:Chappelle rpg.png|[[Chappelle]]\nDatei:Muskrat rpg.png|[[Pizmak]]\nDatei:Schwann rpg.png|[[Schwann]]\nDatei:Thommas Kretschmar rpg.png|[[Thommas Kretschmar]]\nDatei:Cosma Cianfanelli RPG.png|[[Cosma Cianfanelli]]\nDatei:Fritz Kreft rpg.png|Ein Offizier von [[Chappelle]]s Wachen\nDatei:Chappelle\'s guardsman rpg.png|Einer von [[Chappelle]]s Wachen\nDatei:Novigradan sailor rpg.png|Ein Seemann\nDatei:Thief or burglar rpg.png|Ein Dieb oder Verbrecher\nDatei:Novigradan pauper rpg.png|Ein Bettler\n</gallery>\n\n==Fußnoten==\n<references />\n\n[[ar:نوفيغراد]]\n[[cs:Novigrad]]\n[[en:Novigrad]]\n[[es:Novigrado]]\n[[fr:Novigrad]]\n[[it:Novigrad]]\n[[lt:Naujamiesty]]\n[[nl:Novigrad]]\n[[pl:Novigrad]]\n[[pt-br:Novigrad]]\n[[ru:Новиград]]\n[[uk:Новіград]]\n\n[[Kategorie:Städte]]\n[[Kategorie:Romane Orte]]\n[[Kategorie:The Witcher 3 Orte]]'}}}]}]}}"
Sandort,"{{Infoboxorte3
| name	= Sandort
| bild = Tw3-claywich-01.png
| beschriftung = 
| art =  [[:Kategorie:Städte|Dorf]]
| stufe = 
| region = [[Velen]]
| laden = Kaufmann (Sandort)
| barbier = Barbier (Sandort)
| schnellreisen = j
}}
'''Sandort''' ist eine Ortschaft im Computerspiel ''[[The Witcher 3: Wild Hunt]]''. Es ist ein Dorf nördlich von  [[Erzdorf]] in der Region [[Velen]]. 

== Kartenbeschreibung ==
:''Jedes Jahr zu [[Belleteyn]] findet in Sandort ein großes Fest statt, das von Spielen, Gesang und Tanz begleitet wird. Zu diesem Abend kommen die Leute von nah und fern herbei, und auch Reisende sind willkommen. Kurz vor Mitternacht veranstaltet die anwesende Jugend im Wald ein Rennen, bei dem sie nach einer Farnblume sucht. Diese hat zwar noch niemand gefunden, dafür aber manchen Ehepartner oder wenigstens eine Nacht der Leidenschaft im Mondlicht.''

== Landkarte ==
[[Datei:Witcher 3 Claywich.jpg|400px]]

[[Kategorie:Städte]]

[[en:Claywich]]
[[es:Claywich]]
[[pl:Glińsk]]
[[pt-br:Arginas]]
[[ru:Деревня Глинник]]
[[Kategorie:Dörfer]]","{'batchcomplete': True, 'query': {'pages': [{'pageid': 29377, 'ns': 0, 'title': 'Sandort', 'revisions': [{'slots': {'main': {'contentmodel': 'wikitext', 'contentformat': 'text/x-wiki', 'content': ""{{Infoboxorte3\n| name\t= Sandort\n| bild = Tw3-claywich-01.png\n| beschriftung = \n| art =  [[:Kategorie:Städte|Dorf]]\n| stufe = \n| region = [[Velen]]\n| laden = Kaufmann (Sandort)\n| barbier = Barbier (Sandort)\n| schnellreisen = j\n}}\n'''Sandort''' ist eine Ortschaft im Computerspiel ''[[The Witcher 3: Wild Hunt]]''. Es ist ein Dorf nördlich von  [[Erzdorf]] in der Region [[Velen]]. \n\n== Kartenbeschreibung ==\n:''Jedes Jahr zu [[Belleteyn]] findet in Sandort ein großes Fest statt, das von Spielen, Gesang und Tanz begleitet wird. Zu diesem Abend kommen die Leute von nah und fern herbei, und auch Reisende sind willkommen. Kurz vor Mitternacht veranstaltet die anwesende Jugend im Wald ein Rennen, bei dem sie nach einer Farnblume sucht. Diese hat zwar noch niemand gefunden, dafür aber manchen Ehepartner oder wenigstens eine Nacht der Leidenschaft im Mondlicht.''\n\n== Landkarte ==\n[[Datei:Witcher 3 Claywich.jpg|400px]]\n\n[[Kategorie:Städte]]\n\n[[en:Claywich]]\n[[es:Claywich]]\n[[pl:Glińsk]]\n[[pt-br:Arginas]]\n[[ru:Деревня Глинник]]\n[[Kategorie:Dörfer]]""}}}]}]}}"
Passiflora,"{{Infoboxorte3
| name         = Passiflora
| bild         = Tw3 Novigrad Passiflora.jpg
| beschreibung = Concept Art aus ""The Witcher 3""
| art          = [[:Kategorie:Bordelle|Freudenhaus]]
| stufe        = 
| lage         = [[Nowigrad]], Bordellviertel
}}
Die '''Passiflora''' ist ein teures und edles Freudenhaus in [[Nowigrad]]. Als Kundschaft sind ausschließlich Menschen zugelassen. Allerdings kann sich ein zahlungswilliger Freier von einer [[Halbelfen|Halbelfin]] oder gar einer reinrassigen [[Elfen|Elfin]] verwöhnen lassen. In diesem Fall spielt die [[Rassen|Rasse]] keine Rolle.

==In den Büchern==
Die Passiflora wird in der Kurzgeschichte ""[[Das Ewige Feuer (Kurzgeschichte)|Das Ewige Feuer]]"" erwähnt. Am Ende der Geschichte lädt [[Dainty Biberveldt]] mit seinem ""wiedergefundenen Vetter [[Dudu|Dudu Biberveldt]]"" seinen Freund [[Rittersporn]] sowie [[Geralt von Riva|Geralt]] und [[Chappelle]] in die Passiflora ein. Sollten die Biberveldts, die [[Halblinge]] sind, nicht eingelassen werden, würde Chappelle dafür sorgen, dass das Konsequenzen hat – das Freudenhaus würde wegen Ketzerei geschlossen werden.

==In {{tw3}}==
Das Freudenhaus Passiflora ist ein Handlungsort in ""[[The Witcher 3: Wild Hunt]]"". Es wird von der [[Marquise Serenitz]] geführt.

'''Quests:'''
* [[Ein tödlicher Plan]]
* [[Hohe Einsätze]]
* [[Gwint: Spieler der Großstadt]]

[[Kategorie:Bordelle]]
[[Kategorie:The Witcher 3 Handlungsorte]]

[[cs:Passiflora]]
[[en:Passiflora]]
[[es:Passiflora]]
[[fr:Le Passiflore]]
[[it:Passiflora]]
[[pl:Passiflora]]
[[ru:Пассифлора]]","{'batchcomplete': True, 'query': {'pages': [{'pageid': 4394, 'ns': 0, 'title': 'Passiflora', 'revisions': [{'slots': {'main': {'contentmodel': 'wikitext', 'contentformat': 'text/x-wiki', 'content': '{{Infoboxorte3\n| name         = Passiflora\n| bild         = Tw3 Novigrad Passiflora.jpg\n| beschreibung = Concept Art aus ""The Witcher 3""\n| art          = [[:Kategorie:Bordelle|Freudenhaus]]\n| stufe        = \n| lage         = [[Nowigrad]], Bordellviertel\n}}\nDie \'\'\'Passiflora\'\'\' ist ein teures und edles Freudenhaus in [[Nowigrad]]. Als Kundschaft sind ausschließlich Menschen zugelassen. Allerdings kann sich ein zahlungswilliger Freier von einer [[Halbelfen|Halbelfin]] oder gar einer reinrassigen [[Elfen|Elfin]] verwöhnen lassen. In diesem Fall spielt die [[Rassen|Rasse]] keine Rolle.\n\n==In den Büchern==\nDie Passiflora wird in der Kurzgeschichte ""[[Das Ewige Feuer (Kurzgeschichte)|Das Ewige Feuer]]"" erwähnt. Am Ende der Geschichte lädt [[Dainty Biberveldt]] mit seinem ""wiedergefundenen Vetter [[Dudu|Dudu Biberveldt]]"" seinen Freund [[Rittersporn]] sowie [[Geralt von Riva|Geralt]] und [[Chappelle]] in die Passiflora ein. Sollten die Biberveldts, die [[Halblinge]] sind, nicht eingelassen werden, würde Chappelle dafür sorgen, dass das Konsequenzen hat – das Freudenhaus würde wegen Ketzerei geschlossen werden.\n\n==In {{tw3}}==\nDas Freudenhaus Passiflora ist ein Handlungsort in ""[[The Witcher 3: Wild Hunt]]"". Es wird von der [[Marquise Serenitz]] geführt.\n\n\'\'\'Quests:\'\'\'\n* [[Ein tödlicher Plan]]\n* [[Hohe Einsätze]]\n* [[Gwint: Spieler der Großstadt]]\n\n[[Kategorie:Bordelle]]\n[[Kategorie:The Witcher 3 Handlungsorte]]\n\n[[cs:Passiflora]]\n[[en:Passiflora]]\n[[es:Passiflora]]\n[[fr:Le Passiflore]]\n[[it:Passiflora]]\n[[pl:Passiflora]]\n[[ru:Пассифлора]]'}}}]}]}}"
The_Witcher_3_Orte,"[[Datei:Witcher-Map-poster-bonus.jpg|thumb|400px|Offizielle Weltkarte aus ''The Witcher 3'']]
Die Spielwelt von ''[[The Witcher 3: Wild Hunt]]'' besteht aus einer multiregionalen Welt mit verschiedenen Handlungsorten.

'''Hauptregionen:'''
:* [[Weißgarten]] - die Startregion, im Osten von [[Wyzima]]. Nach Vollendung des Prologs kann jederzeit hierhin zurückgesprungen werden.
:* der [[Foltests Burg|Königliche Palast von Wyzima]] - eine auf die Burg und den Hofgarten beschränkte, verhältnismäßig kleine Region, jedoch von anderen Hauptregionen getrennt. Die meisten Interaktionen von [[Geralt]] mit dem Kaiser finden hier statt.
:* [[Skellige#The Witcher 3: Wild Hunt|Die Skellige-Inseln]] - ein Archipel, bestehend aus sechs Hauptinseln und dutzenden kleinerer.
:* [[Kaer Morhen#In The Witcher3: Wild Hunt|Kaer Morhen]], welches das Gebiet im ganzen [[Tal von Kaer Morhen]] umfasst sowie die Hexerfeste

'''Hauptgebiete um den Fluss [[Pontar (Fluss)|Pontar]]''', die auf der Weltkarte nicht getrennt ausgewiesen sind:
:* [[Velen|Velen – das Niemandsland]], das frühere Königreich [[Temerien]], jetzt unter [[nilfgaard]]ischer Besatzung
:* die Freie Stadt [[Novigrad]], die größte Stadt des [[Kontinent]]s
:* Südliche Teile des Königreich [[Redanien]], östliches Novigrader Umland, einschließlich der Stadt [[Oxenfurt]]

'''Kleinere Gebiete:'''
:* die [[Nebelinsel]]
:* die Wüste [[Ddiddiwedht]] 
:* die [[Eisige Höhen#The Witcher 3: Wild Hunt|Eisigen Höhen]] 
:* [[Tir ná Lia]]

'''Teilgebiete''', die im Spiel genannt werden, aber auf der Weltkarte nicht getrennt vermerkt sind, jedoch auf der stilisierten Bonuskarte:
:* in Velen/Pontarregion:
:** [[Der Abstieg]]
:** [[Grashügel]]
:** [[Schlammacker]]
:** [[Sturmfelder]]

==Galerie==
<gallery mode=""packed"" widths=""250"" heights=""250"">
File:Tw3 regions map.jpg|Ingame-Karte der Regionen im Spiel
File:Tw3-map-site_DE.png|Stilisierte Bonuskarte zu ''The Witcher 3'' (deutsch)
</gallery>

{{tw3region}}

[[Kategorie:The Witcher 3 Orte| ]]","{'batchcomplete': True, 'query': {'normalized': [{'fromencoded': False, 'from': 'The_Witcher_3_Orte', 'to': 'The Witcher 3 Orte'}], 'pages': [{'pageid': 32299, 'ns': 0, 'title': 'The Witcher 3 Orte', 'revisions': [{'slots': {'main': {'contentmodel': 'wikitext', 'contentformat': 'text/x-wiki', 'content': '[[Datei:Witcher-Map-poster-bonus.jpg|thumb|400px|Offizielle Weltkarte aus \'\'The Witcher 3\'\']]\nDie Spielwelt von \'\'[[The Witcher 3: Wild Hunt]]\'\' besteht aus einer multiregionalen Welt mit verschiedenen Handlungsorten.\n\n\'\'\'Hauptregionen:\'\'\'\n:* [[Weißgarten]] - die Startregion, im Osten von [[Wyzima]]. Nach Vollendung des Prologs kann jederzeit hierhin zurückgesprungen werden.\n:* der [[Foltests Burg|Königliche Palast von Wyzima]] - eine auf die Burg und den Hofgarten beschränkte, verhältnismäßig kleine Region, jedoch von anderen Hauptregionen getrennt. Die meisten Interaktionen von [[Geralt]] mit dem Kaiser finden hier statt.\n:* [[Skellige#The Witcher 3: Wild Hunt|Die Skellige-Inseln]] - ein Archipel, bestehend aus sechs Hauptinseln und dutzenden kleinerer.\n:* [[Kaer Morhen#In The Witcher3: Wild Hunt|Kaer Morhen]], welches das Gebiet im ganzen [[Tal von Kaer Morhen]] umfasst sowie die Hexerfeste\n\n\'\'\'Hauptgebiete um den Fluss [[Pontar (Fluss)|Pontar]]\'\'\', die auf der Weltkarte nicht getrennt ausgewiesen sind:\n:* [[Velen|Velen – das Niemandsland]], das frühere Königreich [[Temerien]], jetzt unter [[nilfgaard]]ischer Besatzung\n:* die Freie Stadt [[Novigrad]], die größte Stadt des [[Kontinent]]s\n:* Südliche Teile des Königreich [[Redanien]], östliches Novigrader Umland, einschließlich der Stadt [[Oxenfurt]]\n\n\'\'\'Kleinere Gebiete:\'\'\'\n:* die [[Nebelinsel]]\n:* die Wüste [[Ddiddiwedht]] \n:* die [[Eisige Höhen#The Witcher 3: Wild Hunt|Eisigen Höhen]] \n:* [[Tir ná Lia]]\n\n\'\'\'Teilgebiete\'\'\', die im Spiel genannt werden, aber auf der Weltkarte nicht getrennt vermerkt sind, jedoch auf der stilisierten Bonuskarte:\n:* in Velen/Pontarregion:\n:** [[Der Abstieg]]\n:** [[Grashügel]]\n:** [[Schlammacker]]\n:** [[Sturmfelder]]\n\n==Galerie==\n<gallery mode=""packed"" widths=""250"" heights=""250"">\nFile:Tw3 regions map.jpg|Ingame-Karte der Regionen im Spiel\nFile:Tw3-map-site_DE.png|Stilisierte Bonuskarte zu \'\'The Witcher 3\'\' (deutsch)\n</gallery>\n\n{{tw3region}}\n\n[[Kategorie:The Witcher 3 Orte| ]]'}}}]}]}}"
Auf_den_Spuren_des_Heiligen_Majoran,"[[Datei:Tw3 icon statue.svg|x32px]]

Geralt bekommt folgenden Tagebucheintrag, als er zum ersten Mal von der Errichtung einer Statue zu Ehren des [[Majoran|Heiligen Majoran]] hört:

:''An Orten, die auf der Karte mit <<ICO_Plegmund>> markiert sind, stecken Transporte mit Baumaterial und Fachleuten für Majorans Statue in Schwierigkeiten.<br><br>Hilf ihnen und sieh zu, wie ein Weltwunder errichtet wird.''

== Quests ==
* [[Große Fußstapfen]]
* [[Große Fußstapfen: Die erste Gruppe]]
* [[Große Fußstapfen: Die zweite Gruppe]]
* [[Große Fußstapfen: Die dritte Gruppe]]
* [[Große Fußstapfen: Die vierte Gruppe]]
* [[Große Fußstapfen: Die fünfte Gruppe]]

[[Kategorie:The Witcher 3 Orte| Auf den Spuren des Heiligen Majoran]]

[[en:Saint Lebioda's Footsteps]]
[[fr:Sur les traces de Saint Lebioda]]
[[it:Sulle orme del profeta Lebioda]]
[[pl:Śladami Świętego Lebiody]]","{'batchcomplete': True, 'query': {'normalized': [{'fromencoded': False, 'from': 'Auf_den_Spuren_des_Heiligen_Majoran', 'to': 'Auf den Spuren des Heiligen Majoran'}], 'pages': [{'pageid': 41353, 'ns': 0, 'title': 'Auf den Spuren des Heiligen Majoran', 'revisions': [{'slots': {'main': {'contentmodel': 'wikitext', 'contentformat': 'text/x-wiki', 'content': ""[[Datei:Tw3 icon statue.svg|x32px]]\n\nGeralt bekommt folgenden Tagebucheintrag, als er zum ersten Mal von der Errichtung einer Statue zu Ehren des [[Majoran|Heiligen Majoran]] hört:\n\n:''An Orten, die auf der Karte mit <<ICO_Plegmund>> markiert sind, stecken Transporte mit Baumaterial und Fachleuten für Majorans Statue in Schwierigkeiten.<br><br>Hilf ihnen und sieh zu, wie ein Weltwunder errichtet wird.''\n\n== Quests ==\n* [[Große Fußstapfen]]\n* [[Große Fußstapfen: Die erste Gruppe]]\n* [[Große Fußstapfen: Die zweite Gruppe]]\n* [[Große Fußstapfen: Die dritte Gruppe]]\n* [[Große Fußstapfen: Die vierte Gruppe]]\n* [[Große Fußstapfen: Die fünfte Gruppe]]\n\n[[Kategorie:The Witcher 3 Orte| Auf den Spuren des Heiligen Majoran]]\n\n[[en:Saint Lebioda's Footsteps]]\n[[fr:Sur les traces de Saint Lebioda]]\n[[it:Sulle orme del profeta Lebioda]]\n[[pl:Śladami Świętego Lebiody]]""}}}]}]}}"
Banditenlager,"{{stub}}
{{Begriffshinweis|Orten mit räuberischen Personen|den Schnellreisepunkt in [[Velen]]|Banditenlager (Schnellreisepunkt){{!}}Banditenlager}}
{{Banditenlager}}

{{tocright}}
There are a number of '''Banditenlager''' scattered about the various regions in ''[[The Witcher 3: Wild Hunt]]''. These can be inhabited by any of the following: bandits, deserters, pirates, Scoia'tael, cannibals, Nilfgaardians, and in ""[[Hearts of Stone]]"", fallen knights of the [[Orden der Flammenrose]].

== '''Kartenbeschreibung''' ==
:''Hier haben gefährliche Banditen ihr Lager aufgeschlagen.''

== [[Weißgarten]] ==
=== 6 Orte ===
<gallery widths=""250px"">
Bandit Camp - Amavet Fortress Ruins.jpg|[[Ruinen der Amavet-Festung]]
Bandit Camp - Southwest from Broken Bridge.jpg|Southwest from [[Zerstörte Brücke]]
Bandit Camp - Northwest from Cackler Bridge.jpg|Northwest from [[Kicherbrücke]]
Bandit Camp - Southwest from the Crossroads.jpg|Southwest from the [[Weggabelung]]
Bandit Camp - South from Ford.jpg|South from [[Furt]]
Bandit Camp - North from Sawmill.jpg|North from [[Sägemühle (Weißgarten)|Sägemühle]]
</gallery>

== [[Pontar (Region)|Pontar]] ([[Velen]] und [[Novigrad]]) ==
:* 1 at [[Teufelsgrube]]
:* 1 east of [[Lindental]], west of [[Lurtch]]
:* 1 north of [[Plünderbrücke]]
:* 1 northeast of [[Lindental]] and north of its cemetery
:* 1 northeast of Lurtch and southwest from Plünderbrücke
:* 1 southeast of [[Est Tayiar]] and west of [[Heddel]]
=== 30 Orte ===
<gallery widths=""250px"">
Bandit Camp - Devil's Pit.jpg|[[Teufelsgrube]]
Bandit Camp - East of Lindenvale, West of Lurtch.jpg|East from [[Lindental]], West from [[Lurtch]]
Bandit Camp - North of Marauder's Bridge.jpg|North from [[Plünderbrücke]]
Bandit Camp - Northeast of Lindenvale.jpg|Northeast from [[Lindental]] and north from its cemetery
Bandit Camp - Northeast of Lurtch.jpg|Northeast from Lurtch and southwest from Marauders' Bridge
</gallery>

== [[Skellige]] ==
* 6 Orte 
** one near [[Zehen des Riesen]] ([[Ard Skellig]])
** one near the [[Walfriedhof]] (Ard Skellig)
** one south of the lake between [[Rannvaig]] and [[Blandare]] (Ard Skellig)
** one along the road northwest of [[Hafen von Holmstein]] (Ard Skellig)
** one on a small island, northeast of [[Zehen des Riesen]], off the east coast of Ard Skellig
** one at the [[Alter Wachturm]] ([[Spikeroog]])

== [[Toussaint]] ==
* 8 Orte 
** one west of [[Villa Vedette]], east-south-east of [[Ruinen des Arthach-Palasts]]
*** [[Tagebuch eines Vandagilde-Mitglieds]], [[Schema: Toussaint-Ritterstiefel]]
** one northwest of [[Fuchstal]], just north of [[Luchsfelsen]], at river, cave entrance nearby
*** [[Rezept: Transmutator für großes Mutagen - Grün in Blau]]
** one west-southwest of [[Handelsposten]]
*** [[Rezept: Färbemittel für graue Rüstung]] in wagon
** one south-southwest of [[Zum Silbernen Salamander]]
*** [[Befehle von Sternling Straggen]]
*** [[Schema: Toussaint-Herzogswächterrüstung]]
*** [[Rezept: Transmutator für großes Mutagen - Grün in Rot]]
** one southwest of [[Fuchstal]]
*** [[Befehle auf blutigem Papier]] on body
*** [[Kodex von Loth Halbbluts Hanse]]
*** [[Rezept: Transmutator für großes Mutagen - Rot in Grün]]
** one southeast of [[Burg Mont Crane]]
*** [[Fleckiges Pergament]], [[Ballisten-Schemas]].
*** [[Schema: Toussaint-Herzogswächter-Offiziersrüstung]]
*** [[Striege]], [[Melltith]], [[An'ferthe]].
*** [[Rezept: Transmutator für großes Mutagen - Blau in Grün]]
** one east of [[Basane-Hof]]
*** [[Auf Schweinshaut geschriebenes Tagebuch]]
*** [[Schema: Toussaint-Herzogswächterstiefel]]
** one north of the [[Ruinen des Termes-Palasts]]
*** [[Notizen des persönlichen Assistenten Philipp Borutt]] on body.
*** In chest: [[Professor Noel Ivors Tagebuch]], [[Schema: Wächterhandschuhe in Toussaint-Farben]],
*** [[Skolopendromorphe - der einzige Trost im Exil]], [[Flugechsen im Lauf der Zeit]],
*** [[Lara Dorren und Cregennan von Lod]], [[Seine Kaiserliche Majestät Emhyr var Emreis]], [[Toussaint, ein märchenhaftes Herzogtum voller Wunder]].

[[Kategorie:The Witcher 3 Orte | Banditenlager]]

[[en:Bandit camp]]
[[fr:Campement de bandits]]
[[it:Accampamento di banditi]]
[[pl:Obozowisko bandytów]]","{'batchcomplete': True, 'query': {'pages': [{'pageid': 40708, 'ns': 0, 'title': 'Banditenlager', 'revisions': [{'slots': {'main': {'contentmodel': 'wikitext', 'contentformat': 'text/x-wiki', 'content': '{{stub}}\n{{Begriffshinweis|Orten mit räuberischen Personen|den Schnellreisepunkt in [[Velen]]|Banditenlager (Schnellreisepunkt){{!}}Banditenlager}}\n{{Banditenlager}}\n\n{{tocright}}\nThere are a number of \'\'\'Banditenlager\'\'\' scattered about the various regions in \'\'[[The Witcher 3: Wild Hunt]]\'\'. These can be inhabited by any of the following: bandits, deserters, pirates, Scoia\'tael, cannibals, Nilfgaardians, and in ""[[Hearts of Stone]]"", fallen knights of the [[Orden der Flammenrose]].\n\n== \'\'\'Kartenbeschreibung\'\'\' ==\n:\'\'Hier haben gefährliche Banditen ihr Lager aufgeschlagen.\'\'\n\n== [[Weißgarten]] ==\n=== 6 Orte ===\n<gallery widths=""250px"">\nBandit Camp - Amavet Fortress Ruins.jpg|[[Ruinen der Amavet-Festung]]\nBandit Camp - Southwest from Broken Bridge.jpg|Southwest from [[Zerstörte Brücke]]\nBandit Camp - Northwest from Cackler Bridge.jpg|Northwest from [[Kicherbrücke]]\nBandit Camp - Southwest from the Crossroads.jpg|Southwest from the [[Weggabelung]]\nBandit Camp - South from Ford.jpg|South from [[Furt]]\nBandit Camp - North from Sawmill.jpg|North from [[Sägemühle (Weißgarten)|Sägemühle]]\n</gallery>\n\n== [[Pontar (Region)|Pontar]] ([[Velen]] und [[Novigrad]]) ==\n:* 1 at [[Teufelsgrube]]\n:* 1 east of [[Lindental]], west of [[Lurtch]]\n:* 1 north of [[Plünderbrücke]]\n:* 1 northeast of [[Lindental]] and north of its cemetery\n:* 1 northeast of Lurtch and southwest from Plünderbrücke\n:* 1 southeast of [[Est Tayiar]] and west of [[Heddel]]\n=== 30 Orte ===\n<gallery widths=""250px"">\nBandit Camp - Devil\'s Pit.jpg|[[Teufelsgrube]]\nBandit Camp - East of Lindenvale, West of Lurtch.jpg|East from [[Lindental]], West from [[Lurtch]]\nBandit Camp - North of Marauder\'s Bridge.jpg|North from [[Plünderbrücke]]\nBandit Camp - Northeast of Lindenvale.jpg|Northeast from [[Lindental]] and north from its cemetery\nBandit Camp - Northeast of Lurtch.jpg|Northeast from Lurtch and southwest from Marauders\' Bridge\n</gallery>\n\n== [[Skellige]] ==\n* 6 Orte \n** one near [[Zehen des Riesen]] ([[Ard Skellig]])\n** one near the [[Walfriedhof]] (Ard Skellig)\n** one south of the lake between [[Rannvaig]] and [[Blandare]] (Ard Skellig)\n** one along the road northwest of [[Hafen von Holmstein]] (Ard Skellig)\n** one on a small island, northeast of [[Zehen des Riesen]], off the east coast of Ard Skellig\n** one at the [[Alter Wachturm]] ([[Spikeroog]])\n\n== [[Toussaint]] ==\n* 8 Orte \n** one west of [[Villa Vedette]], east-south-east of [[Ruinen des Arthach-Palasts]]\n*** [[Tagebuch eines Vandagilde-Mitglieds]], [[Schema: Toussaint-Ritterstiefel]]\n** one northwest of [[Fuchstal]], just north of [[Luchsfelsen]], at river, cave entrance nearby\n*** [[Rezept: Transmutator für großes Mutagen - Grün in Blau]]\n** one west-southwest of [[Handelsposten]]\n*** [[Rezept: Färbemittel für graue Rüstung]] in wagon\n** one south-southwest of [[Zum Silbernen Salamander]]\n*** [[Befehle von Sternling Straggen]]\n*** [[Schema: Toussaint-Herzogswächterrüstung]]\n*** [[Rezept: Transmutator für großes Mutagen - Grün in Rot]]\n** one southwest of [[Fuchstal]]\n*** [[Befehle auf blutigem Papier]] on body\n*** [[Kodex von Loth Halbbluts Hanse]]\n*** [[Rezept: Transmutator für großes Mutagen - Rot in Grün]]\n** one southeast of [[Burg Mont Crane]]\n*** [[Fleckiges Pergament]], [[Ballisten-Schemas]].\n*** [[Schema: Toussaint-Herzogswächter-Offiziersrüstung]]\n*** [[Striege]], [[Melltith]], [[An\'ferthe]].\n*** [[Rezept: Transmutator für großes Mutagen - Blau in Grün]]\n** one east of [[Basane-Hof]]\n*** [[Auf Schweinshaut geschriebenes Tagebuch]]\n*** [[Schema: Toussaint-Herzogswächterstiefel]]\n** one north of the [[Ruinen des Termes-Palasts]]\n*** [[Notizen des persönlichen Assistenten Philipp Borutt]] on body.\n*** In chest: [[Professor Noel Ivors Tagebuch]], [[Schema: Wächterhandschuhe in Toussaint-Farben]],\n*** [[Skolopendromorphe - der einzige Trost im Exil]], [[Flugechsen im Lauf der Zeit]],\n*** [[Lara Dorren und Cregennan von Lod]], [[Seine Kaiserliche Majestät Emhyr var Emreis]], [[Toussaint, ein märchenhaftes Herzogtum voller Wunder]].\n\n[[Kategorie:The Witcher 3 Orte | Banditenlager]]\n\n[[en:Bandit camp]]\n[[fr:Campement de bandits]]\n[[it:Accampamento di banditi]]\n[[pl:Obozowisko bandytów]]'}}}]}]}}"
Bewachter_Schatz,"{{stub}}
{{Bewachter Schatz}}
{{tocright}}
Über die verschiedenen Regionen von ''[[The Witcher 3: Wild Hunt]]'' verstreut, liegen einige als '''Bewachter Schatz''' markierte Orte. Diese werden typischerweise von [[:Kategorie:The Witcher 3 Bestiarium|Monster]]n mit hohem Stärkelevel bewacht.

== Weißgarten ==
* 5 Orte
** 1 Ort entlang des Flussufers südlich vom [[Zerstörtes Dorf|Zerstörten Dorf]], bewacht von [[Ertrunkener|Ertrunkenen]]. Enthält das [[Manuskriptseite: Waldkauz|Rezept]] für [[Waldkauz#The Witcher 3: Wild Hunt|Waldkauz]]
** 1 Ort nördlich der [[Mühle (Weißgarten)|Mühle]]
** 1 Ort südlich entlang des westlichen Flussufers von der [[Klagebrücke]] aus, auf halbem Weg zwischen dem [[Verlassenes Dorf (Weißgarten)|Verlassenen Dorf]] und der [[Furt]]. Enthält das [[Rezept: Rubedo|Rezept]] für [[Rubedo]]
** 1 Ort im Sumpf südöstlich der [[Nilfgaardische Garnison|Nilfgaardischen Garnison]]
** 1 Ort im Sumpf südwestlich der [[Nilfgaardische Garnison|Nilfgaardischen Garnison]], auf halbem Weg zwischen der Garnison und der [[Sägemühle (Weißgarten)|Sägemühle]]

== Pontar (Velen und Novigrad) ==
* 29 Orte
** 1 nordwestlich vom [[Futterplatz der Harpyien]] (bewacht von einem [[Basilisk]])
** 2 nahe dem Schnellreisepunkt [[Galgengasse]]:
*** 1 beim Anleger nordwestlich des Schnellreisepunktes
*** 1 genau südlich vom Schnellreisepunkt (bewacht von [[Endriagen]])
** 1 beim Sumpf am See südlich von [[Mittelhain]] (bewacht von [[Erscheinungen]])
** 1 im Wald zwischen [[Lindental]] und der [[Drachentötergrotte]]
** 1 auf der westlichen Seite der Bucht zwischen [[Lindental]] und der [[Hütte des Bootsbauers]] (bewacht von einem [[Gabelschwanz]])
** 1 an den [[Elfenruinen beim Sturmsee]], südöstlich von [[Kleinweg]] (bewacht von einem [[Wasserweib]])
** 1 bei einem Grab gleich südlich von [[Frischlow]] (bewacht von einer [[Mittagserscheinung]])
** 1 bei einem Grab weiter südlich von [[Frischlow]] (bewacht von einem [[Gargoyle]])
** 1 in einem ausgebrannten Camp westlich von [[Olenas Hain]] (bewacht von einem [[Alghul]])
** 1 ost-nordöstlich von [[Heidfelde]], nördlich vom [[Auftrag: Der Greif im Hochland|Greif im Hochland]] (bewacht von einem [[Zyklop]])
** 1 entlang der Küste, nördlich vom [[Banditenlager]] nordwestlich der [[Taverne am Scheideweg]] (bewacht von einer [[Sumpfschrulle]])
** 1 beim Fluss, südlich der Taverne [[Die Gänsemöse]], [[Hindwacht]] zugewandt (bewacht von einem [[Wyvern]])
** 1 nordwestlich vom [[Feuersbrunsthafen]] (bewacht von einem [[Alghul]])
** 1 entlang der Küste, west-südwestlich vom [[Fährhaus]] (bewacht von [[Ertrunkener|Ertrunkenen]])
** 1 in der Mitte des Waldes, nordwestlich von [[Aeramas' verlassenes Anwesen|Aeramas' verlassenem Anwesen]] (bewacht von einem [[Waldschrat]])
** 1 nördlich des Schnellreisepunktes [[Höhle (Sturmfelder)|Höhle]] (bewacht von einer [[Gepanzerte Krabbspinnen|Gepanzerten Krabbspinne]])
** 1 in der sumpfigen Gegend südwestlich von [[Yantra]] (bewacht von einer [[Sumpfschrulle]])
** 1 gleich östlich von [[Arette]] (bewacht von einem [[Gabelschwanz]])
** 1 am nördlichen Ende der kleinen Insel südwestlich vom [[Leuchtturm]] (bewacht von einer [[Mittagserscheinung]])
** 1 in der sumpfigen Gegend östlich der [[Turmruine eines Adligen]] (bewacht von einem [[Wasserweib]])
** 1 bei einem Steinkreis nahe der sumpfigen Gegend östlich der [[Kimbolt-Straße]] (bewacht von einem [[Erdgenius]])
** 2 bei der [[Zerstörte Bastion|zerstörten Bastion]] (einer bewacht von einem [[Zyklop]], der andere von einem [[Wyvern]])
** 1 in dem Steinkreis südlich vom [[Buckelsumpf]]
** 1 west-nordwestlich der [[Wegkreuzung (Velen)|Wegkreuzung]] südlich vom Steinkreis im Süden vom [[Buckelsumpf]] (bewacht von einer [[Sumpfschrulle]])
** 2 nahe dem Schnellreisepunkt [[Wrackküste]]:
*** 1 im Nordwesten auf einer Insel vor dem Hafen
*** 1 entlang der Küste, genau westlich vom Schnellreisepunkt (bewacht von [[Ertrunkener|Ertrunkenen]])
** 1 auf der [[Lichtung von Olevald]] (bewacht von einem [[Golem]])

== Skellige ==
* 22 Orte
** 9 Orte auf [[Ard Skellig]]
*** 1 westlich der [[Abzweigung]] (bewacht von einem [[Wyvern]])
*** 1 südwestlich vom [[Hafen von Kaer Trolde]] (bewacht von [[Erscheinungen]])
*** 1 in den Ruinen von [[Fort Etnir]] (bewacht von 2 [[Gargoyle]]s und einem [[Eisgenius]])
*** 1 im Steinkreis östlich von [[Gedyneith]] (bewacht von einem [[Erdgenius]])
*** 1 nördlich von [[Blandare]] (bewacht von [[Erscheinungen]])
*** 1 nordöstlich von [[Fornhala]], nördlich des Sees (bewacht von einer [[Ekhidna]])
*** 1 an der [[Wilde Küste|Wilden Küste]], gleich nordwestlich des Schnellreisepunktes (bewacht von einem [[Zyklop]])
*** 1 am [[Leuchtturm Elverum]], (bewacht von [[Sirene_(Kreatur)#The_Witcher_3:_Wild_Hunt|Sirenen]] und einer [[Ekhidna]])
*** 1 bei einer Höhle entlang der Küste nördlich vom [[Leuchtturm Elverum]] (bewacht von [[Sirene_(Kreatur)#The_Witcher_3:_Wild_Hunt|Sirenen]])
** 1 Ort auf [[Faroe]]
*** 1 entlang der Küste nordwestlich von [[Harviken]] (bewacht von einem [[Zyklop]])
** 1 Ort auf [[Hindarsfjall]]
*** 1 in den Wäldern gleich südlich von [[Freyas Garten]] (bewacht von einer [[Erscheinungen|Erscheinung]])
** 1 Ort auf [[Undvik]]
*** 1 entlang der Nordküste, nordwestlich der [[Speerfischküste]] (bewacht von [[Sirene_(Kreatur)#The_Witcher_3:_Wild_Hunt|Sirenen]])
** die anderen 10 liegen auf den verschiedenen kleineren Inseln verstreut, mit einer Anhäufung von 5 im mittleren Norden der Karte:
*** 2 auf kleinen Inseln zwischen dem [[Leuchtturm Elverum]] und [[Faroe]]
*** 6 verstreut inmitten der kleinen Inseln zwischen [[An Skellig]] und [[Spikeroog]]
*** 1 auf einer mittelgroßen Insel genau nördlich von [[Hindarsfjall]], auf halbem Weg zwischen Hindarsfjall und [[An Skellig]]
*** 1 südwestlich von [[Undvik]]

== Kaer Morhen ==
* 2 Orte
** 1 auf der Westseite des Sees, ungefähr auf der Hälfte des Weges (bewacht von einem [[Waldschrat]])
** 1 in den Bergen am nordöstlichen Ende des Sees (bewacht von einem [[Wyvern]])

== Toussaint ==
* 13 Orte
** 1 östlich vom [[Handelsposten]], bewacht von [[Panther]]n: [[Befehle für Calvin]].
** 1 südlich der [[Ruinen des Arthach-Palasts]], bewacht von [[Archespor]]en: [[Brief an eine Mutter]], [[Schema: Toussaint-Ritterhandschuhe]].
** 1 nordöstlich vom Schnellreisepunkt [[Sansretour-Tal]], gegenüber vom Fluss, nordwestlich der Taverne [[Zum Basilisk]], bewacht von [[Archespor]]en: [[Brief auf elegantem Briefpapier]], [[Schwerer Messingschlüssel]].
** 1 südöstlich der Taverne [[Zum Basilisk]], bewacht von einem [[Tollwütiger Felstroll|tollwütigen Felstroll]]: [[Alter Fetzen mit Notizen]], [[Schema: Toussaint-Ritterhandschuhe]].
** 1 südwestlich vom [[Fuchstal]], bewacht von 4 [[Barghest]]en: [[Neil Poirés Abschiedsbrief]], [[Schema: Toussaint-Herzogswächter-Hauptmannsstiefel]].
** 1 in einem Keller hinter einem eingestürzten Haus beim [[Tufo-Weingut]], bewacht von 2 [[Erscheinungen]]: [[Tagebuch eines besessenen Angestellten]].
** 1 bei einer Leiche in einer zentralen Hütte am [[Olivenhain]], bewacht von einer vermummten Frau (einer [[Bruxa]]): [[Ritter Christophe Dugarrys Tagebuch]], [[Schema: Wächterrüstung in Toussaint-Farben]], [[Liebesbrief]].
** 1 südöstlich der [[Burg Mont Crane]], bewacht von einem [[Schleimling]]: [[Anweisungen auf zerrissenem Pergament]], [[Schema: Toussaint-Herzogswächter-Offiziershandschuhe]].
** 1 südlich der [[Burg Mont Crane]], bewacht von [[Ghul]]en und [[Alghul]]en: [[Fettbefleckte Notizen]], [[Schema: Toussaint-Herzogswächterhandschuhe]].
** 1 beim [[Zerstörtes Elfenheiligtum|zerstörten Elfenheiligtum]], bewacht von 2 [[Flatterer]]n und einem [[Garkin]]: [[Professor Noel Ivors Tagebuch]], [[Rezept: Transmutator für Mutagen - Grün in Blau]], [[Schema: Fen'aeth]], [[Alter Brief#Old letter in the Zerstörtes Elfenheiligtum|Alter Brief]].
** 1 nord-nordwestlich des Schnellreisepunktes [[Trastamara-Jagdhütte]], bewacht von 3 [[Nebling]]en: [[Smigole Serkis' Notizen]], [[Löffel aus reinem Gold]].
** 1 westlich vom [[Gélenser-Hof]], bewacht von 2 [[Riesentausendfüßler]]n: [[Brief an Gregor Pyxide]]. 
** 1 bei [[Hen Gàidh]], nordwestlich vom [[Hortense-Weingut]], bewacht von 4 [[Banditen]]: [[Arnold aep Bluhms Tagebuch]]. 

[[Kategorie:The Witcher 3 Orte| Bewachter Schatz]]

[[en:Guarded treasure]]
[[fr:Trésor gardé]]
[[it:Tesoro sorvegliato]]
[[pl:Strzeżony skarb]]","{'batchcomplete': True, 'query': {'normalized': [{'fromencoded': False, 'from': 'Bewachter_Schatz', 'to': 'Bewachter Schatz'}], 'pages': [{'pageid': 41005, 'ns': 0, 'title': 'Bewachter Schatz', 'revisions': [{'slots': {'main': {'contentmodel': 'wikitext', 'contentformat': 'text/x-wiki', 'content': ""{{stub}}\n{{Bewachter Schatz}}\n{{tocright}}\nÜber die verschiedenen Regionen von ''[[The Witcher 3: Wild Hunt]]'' verstreut, liegen einige als '''Bewachter Schatz''' markierte Orte. Diese werden typischerweise von [[:Kategorie:The Witcher 3 Bestiarium|Monster]]n mit hohem Stärkelevel bewacht.\n\n== Weißgarten ==\n* 5 Orte\n** 1 Ort entlang des Flussufers südlich vom [[Zerstörtes Dorf|Zerstörten Dorf]], bewacht von [[Ertrunkener|Ertrunkenen]]. Enthält das [[Manuskriptseite: Waldkauz|Rezept]] für [[Waldkauz#The Witcher 3: Wild Hunt|Waldkauz]]\n** 1 Ort nördlich der [[Mühle (Weißgarten)|Mühle]]\n** 1 Ort südlich entlang des westlichen Flussufers von der [[Klagebrücke]] aus, auf halbem Weg zwischen dem [[Verlassenes Dorf (Weißgarten)|Verlassenen Dorf]] und der [[Furt]]. Enthält das [[Rezept: Rubedo|Rezept]] für [[Rubedo]]\n** 1 Ort im Sumpf südöstlich der [[Nilfgaardische Garnison|Nilfgaardischen Garnison]]\n** 1 Ort im Sumpf südwestlich der [[Nilfgaardische Garnison|Nilfgaardischen Garnison]], auf halbem Weg zwischen der Garnison und der [[Sägemühle (Weißgarten)|Sägemühle]]\n\n== Pontar (Velen und Novigrad) ==\n* 29 Orte\n** 1 nordwestlich vom [[Futterplatz der Harpyien]] (bewacht von einem [[Basilisk]])\n** 2 nahe dem Schnellreisepunkt [[Galgengasse]]:\n*** 1 beim Anleger nordwestlich des Schnellreisepunktes\n*** 1 genau südlich vom Schnellreisepunkt (bewacht von [[Endriagen]])\n** 1 beim Sumpf am See südlich von [[Mittelhain]] (bewacht von [[Erscheinungen]])\n** 1 im Wald zwischen [[Lindental]] und der [[Drachentötergrotte]]\n** 1 auf der westlichen Seite der Bucht zwischen [[Lindental]] und der [[Hütte des Bootsbauers]] (bewacht von einem [[Gabelschwanz]])\n** 1 an den [[Elfenruinen beim Sturmsee]], südöstlich von [[Kleinweg]] (bewacht von einem [[Wasserweib]])\n** 1 bei einem Grab gleich südlich von [[Frischlow]] (bewacht von einer [[Mittagserscheinung]])\n** 1 bei einem Grab weiter südlich von [[Frischlow]] (bewacht von einem [[Gargoyle]])\n** 1 in einem ausgebrannten Camp westlich von [[Olenas Hain]] (bewacht von einem [[Alghul]])\n** 1 ost-nordöstlich von [[Heidfelde]], nördlich vom [[Auftrag: Der Greif im Hochland|Greif im Hochland]] (bewacht von einem [[Zyklop]])\n** 1 entlang der Küste, nördlich vom [[Banditenlager]] nordwestlich der [[Taverne am Scheideweg]] (bewacht von einer [[Sumpfschrulle]])\n** 1 beim Fluss, südlich der Taverne [[Die Gänsemöse]], [[Hindwacht]] zugewandt (bewacht von einem [[Wyvern]])\n** 1 nordwestlich vom [[Feuersbrunsthafen]] (bewacht von einem [[Alghul]])\n** 1 entlang der Küste, west-südwestlich vom [[Fährhaus]] (bewacht von [[Ertrunkener|Ertrunkenen]])\n** 1 in der Mitte des Waldes, nordwestlich von [[Aeramas' verlassenes Anwesen|Aeramas' verlassenem Anwesen]] (bewacht von einem [[Waldschrat]])\n** 1 nördlich des Schnellreisepunktes [[Höhle (Sturmfelder)|Höhle]] (bewacht von einer [[Gepanzerte Krabbspinnen|Gepanzerten Krabbspinne]])\n** 1 in der sumpfigen Gegend südwestlich von [[Yantra]] (bewacht von einer [[Sumpfschrulle]])\n** 1 gleich östlich von [[Arette]] (bewacht von einem [[Gabelschwanz]])\n** 1 am nördlichen Ende der kleinen Insel südwestlich vom [[Leuchtturm]] (bewacht von einer [[Mittagserscheinung]])\n** 1 in der sumpfigen Gegend östlich der [[Turmruine eines Adligen]] (bewacht von einem [[Wasserweib]])\n** 1 bei einem Steinkreis nahe der sumpfigen Gegend östlich der [[Kimbolt-Straße]] (bewacht von einem [[Erdgenius]])\n** 2 bei der [[Zerstörte Bastion|zerstörten Bastion]] (einer bewacht von einem [[Zyklop]], der andere von einem [[Wyvern]])\n** 1 in dem Steinkreis südlich vom [[Buckelsumpf]]\n** 1 west-nordwestlich der [[Wegkreuzung (Velen)|Wegkreuzung]] südlich vom Steinkreis im Süden vom [[Buckelsumpf]] (bewacht von einer [[Sumpfschrulle]])\n** 2 nahe dem Schnellreisepunkt [[Wrackküste]]:\n*** 1 im Nordwesten auf einer Insel vor dem Hafen\n*** 1 entlang der Küste, genau westlich vom Schnellreisepunkt (bewacht von [[Ertrunkener|Ertrunkenen]])\n** 1 auf der [[Lichtung von Olevald]] (bewacht von einem [[Golem]])\n\n== Skellige ==\n* 22 Orte\n** 9 Orte auf [[Ard Skellig]]\n*** 1 westlich der [[Abzweigung]] (bewacht von einem [[Wyvern]])\n*** 1 südwestlich vom [[Hafen von Kaer Trolde]] (bewacht von [[Erscheinungen]])\n*** 1 in den Ruinen von [[Fort Etnir]] (bewacht von 2 [[Gargoyle]]s und einem [[Eisgenius]])\n*** 1 im Steinkreis östlich von [[Gedyneith]] (bewacht von einem [[Erdgenius]])\n*** 1 nördlich von [[Blandare]] (bewacht von [[Erscheinungen]])\n*** 1 nordöstlich von [[Fornhala]], nördlich des Sees (bewacht von einer [[Ekhidna]])\n*** 1 an der [[Wilde Küste|Wilden Küste]], gleich nordwestlich des Schnellreisepunktes (bewacht von einem [[Zyklop]])\n*** 1 am [[Leuchtturm Elverum]], (bewacht von [[Sirene_(Kreatur)#The_Witcher_3:_Wild_Hunt|Sirenen]] und einer [[Ekhidna]])\n*** 1 bei einer Höhle entlang der Küste nördlich vom [[Leuchtturm Elverum]] (bewacht von [[Sirene_(Kreatur)#The_Witcher_3:_Wild_Hunt|Sirenen]])\n** 1 Ort auf [[Faroe]]\n*** 1 entlang der Küste nordwestlich von [[Harviken]] (bewacht von einem [[Zyklop]])\n** 1 Ort auf [[Hindarsfjall]]\n*** 1 in den Wäldern gleich südlich von [[Freyas Garten]] (bewacht von einer [[Erscheinungen|Erscheinung]])\n** 1 Ort auf [[Undvik]]\n*** 1 entlang der Nordküste, nordwestlich der [[Speerfischküste]] (bewacht von [[Sirene_(Kreatur)#The_Witcher_3:_Wild_Hunt|Sirenen]])\n** die anderen 10 liegen auf den verschiedenen kleineren Inseln verstreut, mit einer Anhäufung von 5 im mittleren Norden der Karte:\n*** 2 auf kleinen Inseln zwischen dem [[Leuchtturm Elverum]] und [[Faroe]]\n*** 6 verstreut inmitten der kleinen Inseln zwischen [[An Skellig]] und [[Spikeroog]]\n*** 1 auf einer mittelgroßen Insel genau nördlich von [[Hindarsfjall]], auf halbem Weg zwischen Hindarsfjall und [[An Skellig]]\n*** 1 südwestlich von [[Undvik]]\n\n== Kaer Morhen ==\n* 2 Orte\n** 1 auf der Westseite des Sees, ungefähr auf der Hälfte des Weges (bewacht von einem [[Waldschrat]])\n** 1 in den Bergen am nordöstlichen Ende des Sees (bewacht von einem [[Wyvern]])\n\n== Toussaint ==\n* 13 Orte\n** 1 östlich vom [[Handelsposten]], bewacht von [[Panther]]n: [[Befehle für Calvin]].\n** 1 südlich der [[Ruinen des Arthach-Palasts]], bewacht von [[Archespor]]en: [[Brief an eine Mutter]], [[Schema: Toussaint-Ritterhandschuhe]].\n** 1 nordöstlich vom Schnellreisepunkt [[Sansretour-Tal]], gegenüber vom Fluss, nordwestlich der Taverne [[Zum Basilisk]], bewacht von [[Archespor]]en: [[Brief auf elegantem Briefpapier]], [[Schwerer Messingschlüssel]].\n** 1 südöstlich der Taverne [[Zum Basilisk]], bewacht von einem [[Tollwütiger Felstroll|tollwütigen Felstroll]]: [[Alter Fetzen mit Notizen]], [[Schema: Toussaint-Ritterhandschuhe]].\n** 1 südwestlich vom [[Fuchstal]], bewacht von 4 [[Barghest]]en: [[Neil Poirés Abschiedsbrief]], [[Schema: Toussaint-Herzogswächter-Hauptmannsstiefel]].\n** 1 in einem Keller hinter einem eingestürzten Haus beim [[Tufo-Weingut]], bewacht von 2 [[Erscheinungen]]: [[Tagebuch eines besessenen Angestellten]].\n** 1 bei einer Leiche in einer zentralen Hütte am [[Olivenhain]], bewacht von einer vermummten Frau (einer [[Bruxa]]): [[Ritter Christophe Dugarrys Tagebuch]], [[Schema: Wächterrüstung in Toussaint-Farben]], [[Liebesbrief]].\n** 1 südöstlich der [[Burg Mont Crane]], bewacht von einem [[Schleimling]]: [[Anweisungen auf zerrissenem Pergament]], [[Schema: Toussaint-Herzogswächter-Offiziershandschuhe]].\n** 1 südlich der [[Burg Mont Crane]], bewacht von [[Ghul]]en und [[Alghul]]en: [[Fettbefleckte Notizen]], [[Schema: Toussaint-Herzogswächterhandschuhe]].\n** 1 beim [[Zerstörtes Elfenheiligtum|zerstörten Elfenheiligtum]], bewacht von 2 [[Flatterer]]n und einem [[Garkin]]: [[Professor Noel Ivors Tagebuch]], [[Rezept: Transmutator für Mutagen - Grün in Blau]], [[Schema: Fen'aeth]], [[Alter Brief#Old letter in the Zerstörtes Elfenheiligtum|Alter Brief]].\n** 1 nord-nordwestlich des Schnellreisepunktes [[Trastamara-Jagdhütte]], bewacht von 3 [[Nebling]]en: [[Smigole Serkis' Notizen]], [[Löffel aus reinem Gold]].\n** 1 westlich vom [[Gélenser-Hof]], bewacht von 2 [[Riesentausendfüßler]]n: [[Brief an Gregor Pyxide]]. \n** 1 bei [[Hen Gàidh]], nordwestlich vom [[Hortense-Weingut]], bewacht von 4 [[Banditen]]: [[Arnold aep Bluhms Tagebuch]]. \n\n[[Kategorie:The Witcher 3 Orte| Bewachter Schatz]]\n\n[[en:Guarded treasure]]\n[[fr:Trésor gardé]]\n[[it:Tesoro sorvegliato]]\n[[pl:Strzeżony skarb]]""}}}]}]}}"
Lager,"[[Datei:Tw3_icon_stash.svg|32px|Stash]]
[[Datei:Tw3-stash-01.png|thumb|250px|Aufbewahrungskiste]]
[[Datei:Tw3_interface_storage.jpg|thumb|250px|Interface der Aufbewahrungskiste]]

'''Lager''' (Aufbewahrungskisten) in ''[[The Witcher 3: Wild Hunt]]'' erlauben eine besser Verwaltung von Beute und Überlastung. Im [[The Witcher 3 Patch 1.07|Patch 1.07]] hinzugefügt, finden sie sich an ausgewählten Orten der multi-regionalen Open-World. Wie in früheren Spielen, ermöglichen die Aufbewahrungskisten es dem Spieler, Objekte an einem Ort in der Kiste abzulegen und sie an anderen Orten wieder aufzunehmen.

== Tagebucheintrag ==
:''Du kannst Waffen, Rüstungen und Gerümpel zur Sicherheit in deinem Lager aufbewahren, wo sie nicht gestohlen werden oder sonstwie verschwinden können.<br><br>Du kannst an verschiedenen Orten auf der Welt auf dein Lager zugreifen. Gegenstände, die du an einem Ort in dein Lager legst, sind auch an anderen Orten verfügbar.<br><br>Orte, an denen du auf dein Lager zugreifen kannst, sind permanent auf der Karte eingetragen ─ halte Ausschau nach dem [[Datei:Tw3_icon_stash.svg|24px|Lager]]-Symbol.''

== Orte ==
* [[Taverne (Weißgarten)|Taverne]] im [[Dorf Weißgarten|Weißgarten]]
* Ciris Zimmer in [[Krähenfels]] ([[Velen]])
* [[Rosmarin und Thymian]], Taverne in [[Novigrad]]
* Yennefers Zimmer im [[Neuhaven]], in [[Kaer Trolde]] ([[Ard Skellig]])
* Haupthalle der Festung [[Kaer Morhen]]
* [[Corvo Bianco]] ([[Toussaint]])

[[Kategorie:The Witcher 3 Gameplay]]
[[Kategorie:The Witcher 3 Orte| Lager]]

[[en:Stash]]
[[pl:Wiedźmin 3: Schowki]]","{'batchcomplete': True, 'query': {'pages': [{'pageid': 4795, 'ns': 0, 'title': 'Lager', 'revisions': [{'slots': {'main': {'contentmodel': 'wikitext', 'contentformat': 'text/x-wiki', 'content': ""[[Datei:Tw3_icon_stash.svg|32px|Stash]]\n[[Datei:Tw3-stash-01.png|thumb|250px|Aufbewahrungskiste]]\n[[Datei:Tw3_interface_storage.jpg|thumb|250px|Interface der Aufbewahrungskiste]]\n\n'''Lager''' (Aufbewahrungskisten) in ''[[The Witcher 3: Wild Hunt]]'' erlauben eine besser Verwaltung von Beute und Überlastung. Im [[The Witcher 3 Patch 1.07|Patch 1.07]] hinzugefügt, finden sie sich an ausgewählten Orten der multi-regionalen Open-World. Wie in früheren Spielen, ermöglichen die Aufbewahrungskisten es dem Spieler, Objekte an einem Ort in der Kiste abzulegen und sie an anderen Orten wieder aufzunehmen.\n\n== Tagebucheintrag ==\n:''Du kannst Waffen, Rüstungen und Gerümpel zur Sicherheit in deinem Lager aufbewahren, wo sie nicht gestohlen werden oder sonstwie verschwinden können.<br><br>Du kannst an verschiedenen Orten auf der Welt auf dein Lager zugreifen. Gegenstände, die du an einem Ort in dein Lager legst, sind auch an anderen Orten verfügbar.<br><br>Orte, an denen du auf dein Lager zugreifen kannst, sind permanent auf der Karte eingetragen ─ halte Ausschau nach dem [[Datei:Tw3_icon_stash.svg|24px|Lager]]-Symbol.''\n\n== Orte ==\n* [[Taverne (Weißgarten)|Taverne]] im [[Dorf Weißgarten|Weißgarten]]\n* Ciris Zimmer in [[Krähenfels]] ([[Velen]])\n* [[Rosmarin und Thymian]], Taverne in [[Novigrad]]\n* Yennefers Zimmer im [[Neuhaven]], in [[Kaer Trolde]] ([[Ard Skellig]])\n* Haupthalle der Festung [[Kaer Morhen]]\n* [[Corvo Bianco]] ([[Toussaint]])\n\n[[Kategorie:The Witcher 3 Gameplay]]\n[[Kategorie:The Witcher 3 Orte| Lager]]\n\n[[en:Stash]]\n[[pl:Wiedźmin 3: Schowki]]""}}}]}]}}"
Monsterlager,"{{Monsterlager}}
{{tocright}}

Es findet sich eine Anzahl verschiedener '''Monsterlager''' verteilt über die unterschiedlichen Regionen in ''[[The Witcher 3: Wild Hunt]]''. 

== Kartenbeschreibung ==
:''Monsterverseuchter Ort. Ständige Sorge für die Anwohner.''

== Weißgarten ==
* Kein

== Pontar (Velen und Novigrad) ==
* &nbsp;&nbsp;4 Orte
** [[Höhle (Sturmfelder)|Höhle]] ([[Golem]])
** [[Drachentötergrotte]]
** nordwestlich vom [[Galgenhügel]]
** Im Wald, östlich von [[Ursten]] ([[Tollwütiger Felstroll]] und [[Nekker]])

== Skellige ==
* &nbsp;&nbsp;6 Orte
** 1 über dem See bei [[Fornhala]] ([[Nekker]] und [[Nekker-Krieger]])
** 2 in der Nähe von [[Kaer Gelen]] ([[Erscheinungen]] und [[Alghul]]e)
** 1 innerhalb der [[Alte Gruft|Alten Gruft]] ([[Geist]]er)
** 1 östlich von [[Harviken]] auf [[Faroe]]
** 1 an der Küste, südlich von [[Trottheim]] auf [[Faroe]]

== Toussaint ==
* 5 Orte
** Bei den [[Nebelgruben]], nordwestlich des [[Handelsposten]]s (68 {{exp}} durch getötete Banditen).
** Südlich der [[Burg Dun Tynne]] in den Wäldern durch eine Höhle (177 {{exp}} [[Kikimora]]).
** Östlich vom [[Basane-Hof]] (78 {{exp}} [[Flatterer]] und [[Garkin]]).
*** [[Tagebuch eines Höhlenforschers]], [[Schema: Wächterstiefel in Toussaint-Farben]].
** Nördlich vom [[Basane-Hof]] (69 {{exp}} [[Wolf]]×9 und [[Werwolf]]).
*** [[Gisèle Durets Tagebuch]], [[Schema: Gesheft]], [[Rezept: Färbemittel für rote Rüstung]].
** Nord-nordöstlich von [[Rioux-Cannes-Außenposten]], in einer Monsterhöhle, der [[Albertus' Grotte]] (46 {{exp}} [[Kikimora-Arbeiter]]×9 und [[Kikimora-Krieger]]).
*** [[Brief an Martina Crisca]], [[Skolopendromorphe - der einzige Trost im Exil]], [[Flugechsen im Lauf der Zeit]]. 

[[Kategorie:The Witcher 3 Orte| Monsterlager]]

[[en:Monster den]]
[[fr:Antre de monstre]]
[[it:Covo di mostro]]
[[pl:Siedlisko potworów]]","{'batchcomplete': True, 'query': {'pages': [{'pageid': 41215, 'ns': 0, 'title': 'Monsterlager', 'revisions': [{'slots': {'main': {'contentmodel': 'wikitext', 'contentformat': 'text/x-wiki', 'content': ""{{Monsterlager}}\n{{tocright}}\n\nEs findet sich eine Anzahl verschiedener '''Monsterlager''' verteilt über die unterschiedlichen Regionen in ''[[The Witcher 3: Wild Hunt]]''. \n\n== Kartenbeschreibung ==\n:''Monsterverseuchter Ort. Ständige Sorge für die Anwohner.''\n\n== Weißgarten ==\n* Kein\n\n== Pontar (Velen und Novigrad) ==\n* &nbsp;&nbsp;4 Orte\n** [[Höhle (Sturmfelder)|Höhle]] ([[Golem]])\n** [[Drachentötergrotte]]\n** nordwestlich vom [[Galgenhügel]]\n** Im Wald, östlich von [[Ursten]] ([[Tollwütiger Felstroll]] und [[Nekker]])\n\n== Skellige ==\n* &nbsp;&nbsp;6 Orte\n** 1 über dem See bei [[Fornhala]] ([[Nekker]] und [[Nekker-Krieger]])\n** 2 in der Nähe von [[Kaer Gelen]] ([[Erscheinungen]] und [[Alghul]]e)\n** 1 innerhalb der [[Alte Gruft|Alten Gruft]] ([[Geist]]er)\n** 1 östlich von [[Harviken]] auf [[Faroe]]\n** 1 an der Küste, südlich von [[Trottheim]] auf [[Faroe]]\n\n== Toussaint ==\n* 5 Orte\n** Bei den [[Nebelgruben]], nordwestlich des [[Handelsposten]]s (68 {{exp}} durch getötete Banditen).\n** Südlich der [[Burg Dun Tynne]] in den Wäldern durch eine Höhle (177 {{exp}} [[Kikimora]]).\n** Östlich vom [[Basane-Hof]] (78 {{exp}} [[Flatterer]] und [[Garkin]]).\n*** [[Tagebuch eines Höhlenforschers]], [[Schema: Wächterstiefel in Toussaint-Farben]].\n** Nördlich vom [[Basane-Hof]] (69 {{exp}} [[Wolf]]×9 und [[Werwolf]]).\n*** [[Gisèle Durets Tagebuch]], [[Schema: Gesheft]], [[Rezept: Färbemittel für rote Rüstung]].\n** Nord-nordöstlich von [[Rioux-Cannes-Außenposten]], in einer Monsterhöhle, der [[Albertus' Grotte]] (46 {{exp}} [[Kikimora-Arbeiter]]×9 und [[Kikimora-Krieger]]).\n*** [[Brief an Martina Crisca]], [[Skolopendromorphe - der einzige Trost im Exil]], [[Flugechsen im Lauf der Zeit]]. \n\n[[Kategorie:The Witcher 3 Orte| Monsterlager]]\n\n[[en:Monster den]]\n[[fr:Antre de monstre]]\n[[it:Covo di mostro]]\n[[pl:Siedlisko potworów]]""}}}]}]}}"
Schmugglerversteck,"{{übersetzen}}
{{stub}}
{{Schmugglerversteck}}
{{tocright}}
'''Schmugglerversteck''' können an und in Gewäsern in ''[[The Witcher 3: Wild Hunt]]'' gefunden werden. Sie können an den an der Wasseroberfläche schwimmenden Fässern erkannt werden, an denen unter Wasser reich gefüllte Truhen hängen. Solche Stellen werden oft von Wassermonstern bewacht, wie [[Ertrunkener|Ertrunkenen]], [[Sirene (Kreatur)#The Witcher 3: Wild Hunt|Sirenen]] oder [[Ekhidna]]s, die sowohl über als auch unter Wasser gefährlich sind.

== [[Weißgarten]] ==
[[Datei:Tw3 map WO smugglers cache.jpg|thumb|350px|Schmugglerversteck]]
* 1 Versteck
** Under the southernmost bridge
{{clear}}
== [[Velen]], [[Novigrad]], [[Sturmfelder]] ==
[[Datei:Tw3 map Spitfire Bluff smugglers caches.jpg|thumb|350px|Schmugglerversteck]]
[[Datei:Tw3 map Novigrad smugglers caches.jpg|thumb|350px|Schmugglerversteck]]
* 4 Verstecke
** 1 southwest of the abgebrannten Haus in western [[Feuerklippen]]
** 1 roughly halfway along the coast between the [[Leuchtturm]] und [[Witwengrotte]] in the [[Grashügel]]
** 1 in the Fluss, northeast of the [[Ruhmestor]]
** 1 in the Fluss, northwest of [[Die Sieben Katzen]], south of the bridge
{{clear}}
== [[Skellige]] ==
[[Datei:Tw3_map_skellige_smugglers_caches.jpg|thumb|350px|Schmugglerversteck]]
* 59 Verstecke

[[Kategorie:The Witcher 3 Orte| Schmugglerversteck]]

[[en:Smugglers' cache]]
[[fr:Cache de contrebandiers]]
[[it:Deposito di contrabbandieri]]
[[pl:Kontrabanda]]","{'batchcomplete': True, 'query': {'pages': [{'pageid': 32020, 'ns': 0, 'title': 'Schmugglerversteck', 'revisions': [{'slots': {'main': {'contentmodel': 'wikitext', 'contentformat': 'text/x-wiki', 'content': ""{{übersetzen}}\n{{stub}}\n{{Schmugglerversteck}}\n{{tocright}}\n'''Schmugglerversteck''' können an und in Gewäsern in ''[[The Witcher 3: Wild Hunt]]'' gefunden werden. Sie können an den an der Wasseroberfläche schwimmenden Fässern erkannt werden, an denen unter Wasser reich gefüllte Truhen hängen. Solche Stellen werden oft von Wassermonstern bewacht, wie [[Ertrunkener|Ertrunkenen]], [[Sirene (Kreatur)#The Witcher 3: Wild Hunt|Sirenen]] oder [[Ekhidna]]s, die sowohl über als auch unter Wasser gefährlich sind.\n\n== [[Weißgarten]] ==\n[[Datei:Tw3 map WO smugglers cache.jpg|thumb|350px|Schmugglerversteck]]\n* 1 Versteck\n** Under the southernmost bridge\n{{clear}}\n== [[Velen]], [[Novigrad]], [[Sturmfelder]] ==\n[[Datei:Tw3 map Spitfire Bluff smugglers caches.jpg|thumb|350px|Schmugglerversteck]]\n[[Datei:Tw3 map Novigrad smugglers caches.jpg|thumb|350px|Schmugglerversteck]]\n* 4 Verstecke\n** 1 southwest of the abgebrannten Haus in western [[Feuerklippen]]\n** 1 roughly halfway along the coast between the [[Leuchtturm]] und [[Witwengrotte]] in the [[Grashügel]]\n** 1 in the Fluss, northeast of the [[Ruhmestor]]\n** 1 in the Fluss, northwest of [[Die Sieben Katzen]], south of the bridge\n{{clear}}\n== [[Skellige]] ==\n[[Datei:Tw3_map_skellige_smugglers_caches.jpg|thumb|350px|Schmugglerversteck]]\n* 59 Verstecke\n\n[[Kategorie:The Witcher 3 Orte| Schmugglerversteck]]\n\n[[en:Smugglers' cache]]\n[[fr:Cache de contrebandiers]]\n[[it:Deposito di contrabbandieri]]\n[[pl:Kontrabanda]]""}}}]}]}}"
Versteckter_Schatz,"{{übersetzen}}
{{Versteckter Schatz}}
{{tocright}}
Es gibt eine Vielzahl von Orten mit der Markierung '''Versteckter Schatz''', verteilt über die verschiedenen Regionen in ''[[The Witcher 3: Wild Hunt]]''. An diesen Orten startet oftmals eine [[The Witcher 3 Schatzsuchen|Schatzsuche-Quest]], und sie werden häufig von [[Monster in The Witcher 3|Monster]]n oder Menschen bewacht.

== Kartenbeschreibung ==
:''Ein Versteck voller kostbarer Waren.''

== [[Weißgarten]] ==
=== 3 Orte===
<gallery widths=""250"">
Datei:Hidden treasure - Northeast from the Mill.jpg|Nordöstlich der [[Mühle (Weißgarten)|Mühle]], östlich des [[Friedhof von Weißgarten|Friedhofes]]
Datei:Hidden treasure - Northwest from the Cackler Bridge.jpg|Nordwestlich der [[Kicherbrücke]]
Datei:Hidden treasure - West from the Mill.jpg|Westlich der [[Mühle (Weißgarten)|Mühle]], bei der Brücke
</gallery>

== [[Pontar (Region)|Pontar]] ([[Velen]] und [[Novigrad]]) ==
=== 29 Orte ===
* 2 in den [[Elfenruinen beim Sturmsee]]
* 1 in the burned hut on the westernmost peninsula south of [[Kondylus]], north-northwest of the [[Kriegsbeute]] marker
* 1 along the coast due east of the [[Kriegsbeute]] marker south of [[Kondylus]]
* 1 on the small island southwest of [[Reuseninsel]] in [[Sturmsee]]
* 1 im inneren des [[Lornruk]] Leuchtturms
* 1 direkt neben der Straße südöstlich von [[Plünderbrücke]], im Norden von [[Toderas]]
* 1 in [[Mähwald]]
* 1 in dem sumpfigen Gebiet nördlich des [[Fährhaus]]
* 1 by the road southeast of [[Teufelsgrube]] (just west of a [[Monsternest]])
* 1 on the fog-enshrouded island southeast of the [[Grotte (Velen)|Grotte]]
* 1 by the [[Alte Kapelle]] near [[Neue Mühle]]
* 1 underwater due west of the [[Flüchtlingslager (Velen)|Flüchtlingslager]] (near the eastern tip of the larger island)
* 1 just north of the [[Wrackküste]] marker
* 1 inside the [[Wachturm von Vikk]]
* 1 in the [[Verlassene Stätte]] north of [[Heddel]]
* 1 east of the [[Einsame Hütte]], just south of the [[Verlassene Stätte]]
* 1 inside [[Blutgrube]]
* 1 in the cellar of the hut east of [[Kranichskap]] and northwest of the [[Höhle (Sturmfelder)|Höhle]] north of [[Novigrad]]
* 3 in the swampy area northwest of [[Fort Weißer Adler]]: 
** 1 along the coast north of the Fort
** 1 in the center of the swampy area
** 1 at the northwestern tip of the area
* 1 along the north coast about halfway between [[Galgengasse]] and the Verlassene Stätte west of it
* 1 farther along the same coast at westernmost tip
* 1 auf der östlichsten Insel des Inseltrios in der Bucht westlich von [[Ursten]]
* 1 am [[Fähranleger der Liebenden]]
* 1 im sumpfigen Areal im Bereich des Flusses westlich vom [[Grenzposten]]
* 1 im sumpfigen Areal westlich vom [[Haus der Erholung]]
* 1 in der [[Ruine von Burg Arnskrone]]

=== Karten ===
<gallery widths=""250px"">
Hidden treasure - Northeast of Lurtch and southwest of Marauder's Bridge.jpg|[[Mähwald]]
Hidden treasure - Southeast from Marauders' Bridge.jpg|Südöstlich der Plünderbrücke
</gallery>

== [[Skellige]] ==
* 25 Orte
**[[Ard Skellig]]
*** 1 entlang der Ostküste, im Norden von [[Rotbach]] (bewacht von einem [[Zyklop|Zyklopen]])
*** 1 auf der kleinen insel im Südosten der Spitze der Halbinsel, auf der der [[Leuchtturm Elverum]] steht
*** 1 in den Ruinen bei [[Boxholm]]
*** 1 auf einer kleinen Insel im Norden von [[Sund]]
:*TBA

== [[Toussaint]] ==
* 9 Orte
** [[Ruinen des Bastoy-Gefängnisses]]
** [[Verlassenes Casteldaccia-Anwesen]]
** [[Orlémurs-Friedhof]]
** [[Seidhe-Llygad-Amphitheater]]
** [[Schiffswrack der Susanne]]
** Roughly equidistant: southeast of [[Casteldaccia]], and northeast of the [[Ruinen des Termes-Palasts]], in the delta area

[[Kategorie:The Witcher 3 Orte| Versteckter Schatz]]

[[en:Hidden treasure]]
[[fr:Trésor caché]]
[[it:Tesoro nascosto]]
[[pl:Ukryty skarb]]","{'batchcomplete': True, 'query': {'normalized': [{'fromencoded': False, 'from': 'Versteckter_Schatz', 'to': 'Versteckter Schatz'}], 'pages': [{'pageid': 38971, 'ns': 0, 'title': 'Versteckter Schatz', 'revisions': [{'slots': {'main': {'contentmodel': 'wikitext', 'contentformat': 'text/x-wiki', 'content': '{{übersetzen}}\n{{Versteckter Schatz}}\n{{tocright}}\nEs gibt eine Vielzahl von Orten mit der Markierung \'\'\'Versteckter Schatz\'\'\', verteilt über die verschiedenen Regionen in \'\'[[The Witcher 3: Wild Hunt]]\'\'. An diesen Orten startet oftmals eine [[The Witcher 3 Schatzsuchen|Schatzsuche-Quest]], und sie werden häufig von [[Monster in The Witcher 3|Monster]]n oder Menschen bewacht.\n\n== Kartenbeschreibung ==\n:\'\'Ein Versteck voller kostbarer Waren.\'\'\n\n== [[Weißgarten]] ==\n=== 3 Orte===\n<gallery widths=""250"">\nDatei:Hidden treasure - Northeast from the Mill.jpg|Nordöstlich der [[Mühle (Weißgarten)|Mühle]], östlich des [[Friedhof von Weißgarten|Friedhofes]]\nDatei:Hidden treasure - Northwest from the Cackler Bridge.jpg|Nordwestlich der [[Kicherbrücke]]\nDatei:Hidden treasure - West from the Mill.jpg|Westlich der [[Mühle (Weißgarten)|Mühle]], bei der Brücke\n</gallery>\n\n== [[Pontar (Region)|Pontar]] ([[Velen]] und [[Novigrad]]) ==\n=== 29 Orte ===\n* 2 in den [[Elfenruinen beim Sturmsee]]\n* 1 in the burned hut on the westernmost peninsula south of [[Kondylus]], north-northwest of the [[Kriegsbeute]] marker\n* 1 along the coast due east of the [[Kriegsbeute]] marker south of [[Kondylus]]\n* 1 on the small island southwest of [[Reuseninsel]] in [[Sturmsee]]\n* 1 im inneren des [[Lornruk]] Leuchtturms\n* 1 direkt neben der Straße südöstlich von [[Plünderbrücke]], im Norden von [[Toderas]]\n* 1 in [[Mähwald]]\n* 1 in dem sumpfigen Gebiet nördlich des [[Fährhaus]]\n* 1 by the road southeast of [[Teufelsgrube]] (just west of a [[Monsternest]])\n* 1 on the fog-enshrouded island southeast of the [[Grotte (Velen)|Grotte]]\n* 1 by the [[Alte Kapelle]] near [[Neue Mühle]]\n* 1 underwater due west of the [[Flüchtlingslager (Velen)|Flüchtlingslager]] (near the eastern tip of the larger island)\n* 1 just north of the [[Wrackküste]] marker\n* 1 inside the [[Wachturm von Vikk]]\n* 1 in the [[Verlassene Stätte]] north of [[Heddel]]\n* 1 east of the [[Einsame Hütte]], just south of the [[Verlassene Stätte]]\n* 1 inside [[Blutgrube]]\n* 1 in the cellar of the hut east of [[Kranichskap]] and northwest of the [[Höhle (Sturmfelder)|Höhle]] north of [[Novigrad]]\n* 3 in the swampy area northwest of [[Fort Weißer Adler]]: \n** 1 along the coast north of the Fort\n** 1 in the center of the swampy area\n** 1 at the northwestern tip of the area\n* 1 along the north coast about halfway between [[Galgengasse]] and the Verlassene Stätte west of it\n* 1 farther along the same coast at westernmost tip\n* 1 auf der östlichsten Insel des Inseltrios in der Bucht westlich von [[Ursten]]\n* 1 am [[Fähranleger der Liebenden]]\n* 1 im sumpfigen Areal im Bereich des Flusses westlich vom [[Grenzposten]]\n* 1 im sumpfigen Areal westlich vom [[Haus der Erholung]]\n* 1 in der [[Ruine von Burg Arnskrone]]\n\n=== Karten ===\n<gallery widths=""250px"">\nHidden treasure - Northeast of Lurtch and southwest of Marauder\'s Bridge.jpg|[[Mähwald]]\nHidden treasure - Southeast from Marauders\' Bridge.jpg|Südöstlich der Plünderbrücke\n</gallery>\n\n== [[Skellige]] ==\n* 25 Orte\n**[[Ard Skellig]]\n*** 1 entlang der Ostküste, im Norden von [[Rotbach]] (bewacht von einem [[Zyklop|Zyklopen]])\n*** 1 auf der kleinen insel im Südosten der Spitze der Halbinsel, auf der der [[Leuchtturm Elverum]] steht\n*** 1 in den Ruinen bei [[Boxholm]]\n*** 1 auf einer kleinen Insel im Norden von [[Sund]]\n:*TBA\n\n== [[Toussaint]] ==\n* 9 Orte\n** [[Ruinen des Bastoy-Gefängnisses]]\n** [[Verlassenes Casteldaccia-Anwesen]]\n** [[Orlémurs-Friedhof]]\n** [[Seidhe-Llygad-Amphitheater]]\n** [[Schiffswrack der Susanne]]\n** Roughly equidistant: southeast of [[Casteldaccia]], and northeast of the [[Ruinen des Termes-Palasts]], in the delta area\n\n[[Kategorie:The Witcher 3 Orte| Versteckter Schatz]]\n\n[[en:Hidden treasure]]\n[[fr:Trésor caché]]\n[[it:Tesoro nascosto]]\n[[pl:Ukryty skarb]]'}}}]}]}}"
Aardeklove,"{{Infoboxorte3
| name = Aardeklove
| bild = Tw3_mount_aardeklove.jpg
| art = [[:Kategorie:Gebirge|Berg]]
| lage = nord-zentral [[An Skellig]]
| region      = [[Skellige]]
}}
{{schnellreisen}} {{Ort der Macht}}

Der Berg '''Aardeklove''' ist die höchste Erhebung auf der Insel [[An Skellig]]. Sein Gipfel heißt ""[[Yngvars Zahn]]"", benannt nach dem mythischen Riesenbären [[Yngvar]], den der Held [[Tyr]] in einer [[Helden von Skellige: Tyr|Legende]] der Inseln einst bezwang.

== Quests ==
* [[Der Weg der Krieger]]

[[Kategorie:Gebirge]]

[[en:Mount Aardeklove]]
[[fr:Mont Aardeklove]]
[[it:Monte Aardeklove]]
[[pl:Ardvark]]","{'batchcomplete': True, 'query': {'pages': [{'pageid': 32182, 'ns': 0, 'title': 'Aardeklove', 'revisions': [{'slots': {'main': {'contentmodel': 'wikitext', 'contentformat': 'text/x-wiki', 'content': '{{Infoboxorte3\n| name = Aardeklove\n| bild = Tw3_mount_aardeklove.jpg\n| art = [[:Kategorie:Gebirge|Berg]]\n| lage = nord-zentral [[An Skellig]]\n| region      = [[Skellige]]\n}}\n{{schnellreisen}} {{Ort der Macht}}\n\nDer Berg \'\'\'Aardeklove\'\'\' ist die höchste Erhebung auf der Insel [[An Skellig]]. Sein Gipfel heißt ""[[Yngvars Zahn]]"", benannt nach dem mythischen Riesenbären [[Yngvar]], den der Held [[Tyr]] in einer [[Helden von Skellige: Tyr|Legende]] der Inseln einst bezwang.\n\n== Quests ==\n* [[Der Weg der Krieger]]\n\n[[Kategorie:Gebirge]]\n\n[[en:Mount Aardeklove]]\n[[fr:Mont Aardeklove]]\n[[it:Monte Aardeklove]]\n[[pl:Ardvark]]'}}}]}]}}"
Abgelegene_Huette,Error: 'revisions',
Der_Abstieg,"{{stub}}
{{Infoboxorte3
| name     = Der Abstieg
| bild = Tw3-karte-der-abstieg.png
| beschreibung = Ausschnitt aus der The-Witcher-3-Karte der [[Nördliche Königreiche|Nördlichen Königreiche]]
| art     = Handlungsgebiet
| lage = Südost-[[Velen]]
| region   = [[Velen]]
}}
'''Der Abstieg'''<ref>Dieser spezielle Name taucht nicht im Spiel ''{{tw3}}'' auf, ist aber von der [[:en:File:Tw3-map-site.png|Karte]] bekannt, die den meisten Ausgaben beilag.</ref> ist ein Gebiet im Südosten der Region [[Velen]] in ''[[The Witcher 3: Wild Hunt]]''. Es umfasst mehrere Orte und [[Schnellreisen|Schnellreisepunkte]].

== Schnellreisepunkte ==
* [[Benkelheim]]
* [[Grotte (Velen)|Grotte]]
* [[Haus der Erholung]]
* [[Kimbolt-Straße]]
* [[Plünderbrücke]]
* [[Lager der Zentralarmee von Nilfgaard]]
* [[Toderas]]

== Quests ==
* [[Blutsbande]]
* [[Sammle sie alle]]
* [[Auftrag: Vermisste Patrouille]]
* [[Auftrag: Phantom der Handelsroute]]
* [[Gwint: Spieler in Velen]]
* [[Schatzsuche: Schemas zur Verbesserung der Wolfsschulenausrüstung - Teil 1]]
* [[Die Wahrheit steht in den Sternen]]

==Fußnoten==
<references />


{{tw3region}}

{{SORTIERUNG:Abstieg}}

[[Kategorie:Regionen]]

[[en:The Descent]]
[[fr:Le Coteau]]
[[it:La Discesa]]
[[pl:Dolina Geddesa]]","{'batchcomplete': True, 'query': {'normalized': [{'fromencoded': False, 'from': 'Der_Abstieg', 'to': 'Der Abstieg'}], 'pages': [{'pageid': 32274, 'ns': 0, 'title': 'Der Abstieg', 'revisions': [{'slots': {'main': {'contentmodel': 'wikitext', 'contentformat': 'text/x-wiki', 'content': ""{{stub}}\n{{Infoboxorte3\n| name     = Der Abstieg\n| bild = Tw3-karte-der-abstieg.png\n| beschreibung = Ausschnitt aus der The-Witcher-3-Karte der [[Nördliche Königreiche|Nördlichen Königreiche]]\n| art     = Handlungsgebiet\n| lage = Südost-[[Velen]]\n| region   = [[Velen]]\n}}\n'''Der Abstieg'''<ref>Dieser spezielle Name taucht nicht im Spiel ''{{tw3}}'' auf, ist aber von der [[:en:File:Tw3-map-site.png|Karte]] bekannt, die den meisten Ausgaben beilag.</ref> ist ein Gebiet im Südosten der Region [[Velen]] in ''[[The Witcher 3: Wild Hunt]]''. Es umfasst mehrere Orte und [[Schnellreisen|Schnellreisepunkte]].\n\n== Schnellreisepunkte ==\n* [[Benkelheim]]\n* [[Grotte (Velen)|Grotte]]\n* [[Haus der Erholung]]\n* [[Kimbolt-Straße]]\n* [[Plünderbrücke]]\n* [[Lager der Zentralarmee von Nilfgaard]]\n* [[Toderas]]\n\n== Quests ==\n* [[Blutsbande]]\n* [[Sammle sie alle]]\n* [[Auftrag: Vermisste Patrouille]]\n* [[Auftrag: Phantom der Handelsroute]]\n* [[Gwint: Spieler in Velen]]\n* [[Schatzsuche: Schemas zur Verbesserung der Wolfsschulenausrüstung - Teil\xa01]]\n* [[Die Wahrheit steht in den Sternen]]\n\n==Fußnoten==\n<references />\n\n\n{{tw3region}}\n\n{{SORTIERUNG:Abstieg}}\n\n[[Kategorie:Regionen]]\n\n[[en:The Descent]]\n[[fr:Le Coteau]]\n[[it:La Discesa]]\n[[pl:Dolina Geddesa]]""}}}]}]}}"
Abzweigung,"{{Infoboxorte3
| name       = Abzweigung
| bild       = tw3_crossroads_(ard_skellig).jpg
| beschriftung =
| art        = 
| lage       = [[Ard Skellig]]
| region     = [[Skellige]]
| schnellreisen = y
}}
{{schnellreisen}}

Diese '''Abzweigung''' ist nord-nordöstlich von [[Rannvaig]] auf [[Ard Skellig]].

== Kartenbeschreibung ==
:''Abzweigung von der Straße nach [[Kaer Trolde]].''

== Quests ==
* [[Vertrauenswürdig]]

[[en:Crossroads (Ard Skellig)]]
[[fr:Carrefour (Ard Skellig)]]
[[it:Crocevia (Ard Skellig)]]
[[pl:Rozstaje dróg (Ard Skellig)]]
[[ru:Развилка дорог (Ард Скеллиг)]]","{'batchcomplete': True, 'query': {'pages': [{'pageid': 38892, 'ns': 0, 'title': 'Abzweigung', 'revisions': [{'slots': {'main': {'contentmodel': 'wikitext', 'contentformat': 'text/x-wiki', 'content': ""{{Infoboxorte3\n| name       = Abzweigung\n| bild       = tw3_crossroads_(ard_skellig).jpg\n| beschriftung =\n| art        = \n| lage       = [[Ard Skellig]]\n| region     = [[Skellige]]\n| schnellreisen = y\n}}\n{{schnellreisen}}\n\nDiese '''Abzweigung''' ist nord-nordöstlich von [[Rannvaig]] auf [[Ard Skellig]].\n\n== Kartenbeschreibung ==\n:''Abzweigung von der Straße nach [[Kaer Trolde]].''\n\n== Quests ==\n* [[Vertrauenswürdig]]\n\n[[en:Crossroads (Ard Skellig)]]\n[[fr:Carrefour (Ard Skellig)]]\n[[it:Crocevia (Ard Skellig)]]\n[[pl:Rozstaje dróg (Ard Skellig)]]\n[[ru:Развилка дорог (Ард Скеллиг)]]""}}}]}]}}"
Kellerei_Viper_&_Juwelen,"{{Infoboxorte3
| name        = Kellerei Viper & Juwelen
| bild        = tw3_baw_the_adder_and_jewels.jpg
| art         = [[:Kategorie:Gasthäuser und Kneipen|Gasthaus]]
| expansion   = bw
| lage        = [[Lolivier-Platz]], [[Beauclair]]
| region      = [[Toussaint]]
| tavernenwirt = Sommelier
}}
:[[Datei:Tw3 bw sign the adder and jewels winery.png|200px|Kellerei Viper & Juwelen]]

'''Kellerei Viper & Juwelen''' is a winery in the ''[[Blood and Wine]]'' expansion.

== Quest ==
* [[Gwint: Hurra, hurra, Skellige ist da]], the sommelier plays [[Gwint]].

== Gegenstände ==
* [[Altes Pamphlet]], on floor.
* [[Ein Brief von Prinz Anséis an Carthia van Canten]], on shelf.
* [[Ein Brief von Fringilla Vigo an Carthia van Canten]]

== Galerie ==
<gallery widths=""250px"">
tw3_baw_the_adder_and_jewels_(1).jpg|The Adder and Jewels' sign.
tw3_baw_the_adder_and_jewels_(2).jpg|The welcoming interior of the winery.
</gallery>

{{DEFAULTSORT:Adder and Jewels}}

[[Kategorie:Gasthäuser und Kneipen]]
[[Kategorie:Beauclair]]

[[en:The Adder and Jewels Winery]]
[[fr:Entreprise vinicole Aspic et Joyaux]]
[[it:Cantina La vipera e i gioielli]]
[[pl:Winiarnia ""Żmija i Rubin""]]","{'batchcomplete': True, 'query': {'normalized': [{'fromencoded': False, 'from': 'Kellerei_Viper_&_Juwelen', 'to': 'Kellerei Viper & Juwelen'}], 'pages': [{'pageid': 37620, 'ns': 0, 'title': 'Kellerei Viper & Juwelen', 'revisions': [{'slots': {'main': {'contentmodel': 'wikitext', 'contentformat': 'text/x-wiki', 'content': '{{Infoboxorte3\n| name        = Kellerei Viper & Juwelen\n| bild        = tw3_baw_the_adder_and_jewels.jpg\n| art         = [[:Kategorie:Gasthäuser und Kneipen|Gasthaus]]\n| expansion   = bw\n| lage        = [[Lolivier-Platz]], [[Beauclair]]\n| region      = [[Toussaint]]\n| tavernenwirt = Sommelier\n}}\n:[[Datei:Tw3 bw sign the adder and jewels winery.png|200px|Kellerei Viper & Juwelen]]\n\n\'\'\'Kellerei Viper & Juwelen\'\'\' is a winery in the \'\'[[Blood and Wine]]\'\' expansion.\n\n== Quest ==\n* [[Gwint: Hurra, hurra, Skellige ist da]], the sommelier plays [[Gwint]].\n\n== Gegenstände ==\n* [[Altes Pamphlet]], on floor.\n* [[Ein Brief von Prinz Anséis an Carthia van Canten]], on shelf.\n* [[Ein Brief von Fringilla Vigo an Carthia van Canten]]\n\n== Galerie ==\n<gallery widths=""250px"">\ntw3_baw_the_adder_and_jewels_(1).jpg|The Adder and Jewels\' sign.\ntw3_baw_the_adder_and_jewels_(2).jpg|The welcoming interior of the winery.\n</gallery>\n\n{{DEFAULTSORT:Adder and Jewels}}\n\n[[Kategorie:Gasthäuser und Kneipen]]\n[[Kategorie:Beauclair]]\n\n[[en:The Adder and Jewels Winery]]\n[[fr:Entreprise vinicole Aspic et Joyaux]]\n[[it:Cantina La vipera e i gioielli]]\n[[pl:Winiarnia ""Żmija i Rubin""]]'}}}]}]}}"
Aeramas'_Laden,"{{stub}}
{{Infoboxorte3
| name = Aeramas' Laden
| bild = tw3_aeramas'_shop.jpg 
| beschreibung = 
| art = Laden
| lage = [[Gildorf]]
| region = [[Novigrad]]
| laden = Kaufmann (Aeramas' Laden)
}}

'''Aeramas' Laden''' wurde eröffnet, nachdem man den namensgebenden Magier auf dem Scheiterhaufen verbrannt hatte.

== Quests ==
* [[Die Statue des Adligen]]
* [[Von Milch und Finsternis]]

[[en:Aeramas' Shop]]
[[fr:Boutique d'Aeramas]]
[[it:La bottega di Aeramas]]
[[pl:Sklep Aeramasa]]","{'batchcomplete': True, 'query': {'normalized': [{'fromencoded': False, 'from': ""Aeramas'_Laden"", 'to': ""Aeramas' Laden""}], 'pages': [{'pageid': 40681, 'ns': 0, 'title': ""Aeramas' Laden"", 'revisions': [{'slots': {'main': {'contentmodel': 'wikitext', 'contentformat': 'text/x-wiki', 'content': ""{{stub}}\n{{Infoboxorte3\n| name = Aeramas' Laden\n| bild = tw3_aeramas'_shop.jpg \n| beschreibung = \n| art = Laden\n| lage = [[Gildorf]]\n| region = [[Novigrad]]\n| laden = Kaufmann (Aeramas' Laden)\n}}\n\n'''Aeramas' Laden''' wurde eröffnet, nachdem man den namensgebenden Magier auf dem Scheiterhaufen verbrannt hatte.\n\n== Quests ==\n* [[Die Statue des Adligen]]\n* [[Von Milch und Finsternis]]\n\n[[en:Aeramas' Shop]]\n[[fr:Boutique d'Aeramas]]\n[[it:La bottega di Aeramas]]\n[[pl:Sklep Aeramasa]]""}}}]}]}}"
Aeramas'_verlassenes_Anwesen,"{{Infoboxorte3
| name = Aeramas' verlassenes Anwesen
| bild = tw3_aeramas'_abandoned_manor.jpg
| beschreibung =
| art = Schnellreisepunkt
| lage = Östlich von [[Oxenfurt]]
| region = [[Sturmfelder]]
| schnellreisen = y
}}
{{schnellreisen}} {{Höhleneingang}}

'''Aeramas' verlassenes Anwesen''' kann per Schnellreise erreicht werden und befindet sich in der Region [[Sturmfelder]], oben in den Hügeln östlich von [[Oxenfurt]].

== Kartenbeschreibung ==
:''Die hiesigen Bauern beschweren sich häufig über den gewaltigen Käsegeruch, der aus dieser Residenz dringt ...''

== Quests ==
* [[Von Milch und Finsternis]]
* [[Schatzsuche: Schemas zur Verbesserung der Katzenschulenausrüstung - Teil 1]]

[[en:Aeramas' Abandoned Manor]]
[[fr:Manoir abandonné d'Aeramas]]
[[it:Maniero abbandonato di Aeramas]]
[[pl:Zniszczona rezydencja Aeramasa]]
[[ru:Разрушенная усадьба Аэрамаса]]","{'batchcomplete': True, 'query': {'normalized': [{'fromencoded': False, 'from': ""Aeramas'_verlassenes_Anwesen"", 'to': ""Aeramas' verlassenes Anwesen""}], 'pages': [{'pageid': 40678, 'ns': 0, 'title': ""Aeramas' verlassenes Anwesen"", 'revisions': [{'slots': {'main': {'contentmodel': 'wikitext', 'contentformat': 'text/x-wiki', 'content': ""{{Infoboxorte3\n| name = Aeramas' verlassenes Anwesen\n| bild = tw3_aeramas'_abandoned_manor.jpg\n| beschreibung =\n| art = Schnellreisepunkt\n| lage = Östlich von [[Oxenfurt]]\n| region = [[Sturmfelder]]\n| schnellreisen = y\n}}\n{{schnellreisen}} {{Höhleneingang}}\n\n'''Aeramas' verlassenes Anwesen''' kann per Schnellreise erreicht werden und befindet sich in der Region [[Sturmfelder]], oben in den Hügeln östlich von [[Oxenfurt]].\n\n== Kartenbeschreibung ==\n:''Die hiesigen Bauern beschweren sich häufig über den gewaltigen Käsegeruch, der aus dieser Residenz dringt ...''\n\n== Quests ==\n* [[Von Milch und Finsternis]]\n* [[Schatzsuche: Schemas zur Verbesserung der Katzenschulenausrüstung - Teil\xa01]]\n\n[[en:Aeramas' Abandoned Manor]]\n[[fr:Manoir abandonné d'Aeramas]]\n[[it:Maniero abbandonato di Aeramas]]\n[[pl:Zniszczona rezydencja Aeramasa]]\n[[ru:Разрушенная усадьба Аэрамаса]]""}}}]}]}}"
Akademie_Oxenfurt,"{{Infoboxortebuch
| name         = Akademie Oxenfurt
| bild         = Tw3 oxenfurt academy.jpg
| beschriftung = Die Akademie, Ansicht aus ""[[Hearts of Stone]]""
| size         = 
| bild2        = COA_Oxenfurt_Univ.png
| beschriftung2= Wappen der Akademie von Oxenfurt
| size2        = 100px
| bild3        = 
| beschriftung3= 
| size3        =
| aka          = Universität Oxenfurt
| art          = Schule
| lage         = [[Oxenfurt]]
| vorkommen    = <div style=""float:right;""> </div>
*Bücher:
**[[Das Erbe der Elfen]] (Erstnennung)
*Computerspiele:
**[[The Witcher 3: Wild Hunt]]
| vorkommenklein=n
}}
Inmitten der vor Leben pulsierenden Stadt [[Oxenfurt]] steht eine Bastion des Wissens und der Ausbildung: die '''Akademie von Oxenfurt'''. Der erste Rektor der Akademie war [[Nicodemus de Boot]]. Eine große Grünanlage verbindet die verschiedenen Lehrstühle des Universitätsgelände, unter anderem gibt es den [[Park der Denker]] und die [[Guildenstern-Brücke]].<br>
Viele Gelehrte haben hier studiert, unter anderem die Medizinerin [[Shani]] oder der [[Alchemist der Manufaktur]]. Shani hat hier ihr Magister in Medizin gemacht und wirde später Dekanin der medizinischen Fakultät. Sogar der Poet [[Rittersporn]] war Absolvent der Universität Oxenfurts. Zunächst als Student der Sangeskünste und Dichtkunst und später gab er hier selbst Vorlesungen. Auch der [[Hexer]] [[Geralt von Riva]] nahm als Gasthörer an Vorlesungen am Lehrstuhl für übernatrürliche Erscheinungen teil.<br>
{{Kurzes Zitat|Wenn du Gerechtigkeit willst, heure einen Hexer an.<br>Graffito an der Wand des Lehrstuhls der Rechte<br>an der Universität in Oxenfurt|Epigraph aus ""[[Das Erbe der Elfen]]"", Kapitel 5}}

Die Universität steht ebenfalls im Interesse der Geheimdienste, jedoch können Spitzel ihrer Arbeit hier nicht uneingeschränkt nachgehen. Das Gelände gilt als exterritorial, sodass Studenten und Dozenten dort Immunität genießen. Der [[Redanien|redanische]] Geheimdienst hat Räume im obersten Stockwerk des Rektorats angemietet, die der Geheimdienstchef [[Sigismund Dijkstra|Dijkstra]] scherzhaft ""Lehrstuhl der Neuesten Geschichte"" nennt - Rittersporn jedoch ''Lehrstuhl für Vergleichende Spionage und Angewandte Diversion''.


Die Akademie von Oxenfurt ist ein Handlungsort im Roman ""[[Das Erbe der Elfen]]"" (""Krew elfów"").

==Fachbereiche==
{{cols|2|
:* [[Lehrstuhl für Alchemie]]
:* [[Fakultät für Angewandte Archäologie]]<ref name=""tw3"">In ''[[The Witcher 3: Wild Hunt]]''</ref>
:* [[Lehrstuhl für Medizin und Arzneikunde]]
:* [[Lehrstuhl für Minnesang und Poesie]]
:* [[Lehrstuhl für Naturgeschichte]]
:* [[Lehrstuhl der neusten Geschichte|Lehrstuhl der Neusten Geschichte]] (Scheinlehrstuhl)
:* [[Fakultät für Zeitgenössische Geschichte]]<ref name=""tw3"" />
:* [[Lehrstuhl für Philosophie]]<ref name=""ZS"">In ""[[Zeit des Sturms]]"", Kapitel 7</ref>
:* [[Lehrstuhl der Rechte]]
:* [[Lehrstuhl der Schönen Künste]] <ref>In ""[[Die Dame vom See]]"", Kapitel 10</ref>
:* [[Lehrstuhl für Technik]]
:* [[Lehrstuhl für übernatürliche Erscheinungen]]<ref>In ""[[Zeit des Sturms]]"", Kapitel 9</ref>
}}

==Wissenschaftler==
Gelehrte, Studenten und Dozenten der Akademie Oxenfurt:
{{cols|2|
:* [[Albert Solpietra]] (Physikstudent)
:* [[Algernon Guincamp]]
:* [[Edmund Bumbler]] (Dozent für Zoologie)
:* [[Geralt von Riva]] (Gasthörer)
:* [[Jean La Voisier]] (Prof. für Chemie)
:* [[Lindenbrog]] (Prof. für Astronomie)
:* [[Linus Pitt]] (Naturgeschichte)
:* [[Nicodemus de Boot]] (1. Rektor)
:* [[Oppenhauser]]
:* [[Rittersporn]]
:* [[Shani]] (Medizinstudentin, später Dekanin der medizinischen Fakultät)
:* [[Sigismund Dijkstra]] (hat jedoch keinen Magistergrad erreicht)
:* [[Vysogota von Corvo]]
}}

;In ''{{tw3}}'':
{{cols|2|
:* [[Gustavo Vairmont Jonne]] (Angewandte Archäologie)
:* [[Joachim von Gratz]] (Medizin)
:* [[Joris Aquinus]] (Theologie)
:* [[Aldert Geert]] (Zeitgenössische Geschichte)
:* [[Hubert Rejk]]
}}

;In der Erweiterung ''[[Hearts of Stone]]'':
:* [[Premethin Schüttlock]]
:* [[Joannis Deckerman]] (Rektor)

==Fußnoten==
<references />

[[Kategorie:Schulen]]
[[Kategorie:Romane Orte]]
[[Kategorie:The Witcher 3 Orte]]
[[Kategorie:Hearts of Stone Orte]]

[[cs:Univerzita v Oxenfurtu]]
[[en:Oxenfurt Academy]]
[[es:Academia de Oxenfurt]]
[[fr:Académie d'Oxenfurt]]
[[it:Università di Oxenfurt]]
[[pl:Akademia Oxenfurcka]]
[[pt-br:Universidade de Oxenfurt]]
[[ru:Оксенфуртская Академия]]
[[uk:Оксенфуртська Академія]]","{'batchcomplete': True, 'query': {'normalized': [{'fromencoded': False, 'from': 'Akademie_Oxenfurt', 'to': 'Akademie Oxenfurt'}], 'pages': [{'pageid': 3784, 'ns': 0, 'title': 'Akademie Oxenfurt', 'revisions': [{'slots': {'main': {'contentmodel': 'wikitext', 'contentformat': 'text/x-wiki', 'content': '{{Infoboxortebuch\n| name         = Akademie Oxenfurt\n| bild         = Tw3 oxenfurt academy.jpg\n| beschriftung = Die Akademie, Ansicht aus ""[[Hearts of Stone]]""\n| size         = \n| bild2        = COA_Oxenfurt_Univ.png\n| beschriftung2= Wappen der Akademie von Oxenfurt\n| size2        = 100px\n| bild3        = \n| beschriftung3= \n| size3        =\n| aka          = Universität Oxenfurt\n| art          = Schule\n| lage         = [[Oxenfurt]]\n| vorkommen    = <div style=""float:right;""> </div>\n*Bücher:\n**[[Das Erbe der Elfen]] (Erstnennung)\n*Computerspiele:\n**[[The Witcher 3: Wild Hunt]]\n| vorkommenklein=n\n}}\nInmitten der vor Leben pulsierenden Stadt [[Oxenfurt]] steht eine Bastion des Wissens und der Ausbildung: die \'\'\'Akademie von Oxenfurt\'\'\'. Der erste Rektor der Akademie war [[Nicodemus de Boot]]. Eine große Grünanlage verbindet die verschiedenen Lehrstühle des Universitätsgelände, unter anderem gibt es den [[Park der Denker]] und die [[Guildenstern-Brücke]].<br>\nViele Gelehrte haben hier studiert, unter anderem die Medizinerin [[Shani]] oder der [[Alchemist der Manufaktur]]. Shani hat hier ihr Magister in Medizin gemacht und wirde später Dekanin der medizinischen Fakultät. Sogar der Poet [[Rittersporn]] war Absolvent der Universität Oxenfurts. Zunächst als Student der Sangeskünste und Dichtkunst und später gab er hier selbst Vorlesungen. Auch der [[Hexer]] [[Geralt von Riva]] nahm als Gasthörer an Vorlesungen am Lehrstuhl für übernatrürliche Erscheinungen teil.<br>\n{{Kurzes Zitat|Wenn du Gerechtigkeit willst, heure einen Hexer an.<br>Graffito an der Wand des Lehrstuhls der Rechte<br>an der Universität in Oxenfurt|Epigraph aus ""[[Das Erbe der Elfen]]"", Kapitel 5}}\n\nDie Universität steht ebenfalls im Interesse der Geheimdienste, jedoch können Spitzel ihrer Arbeit hier nicht uneingeschränkt nachgehen. Das Gelände gilt als exterritorial, sodass Studenten und Dozenten dort Immunität genießen. Der [[Redanien|redanische]] Geheimdienst hat Räume im obersten Stockwerk des Rektorats angemietet, die der Geheimdienstchef [[Sigismund Dijkstra|Dijkstra]] scherzhaft ""Lehrstuhl der Neuesten Geschichte"" nennt - Rittersporn jedoch \'\'Lehrstuhl für Vergleichende Spionage und Angewandte Diversion\'\'.\n\n\nDie Akademie von Oxenfurt ist ein Handlungsort im Roman ""[[Das Erbe der Elfen]]"" (""Krew elfów"").\n\n==Fachbereiche==\n{{cols|2|\n:* [[Lehrstuhl für Alchemie]]\n:* [[Fakultät für Angewandte Archäologie]]<ref name=""tw3"">In \'\'[[The Witcher 3: Wild Hunt]]\'\'</ref>\n:* [[Lehrstuhl für Medizin und Arzneikunde]]\n:* [[Lehrstuhl für Minnesang und Poesie]]\n:* [[Lehrstuhl für Naturgeschichte]]\n:* [[Lehrstuhl der neusten Geschichte|Lehrstuhl der Neusten Geschichte]] (Scheinlehrstuhl)\n:* [[Fakultät für Zeitgenössische Geschichte]]<ref name=""tw3"" />\n:* [[Lehrstuhl für Philosophie]]<ref name=""ZS"">In ""[[Zeit des Sturms]]"", Kapitel 7</ref>\n:* [[Lehrstuhl der Rechte]]\n:* [[Lehrstuhl der Schönen Künste]] <ref>In ""[[Die Dame vom See]]"", Kapitel 10</ref>\n:* [[Lehrstuhl für Technik]]\n:* [[Lehrstuhl für übernatürliche Erscheinungen]]<ref>In ""[[Zeit des Sturms]]"", Kapitel 9</ref>\n}}\n\n==Wissenschaftler==\nGelehrte, Studenten und Dozenten der Akademie Oxenfurt:\n{{cols|2|\n:* [[Albert Solpietra]] (Physikstudent)\n:* [[Algernon Guincamp]]\n:* [[Edmund Bumbler]] (Dozent für Zoologie)\n:* [[Geralt von Riva]] (Gasthörer)\n:* [[Jean La Voisier]] (Prof. für Chemie)\n:* [[Lindenbrog]] (Prof. für Astronomie)\n:* [[Linus Pitt]] (Naturgeschichte)\n:* [[Nicodemus de Boot]] (1. Rektor)\n:* [[Oppenhauser]]\n:* [[Rittersporn]]\n:* [[Shani]] (Medizinstudentin, später Dekanin der medizinischen Fakultät)\n:* [[Sigismund Dijkstra]] (hat jedoch keinen Magistergrad erreicht)\n:* [[Vysogota von Corvo]]\n}}\n\n;In \'\'{{tw3}}\'\':\n{{cols|2|\n:* [[Gustavo Vairmont Jonne]] (Angewandte Archäologie)\n:* [[Joachim von Gratz]] (Medizin)\n:* [[Joris Aquinus]] (Theologie)\n:* [[Aldert Geert]] (Zeitgenössische Geschichte)\n:* [[Hubert Rejk]]\n}}\n\n;In der Erweiterung \'\'[[Hearts of Stone]]\'\':\n:* [[Premethin Schüttlock]]\n:* [[Joannis Deckerman]] (Rektor)\n\n==Fußnoten==\n<references />\n\n[[Kategorie:Schulen]]\n[[Kategorie:Romane Orte]]\n[[Kategorie:The Witcher 3 Orte]]\n[[Kategorie:Hearts of Stone Orte]]\n\n[[cs:Univerzita v Oxenfurtu]]\n[[en:Oxenfurt Academy]]\n[[es:Academia de Oxenfurt]]\n[[fr:Académie d\'Oxenfurt]]\n[[it:Università di Oxenfurt]]\n[[pl:Akademia Oxenfurcka]]\n[[pt-br:Universidade de Oxenfurt]]\n[[ru:Оксенфуртская Академия]]\n[[uk:Оксенфуртська Академія]]'}}}]}]}}"
Albertus'_Grotte,"{{Infoboxorte3
| name = Albertus' Grotte
| bild = tw3_baw_albertus_grotto.jpg
| art = Höhle
| erweiterung = bw
| lage = Nord-nordöstlich des [[Rioux-Cannes-Außenposten]]s, [[Gorgo-Ausläufer]]
| region = [[Toussaint]]
}}
{{Monsterlager}} {{Ort der Macht}}

'''Albertus' Grotte''' ist ein Höhlensystem nord-nordöstlich des [[Rioux-Cannes-Außenposten]]s und beherbergt ein Monsternest. 

In der Grotte versteckt befindet sich außerdem ein [[Ort der Macht#Toussaint|Ort der Macht]] für das [[Axii (Zeichen)|Axii]]-Zeichen.

== Quest ==
* [[Vater weiß es ... eben nicht]]

== Gegenstände ==
* [[Brief an Martina Crisca]] bei der Leiche einer Frau.

[[en:Albertus Grotto]]
[[fr:Grotte d'Albertus]]
[[it:Grotta di Albertus]]
[[pl:Grota Albertusa]]","{'batchcomplete': True, 'query': {'normalized': [{'fromencoded': False, 'from': ""Albertus'_Grotte"", 'to': ""Albertus' Grotte""}], 'pages': [{'pageid': 40684, 'ns': 0, 'title': ""Albertus' Grotte"", 'revisions': [{'slots': {'main': {'contentmodel': 'wikitext', 'contentformat': 'text/x-wiki', 'content': ""{{Infoboxorte3\n| name = Albertus' Grotte\n| bild = tw3_baw_albertus_grotto.jpg\n| art = Höhle\n| erweiterung = bw\n| lage = Nord-nordöstlich des [[Rioux-Cannes-Außenposten]]s, [[Gorgo-Ausläufer]]\n| region = [[Toussaint]]\n}}\n{{Monsterlager}} {{Ort der Macht}}\n\n'''Albertus' Grotte''' ist ein Höhlensystem nord-nordöstlich des [[Rioux-Cannes-Außenposten]]s und beherbergt ein Monsternest. \n\nIn der Grotte versteckt befindet sich außerdem ein [[Ort der Macht#Toussaint|Ort der Macht]] für das [[Axii (Zeichen)|Axii]]-Zeichen.\n\n== Quest ==\n* [[Vater weiß es ... eben nicht]]\n\n== Gegenstände ==\n* [[Brief an Martina Crisca]] bei der Leiche einer Frau.\n\n[[en:Albertus Grotto]]\n[[fr:Grotte d'Albertus]]\n[[it:Grotta di Albertus]]\n[[pl:Grota Albertusa]]""}}}]}]}}"
Die_Alchemie,"{{stub}}
{{Infoboxorte3
| name         = Die Alchemie
| bild         = Tw3_the_alchemy.jpg
| bildgröße    =
| beschreibung = 
| art          = [[:Kategorie:Gasthäuser und Kneipen|Taverne]]
| stufe        = 
| lage         = [[Oxenfurt]]
| region       = [[Novigrad]]
| schnellreisen = <!-- j/n -->
| anschlagbrett =
| tavernenwirt =
| laden =
| rüstungsschmied =
| waffenschmied =
| kräuterhändler =
| barbier =
|}}
'''Die Alchemie''' ist ein Lokal in [[Oxenfurt]] im Computerspiel ''[[The Witcher 3: Wild Hunt]]''. Der Name des Gastwirts ist [[Stjepan]].

== Karten-Beschreibung ==
:''zu ergänzen''

== Quests ==
* [[Gwint: Spiele gegen Wirte]]
* [[Sammle sie alle]]
* in der Erweiterung ''[[Hearts of Stone]]'':
:* [[Sesam öffne dich! (Hearts of Stone)|Sesam, öffne dich!]]
:* [[Die Sause des toten Mannes]]
:* [[Szenen einer Ehe]]

{{DEFAULTSORT:Alchemie}}
[[Kategorie:Gasthäuser und Kneipen]]
[[Kategorie:Hearts of Stone Orte]]

[[cs:U Alchymisty]]
[[en:The Alchemy]]
[[es:Alquimia (posada)]]
[[ru:Корчма «Алхимия»]]","{'batchcomplete': True, 'query': {'normalized': [{'fromencoded': False, 'from': 'Die_Alchemie', 'to': 'Die Alchemie'}], 'pages': [{'pageid': 29776, 'ns': 0, 'title': 'Die Alchemie', 'revisions': [{'slots': {'main': {'contentmodel': 'wikitext', 'contentformat': 'text/x-wiki', 'content': ""{{stub}}\n{{Infoboxorte3\n| name         = Die Alchemie\n| bild         = Tw3_the_alchemy.jpg\n| bildgröße    =\n| beschreibung = \n| art          = [[:Kategorie:Gasthäuser und Kneipen|Taverne]]\n| stufe        = \n| lage         = [[Oxenfurt]]\n| region       = [[Novigrad]]\n| schnellreisen = <!-- j/n -->\n| anschlagbrett =\n| tavernenwirt =\n| laden =\n| rüstungsschmied =\n| waffenschmied =\n| kräuterhändler =\n| barbier =\n|}}\n'''Die Alchemie''' ist ein Lokal in [[Oxenfurt]] im Computerspiel ''[[The Witcher 3: Wild Hunt]]''. Der Name des Gastwirts ist [[Stjepan]].\n\n== Karten-Beschreibung ==\n:''zu ergänzen''\n\n== Quests ==\n* [[Gwint: Spiele gegen Wirte]]\n* [[Sammle sie alle]]\n* in der Erweiterung ''[[Hearts of Stone]]'':\n:* [[Sesam öffne dich! (Hearts of Stone)|Sesam, öffne dich!]]\n:* [[Die Sause des toten Mannes]]\n:* [[Szenen einer Ehe]]\n\n{{DEFAULTSORT:Alchemie}}\n[[Kategorie:Gasthäuser und Kneipen]]\n[[Kategorie:Hearts of Stone Orte]]\n\n[[cs:U Alchymisty]]\n[[en:The Alchemy]]\n[[es:Alquimia (posada)]]\n[[ru:Корчма «Алхимия»]]""}}}]}]}}"
Alness,"{{Infoboxorte3
| name = Alness
| bild = tw3_alness.jpg 
| beschreibung = 
| art = Dorf
| lage = südlich der [[Tanzende Windmühle|Tanzenden Windmühle]],<br>nördlich des [[Anwesen der Vegelbuds]]
| region = [[Sturmfelder]]
| anschlagbrett = y
| schnellreisen = y
}}
 {{schnellreisen}}

'''Alness''' ist ein kleines Dorf in der Region [[Sturmfelder]] - östlich von [[Velen]] - und per Schnellreise zu erreichen. Noch ein wenig weiter östlich befindet sich ein [[Banditenlager]].

== Kartenbeschreibung ==
:''Bis vor kurzer Zeit war dies ein unauffälliges Dorf. Dann begannen die Vegelbuds hier ihre berühmten Pferderennen zur organisieren, und Alness wurde die beneidenswerte Ehre zuteil, das angesehenste Turnier der Region ausrichten zu dürfen.''

== Quests ==
* [[Sesam öffne dich: Der Panzerknacker]]

== Anschlagtafel ==
* [[Bekanntmachung]]


[[en:Alness]]
[[es:Alness]]
[[fr:Alness]]
[[it:Alness]]
[[pl:Alness]]
[[uk:Альнесс]]
[[ru:Деревня Альнесс]]","{'batchcomplete': True, 'query': {'pages': [{'pageid': 40687, 'ns': 0, 'title': 'Alness', 'revisions': [{'slots': {'main': {'contentmodel': 'wikitext', 'contentformat': 'text/x-wiki', 'content': ""{{Infoboxorte3\n| name = Alness\n| bild = tw3_alness.jpg \n| beschreibung = \n| art = Dorf\n| lage = südlich der [[Tanzende Windmühle|Tanzenden Windmühle]],<br>nördlich des [[Anwesen der Vegelbuds]]\n| region = [[Sturmfelder]]\n| anschlagbrett = y\n| schnellreisen = y\n}}\n {{schnellreisen}}\n\n'''Alness''' ist ein kleines Dorf in der Region [[Sturmfelder]] - östlich von [[Velen]] - und per Schnellreise zu erreichen. Noch ein wenig weiter östlich befindet sich ein [[Banditenlager]].\n\n== Kartenbeschreibung ==\n:''Bis vor kurzer Zeit war dies ein unauffälliges Dorf. Dann begannen die Vegelbuds hier ihre berühmten Pferderennen zur organisieren, und Alness wurde die beneidenswerte Ehre zuteil, das angesehenste Turnier der Region ausrichten zu dürfen.''\n\n== Quests ==\n* [[Sesam öffne dich: Der Panzerknacker]]\n\n== Anschlagtafel ==\n* [[Bekanntmachung]]\n\n\n[[en:Alness]]\n[[es:Alness]]\n[[fr:Alness]]\n[[it:Alness]]\n[[pl:Alness]]\n[[uk:Альнесс]]\n[[ru:Деревня Альнесс]]""}}}]}]}}"
Alte_Eiche,"{{Infoboxorte3
| name = Alte Eiche
| bild = tw3_ancient_oak.jpg
| bildgröße = 310px
| beschreibung = 
|art = Schnellreisepunkt
| lage = [[Buckelsumpf]]
| region = [[Velen]]
| schnellreisen = y
}}
{{schnellreisen}} {{Ort der Macht}} {{Höhleneingang}}

Die '''Alte Eiche''' ist ein per Schnellreise erreichbarer Ort in [[Velen]].

== Kartenbeschreibung ==
:''Vor Jahrhunderten fanden hier blutige Rituale zu Ehren der alten Götter statt. Die hiesigen Bewohner glauben, dass an diesem Ort noch immer dunkle Mächte wirken.''

== Quests ==
* [[Der Flüsterhügel]]

[[en:Ancient Oak]]
[[es:Roble antiguo]]
[[fr:Vieux chêne]]
[[it:Antica quercia]]
[[pl:Pradawny dąb]]
[[ru:Стародавний дуб]]","{'batchcomplete': True, 'query': {'normalized': [{'fromencoded': False, 'from': 'Alte_Eiche', 'to': 'Alte Eiche'}], 'pages': [{'pageid': 40696, 'ns': 0, 'title': 'Alte Eiche', 'revisions': [{'slots': {'main': {'contentmodel': 'wikitext', 'contentformat': 'text/x-wiki', 'content': ""{{Infoboxorte3\n| name = Alte Eiche\n| bild = tw3_ancient_oak.jpg\n| bildgröße = 310px\n| beschreibung = \n|art = Schnellreisepunkt\n| lage = [[Buckelsumpf]]\n| region = [[Velen]]\n| schnellreisen = y\n}}\n{{schnellreisen}} {{Ort der Macht}} {{Höhleneingang}}\n\nDie '''Alte Eiche''' ist ein per Schnellreise erreichbarer Ort in [[Velen]].\n\n== Kartenbeschreibung ==\n:''Vor Jahrhunderten fanden hier blutige Rituale zu Ehren der alten Götter statt. Die hiesigen Bewohner glauben, dass an diesem Ort noch immer dunkle Mächte wirken.''\n\n== Quests ==\n* [[Der Flüsterhügel]]\n\n[[en:Ancient Oak]]\n[[es:Roble antiguo]]\n[[fr:Vieux chêne]]\n[[it:Antica quercia]]\n[[pl:Pradawny dąb]]\n[[ru:Стародавний дуб]]""}}}]}]}}"
Alte_Gruft,"{{Infoboxorte3
| name = Alte Gruft
| bild = tw3_ancient_crypt.jpg
| beschreibung =
| art = Höhle / Schnellreisepunkt
| lage = Nordküste von [[Ard Skellig]]
| region = [[Skellige]]
| schnellreisen = y
}}
{{schnellreisen}}{{Höhleneingang}}{{Monsterlager}}

Dieses unterirdische Labyrinth ist bis zum Bersten gefüllt mit Truhen voller Schätze und wird von [[Geister]]n mit relativ hohen Stärkeleveln heimgesucht. Außerdem beherbergt es einen [[Ort der Macht#The Witcher 3: Wild Hunt|Ort der Macht]] für das [[Igni (Zeichen)#The Witcher 3: Wild Hunt|Igni]] Zeichen.

== Kartenbeschreibung ==
:''Die Skelliger sind zwar dafür berühmt, dass ihre Tapferkeit schon an Irrsinn grenzt, doch von manchen Orten halten sogar sie sich fern. Dies ist einer davon.''

== Quests ==
* [[Letzte Vorbereitungen]]
* [[Der Sonnenstein]]

[[en:Ancient Crypt]]
[[fr:Ancienne crypte]]
[[it:Antica cripta]]
[[pl:Starożytna krypta]]
[[ru:Древняя гробница (Ведьмак 3)]]","{'batchcomplete': True, 'query': {'normalized': [{'fromencoded': False, 'from': 'Alte_Gruft', 'to': 'Alte Gruft'}], 'pages': [{'pageid': 40693, 'ns': 0, 'title': 'Alte Gruft', 'revisions': [{'slots': {'main': {'contentmodel': 'wikitext', 'contentformat': 'text/x-wiki', 'content': ""{{Infoboxorte3\n| name = Alte Gruft\n| bild = tw3_ancient_crypt.jpg\n| beschreibung =\n| art = Höhle / Schnellreisepunkt\n| lage = Nordküste von [[Ard Skellig]]\n| region = [[Skellige]]\n| schnellreisen = y\n}}\n{{schnellreisen}}{{Höhleneingang}}{{Monsterlager}}\n\nDieses unterirdische Labyrinth ist bis zum Bersten gefüllt mit Truhen voller Schätze und wird von [[Geister]]n mit relativ hohen Stärkeleveln heimgesucht. Außerdem beherbergt es einen [[Ort der Macht#The Witcher 3: Wild Hunt|Ort der Macht]] für das [[Igni (Zeichen)#The Witcher 3: Wild Hunt|Igni]] Zeichen.\n\n== Kartenbeschreibung ==\n:''Die Skelliger sind zwar dafür berühmt, dass ihre Tapferkeit schon an Irrsinn grenzt, doch von manchen Orten halten sogar sie sich fern. Dies ist einer davon.''\n\n== Quests ==\n* [[Letzte Vorbereitungen]]\n* [[Der Sonnenstein]]\n\n[[en:Ancient Crypt]]\n[[fr:Ancienne crypte]]\n[[it:Antica cripta]]\n[[pl:Starożytna krypta]]\n[[ru:Древняя гробница (Ведьмак 3)]]""}}}]}]}}"
Alte_Kapelle,"{{stub}}
{{Infoboxorte3
| name = Alte Kapelle
| bild = tw3_old_chapel.jpg
| beschreibung =
| art = Kapelle
| lage = Am nordöstlichen Ufer des [[Müllersee]]s
| region = [[Novigrad]]
| erweiterung = hos
}}
Die '''Alte Kapelle''' liegt am nordöstlichen Ufer des [[Müllersee]]s, zwischen den kleinen Dörfern [[Brunwich]] und [[Neue Mühle]], im östlichen Novigrad. Die Kapelle wurde von Anhängern des [[Kult des Ewigen Feuers]] genutzt, bis sie von einem [[Nachterscheinung|Geist]] heimgesucht wurde.

== Quests ==
* [[Die verfluchte Kapelle]]

[[en:Old Chapel]]
[[fr:Vieille chapelle]]
[[it:Vecchia cappella]]
[[pl:Stara Kaplica]]
[[ru:Проклятая часовня]]","{'batchcomplete': True, 'query': {'normalized': [{'fromencoded': False, 'from': 'Alte_Kapelle', 'to': 'Alte Kapelle'}], 'pages': [{'pageid': 41248, 'ns': 0, 'title': 'Alte Kapelle', 'revisions': [{'slots': {'main': {'contentmodel': 'wikitext', 'contentformat': 'text/x-wiki', 'content': ""{{stub}}\n{{Infoboxorte3\n| name = Alte Kapelle\n| bild = tw3_old_chapel.jpg\n| beschreibung =\n| art = Kapelle\n| lage = Am nordöstlichen Ufer des [[Müllersee]]s\n| region = [[Novigrad]]\n| erweiterung = hos\n}}\nDie '''Alte Kapelle''' liegt am nordöstlichen Ufer des [[Müllersee]]s, zwischen den kleinen Dörfern [[Brunwich]] und [[Neue Mühle]], im östlichen Novigrad. Die Kapelle wurde von Anhängern des [[Kult des Ewigen Feuers]] genutzt, bis sie von einem [[Nachterscheinung|Geist]] heimgesucht wurde.\n\n== Quests ==\n* [[Die verfluchte Kapelle]]\n\n[[en:Old Chapel]]\n[[fr:Vieille chapelle]]\n[[it:Vecchia cappella]]\n[[pl:Stara Kaplica]]\n[[ru:Проклятая часовня]]""}}}]}]}}"
Alte_Muehle_(The_Witcher_3),Error: 'revisions',
Alter_Garten,"{{Infoboxorte3
| name = Alter Garten
| bild = tw3_barrengarth.jpg
| beschreibung =
| art = [[:Kategorie:Dörfer‎|Dorf]]
| lage = Westlich von [[Bogendorf]]
| region = [[Sturmfelder]]
| kräuterhändler = Kräuterhändler (Alter Garten)
| erweiterung = hos
}}
{{Verlassene Stätte}}

'''Alter Garten''' ist anfangs eine [[Verlassene Stätte]] westlich von [[Bogendorf]], im östlichen Novigrad. Geralt erhält 150 {{exp}} and 50 {{kronen}} für die Befreiung des Dorfes von [[Erscheinungen]]. Wenn das Dorf einmal befreit ist, siedelt sich dort ein [[Kräuterhändler (Alter Garten)|Kräuterhändler]] an.

== Notizen ==
Die Geschichte, wie es dazu kam, dass das Dorf verlassen wurde, wird in dem Buch ""[[Die Geschichte des Alten Gartens]]"" erzählt.

[[en:Barrengarth]]
[[fr:Barrengarth]]
[[it:Barrengarth]]
[[pl:Gorzki Sad]]
[[ru:Горький сад]]","{'batchcomplete': True, 'query': {'normalized': [{'fromencoded': False, 'from': 'Alter_Garten', 'to': 'Alter Garten'}], 'pages': [{'pageid': 40711, 'ns': 0, 'title': 'Alter Garten', 'revisions': [{'slots': {'main': {'contentmodel': 'wikitext', 'contentformat': 'text/x-wiki', 'content': '{{Infoboxorte3\n| name = Alter Garten\n| bild = tw3_barrengarth.jpg\n| beschreibung =\n| art = [[:Kategorie:Dörfer\u200e|Dorf]]\n| lage = Westlich von [[Bogendorf]]\n| region = [[Sturmfelder]]\n| kräuterhändler = Kräuterhändler (Alter Garten)\n| erweiterung = hos\n}}\n{{Verlassene Stätte}}\n\n\'\'\'Alter Garten\'\'\' ist anfangs eine [[Verlassene Stätte]] westlich von [[Bogendorf]], im östlichen Novigrad. Geralt erhält 150 {{exp}} and 50 {{kronen}} für die Befreiung des Dorfes von [[Erscheinungen]]. Wenn das Dorf einmal befreit ist, siedelt sich dort ein [[Kräuterhändler (Alter Garten)|Kräuterhändler]] an.\n\n== Notizen ==\nDie Geschichte, wie es dazu kam, dass das Dorf verlassen wurde, wird in dem Buch ""[[Die Geschichte des Alten Gartens]]"" erzählt.\n\n[[en:Barrengarth]]\n[[fr:Barrengarth]]\n[[it:Barrengarth]]\n[[pl:Gorzki Sad]]\n[[ru:Горький сад]]'}}}]}]}}"
Alter_Signalturm,"{{Infoboxorte3
| name = Alter Signalturm
| bild = tw3_old_signal_tower.jpg
| beschreibung =
| art = [[:Kategorie:Festungen|Befestigung]], Ruine
| lage = [[Tal von Kaer Morhen]]
| region = [[Kaer Morhen]]
}}__NOTOC__
Der '''alte Signalturm''' befindet sich auf einer felsigen Anhöhe direkt südlich der Hexerfeste [[Kaer Morhen]], auf dem Weg zur verfallenen [[Bastion]]. Viel ist nicht von diesem Bauwerk übrig, in dem einst der Magier [[Hieronymus]] wohnte. Unter dem Turm gibt es eine versteckte Höhle, die nur über ein magisches Portal zugänglich ist.

An der Außenseite des Turms führt ein Baugerüst zum Versteck eines [[Polierter Kristall|polierten Kristalls]] - eines von zwei Kristallen, die zum Öffnen des Portals notwendig sind.

Um die Ruine herum treiben [[Erynie]]n ihr Unwesen.

== Quests ==
* [[Schatzsuche: Wolfsschulenausrüstung]]

== Siehe auch ==
* [[Verfallener Wachturm]]

==Galerie==
<gallery>
Tw3 screenshot old signal tower(1).png|zwei leuchtende polierte Kristalle
Tw3 screenshot old signal tower(2).png|Mauerdurchbruch und Zugang zum Turmäußeren, wo der zweite [[polierter Kristall|polierte Kristall]] versteckt ist
</gallery>

[[Kategorie:Festungen]]

[[en:Old signal tower]]
[[fr:Vieille tour de guet]]
[[it:Vecchia torre di segnalazione]]
[[pl:Stara wieża sygnałowa]]
[[ru:Сигнальная башня]]","{'batchcomplete': True, 'query': {'normalized': [{'fromencoded': False, 'from': 'Alter_Signalturm', 'to': 'Alter Signalturm'}], 'pages': [{'pageid': 41251, 'ns': 0, 'title': 'Alter Signalturm', 'revisions': [{'slots': {'main': {'contentmodel': 'wikitext', 'contentformat': 'text/x-wiki', 'content': ""{{Infoboxorte3\n| name = Alter Signalturm\n| bild = tw3_old_signal_tower.jpg\n| beschreibung =\n| art = [[:Kategorie:Festungen|Befestigung]], Ruine\n| lage = [[Tal von Kaer Morhen]]\n| region = [[Kaer Morhen]]\n}}__NOTOC__\nDer '''alte Signalturm''' befindet sich auf einer felsigen Anhöhe direkt südlich der Hexerfeste [[Kaer Morhen]], auf dem Weg zur verfallenen [[Bastion]]. Viel ist nicht von diesem Bauwerk übrig, in dem einst der Magier [[Hieronymus]] wohnte. Unter dem Turm gibt es eine versteckte Höhle, die nur über ein magisches Portal zugänglich ist.\n\nAn der Außenseite des Turms führt ein Baugerüst zum Versteck eines [[Polierter Kristall|polierten Kristalls]] - eines von zwei Kristallen, die zum Öffnen des Portals notwendig sind.\n\nUm die Ruine herum treiben [[Erynie]]n ihr Unwesen.\n\n== Quests ==\n* [[Schatzsuche: Wolfsschulenausrüstung]]\n\n== Siehe auch ==\n* [[Verfallener Wachturm]]\n\n==Galerie==\n<gallery>\nTw3 screenshot old signal tower(1).png|zwei leuchtende polierte Kristalle\nTw3 screenshot old signal tower(2).png|Mauerdurchbruch und Zugang zum Turmäußeren, wo der zweite [[polierter Kristall|polierte Kristall]] versteckt ist\n</gallery>\n\n[[Kategorie:Festungen]]\n\n[[en:Old signal tower]]\n[[fr:Vieille tour de guet]]\n[[it:Vecchia torre di segnalazione]]\n[[pl:Stara wieża sygnałowa]]\n[[ru:Сигнальная башня]]""}}}]}]}}"
Alter_Wachturm,"{{Infoboxorte3
| name = Alter Wachturm
| bild = tw3_old_watchtower.jpg
| art = Gebäude, Schnellreisepunkt
| lage = [[Spikeroog]]
| region      = [[Skellige]]
| schnellreisen = j
}}
{{schnellreisen}} {{banditenlager}}

Der '''Alte Wachturm''' steht auf der Insel [[Spikeroog]], westlich des Dorfes [[Svorlag]]. Banditen haben dort ihr Lager aufgeschlagen.

== Kartenbeschreibung ==
:''Die Ruinen eines alten Wachturms, in dem sich der Legende nach eine verrückte Prinzessin aus [[Kovir]] eingeschlossen hatte, die davon überzeugt war, dass nur ein Mann, der sie aus diesem Turm befreien konnte, ein würdiger Ehegatte wäre. Niemand hatte es versucht und schließlich starb sie im hohen Alter und der Turm begann im Laufe der Jahre zu verfallen.''

== Quests ==
* [[Schatzsuche: Schemas zur Verbesserung der Wolfsschulenausrüstung - Teil 6]]

[[Kategorie:Architektur]]

[[en:Old Watchtower]]
[[fr:Vieille tour de guet]]
[[it:Vecchia torre di guardia]]
[[pl:Stara strażnica]]
[[ru:Старая сторожевая башня]]","{'batchcomplete': True, 'query': {'normalized': [{'fromencoded': False, 'from': 'Alter_Wachturm', 'to': 'Alter Wachturm'}], 'pages': [{'pageid': 32199, 'ns': 0, 'title': 'Alter Wachturm', 'revisions': [{'slots': {'main': {'contentmodel': 'wikitext', 'contentformat': 'text/x-wiki', 'content': ""{{Infoboxorte3\n| name = Alter Wachturm\n| bild = tw3_old_watchtower.jpg\n| art = Gebäude, Schnellreisepunkt\n| lage = [[Spikeroog]]\n| region      = [[Skellige]]\n| schnellreisen = j\n}}\n{{schnellreisen}} {{banditenlager}}\n\nDer '''Alte Wachturm''' steht auf der Insel [[Spikeroog]], westlich des Dorfes [[Svorlag]]. Banditen haben dort ihr Lager aufgeschlagen.\n\n== Kartenbeschreibung ==\n:''Die Ruinen eines alten Wachturms, in dem sich der Legende nach eine verrückte Prinzessin aus [[Kovir]] eingeschlossen hatte, die davon überzeugt war, dass nur ein Mann, der sie aus diesem Turm befreien konnte, ein würdiger Ehegatte wäre. Niemand hatte es versucht und schließlich starb sie im hohen Alter und der Turm begann im Laufe der Jahre zu verfallen.''\n\n== Quests ==\n* [[Schatzsuche: Schemas zur Verbesserung der Wolfsschulenausrüstung - Teil\xa06]]\n\n[[Kategorie:Architektur]]\n\n[[en:Old Watchtower]]\n[[fr:Vieille tour de guet]]\n[[it:Vecchia torre di guardia]]\n[[pl:Stara strażnica]]\n[[ru:Старая сторожевая башня]]""}}}]}]}}"
An_Skellig,"{{Infoboxortebuch
| name         = An Skellig
| bild         = TW3_An_Skellig.png
| beschriftung = Karte der Insel in {{tw3}}
| size         =
| bild2        = Places Skellige.png
| beschriftung2 = Skellige-Inselgruppe auf der Karte in {{tw1}}
| size2        =
| bild3        = 
| beschriftung3 = 
| size3        =
| art          = [[:Kategorie:Inseln|Insel]]
| lage         = [[Skellige]]-Inselgruppe, nördlich zwischen [[Ard Skellig]] und [[Spikeroog]]
| vorkommen    = <div style = ""font-size:1px;"">&nbsp;</div>
* Bücher:
** [[Die Zeit der Verachtung]] (nur erwähnt)
** [[Der Schwalbenturm]] (nur erwähnt)
* Computerspiele:
** [[The Witcher 3: Wild Hunt]]
| vorkommenklein = n
}}
[[Datei:Icon Island.png|link=:Kategorie:Inseln|Inseln]]
'''An Skellig''' ist eine der größeren Inseln der [[Skellige|Skellige-Inselgruppe]] im [[Nördliches Meer|nördlichen Meer]]. Sie liegt nördlich zwischen [[Ard Skellig]] und [[Spikeroog]].

''An Skellig'' ist ein Begriff aus der [[Alte Sprache|alten Sprache]] und bedeutet ""Kleine Skellig"".

==In den Romanen==
{{Zitat|ST|dtv 2010|381|Von den oberen Terrassen der Zitadelle [[Kaer Trolde]], der Hauptfestung von Ard Skellig, war fast der ganze Archipel zu sehen. Geradeaus, hinter der Meerenge, lag An Skellig, auf der südlichen Seite niedrig und flach, auf der nicht sichtbaren nördlichen steil und von Fjorden durchzogen.}}

[[Ciri]]s offizieller Titel lautete ""Cirilla Fiona Elen [[Riannon]], Königin von [[Cintra]], Fürstin von [[Brugge]] und Herzogin zu [[Sodden]], Erbfürstin von Inis [[Ard Skellig]] und Inis An Skellig, Herrin über [[Attre]] und [[Abb Yarra]]"". Die ""[[falsche Ciri]]"" wurde mit diesem Titel angesprochen, als man sie dem Nilfgaarder Imperator [[Emhyr var Emreis]] das erste Mal vorführte.{{refkurz|ZV|295}}

==In The Witcher 3==
Die kleine Insel ist ein Handlungsort im Computerspiel {{tw3}}.

{{Kurzes Zitat|An Skellig ist ein Paradies für müde Reisende. Wer dem aufreibenden städtischen Treiben entkommen will, hat hier gefunden, was er braucht. Wer Frieden, Ruhe und transzendente Aussichten wünscht - die atemberaubende Sorte, die einen geistig erfrischt zurücklässt -, findet hier die Insel seiner Träume. Es locken lange Spaziergänge an den herrlichsten Stränden, mit deren Schönheit sich die überbewerteten Küsten Kovirs nicht messen können.

Das wahre Juwel An Skelligs ist jedoch sein Hafen, berühmt für seine kunstfertigen Handwerker, die als Meister des ganzen Archipels gelten. Die Bootsbauer von An Skellig geben die Geheimnisse ihrer Zunft seit Jahrhunderten von Generation zu Generation weiter und haben so eine Perfektion erreicht, die man ohne Übertreibung als Kunst bezeichnen darf. Natürlich bedeutet dies auch, dass man bei so vorzüglichen Handwerksmeistern doppelt so lange auf sein Schiff warten muss wie bei den geringeren Kollegen.

Zu guter Letzt darf bei keiner Beschreibung An Skelligs eine Erwähnung der superben und überraschend komplexen Küche fehlen. Spezialität: in Seesalzkruste zu goldener Vollkommenheit gerösteter Stör auf Karottenstreifen und einem Hauch von Minze. Leider ist dieses Gericht, das ehedem in jeder Taverne und Fischbraterei zu bekommen war, aufgrund von Überfischung und des daraus resultierenden dramatischen Einbruchs der Population dieses köstlichsten aller Fische zu einer Rarität geworden.|""[[Einsame-Welt-Reiseführer: An Skellig]]"" aus ''{{tw3}}''}}

===Charaktere===
:* [[Olaf (Bär)|Olaf]] ([[Bären|Bär]])


===Orte===
:* [[Bucht der Winde]]
:* [[Ruinen der Burg Tuirseach]]
:* [[Hafen von Urialla]]
:* [[Ort der Macht]]
:* [[Fliegende Fäuste: Skellige|Arena]] bei [[Urialla]]
:* [[Tavernenwirt (Hafen von Urialla)|Taverne]]
:* [[Yngvars Zahn]]
:* [[Pfad zu Yngvars Zahn]]

===Quests===
:* [[Fliegende Fäuste: Skellige]] (Boxkampf, Meister der Meister)
:* [[Nilfgaardischer Schatz]] ([[The Witcher 3 Quests|Schatzsuche]])
:* [[Der Turm aus dem Nirgendwo]]
:* [[Der Weg der Krieger]]

[[Kategorie:Inseln]]
[[Kategorie:The Witcher 3 Orte]]

==Randnotizen==
*''An Skellig'' bedeutet im {{W|Irische Sprache|Irischen}} (Gaeilge) grob übersetzt ""Der Fels im Meer"". 

[[Kategorie:Inseln]]
[[Kategorie:Romane Orte]]
[[Kategorie:The Witcher 3 Orte]]

[[cs:An Skellig]]
[[en:An Skellig]]
[[es:An Skellig]]
[[fr:An Skellig]]
[[pl:An Skellig]]
[[pt-br:An Skellig]]
[[ru:Ан Скеллиг]]
[[sk:An Skellig]]
[[tr:An Skellig]]
[[uk:Ан-Скелліг]]","{'batchcomplete': True, 'query': {'normalized': [{'fromencoded': False, 'from': 'An_Skellig', 'to': 'An Skellig'}], 'pages': [{'pageid': 4072, 'ns': 0, 'title': 'An Skellig', 'revisions': [{'slots': {'main': {'contentmodel': 'wikitext', 'contentformat': 'text/x-wiki', 'content': '{{Infoboxortebuch\n| name         = An Skellig\n| bild         = TW3_An_Skellig.png\n| beschriftung = Karte der Insel in {{tw3}}\n| size         =\n| bild2        = Places Skellige.png\n| beschriftung2 = Skellige-Inselgruppe auf der Karte in {{tw1}}\n| size2        =\n| bild3        = \n| beschriftung3 = \n| size3        =\n| art          = [[:Kategorie:Inseln|Insel]]\n| lage         = [[Skellige]]-Inselgruppe, nördlich zwischen [[Ard Skellig]] und [[Spikeroog]]\n| vorkommen    = <div style = ""font-size:1px;"">&nbsp;</div>\n* Bücher:\n** [[Die Zeit der Verachtung]] (nur erwähnt)\n** [[Der Schwalbenturm]] (nur erwähnt)\n* Computerspiele:\n** [[The Witcher 3: Wild Hunt]]\n| vorkommenklein = n\n}}\n[[Datei:Icon Island.png|link=:Kategorie:Inseln|Inseln]]\n\'\'\'An Skellig\'\'\' ist eine der größeren Inseln der [[Skellige|Skellige-Inselgruppe]] im [[Nördliches Meer|nördlichen Meer]]. Sie liegt nördlich zwischen [[Ard Skellig]] und [[Spikeroog]].\n\n\'\'An Skellig\'\' ist ein Begriff aus der [[Alte Sprache|alten Sprache]] und bedeutet ""Kleine Skellig"".\n\n==In den Romanen==\n{{Zitat|ST|dtv 2010|381|Von den oberen Terrassen der Zitadelle [[Kaer Trolde]], der Hauptfestung von Ard Skellig, war fast der ganze Archipel zu sehen. Geradeaus, hinter der Meerenge, lag An Skellig, auf der südlichen Seite niedrig und flach, auf der nicht sichtbaren nördlichen steil und von Fjorden durchzogen.}}\n\n[[Ciri]]s offizieller Titel lautete ""Cirilla Fiona Elen [[Riannon]], Königin von [[Cintra]], Fürstin von [[Brugge]] und Herzogin zu [[Sodden]], Erbfürstin von Inis [[Ard Skellig]] und Inis An Skellig, Herrin über [[Attre]] und [[Abb Yarra]]"". Die ""[[falsche Ciri]]"" wurde mit diesem Titel angesprochen, als man sie dem Nilfgaarder Imperator [[Emhyr var Emreis]] das erste Mal vorführte.{{refkurz|ZV|295}}\n\n==In The Witcher 3==\nDie kleine Insel ist ein Handlungsort im Computerspiel {{tw3}}.\n\n{{Kurzes Zitat|An Skellig ist ein Paradies für müde Reisende. Wer dem aufreibenden städtischen Treiben entkommen will, hat hier gefunden, was er braucht. Wer Frieden, Ruhe und transzendente Aussichten wünscht - die atemberaubende Sorte, die einen geistig erfrischt zurücklässt -, findet hier die Insel seiner Träume. Es locken lange Spaziergänge an den herrlichsten Stränden, mit deren Schönheit sich die überbewerteten Küsten Kovirs nicht messen können.\n\nDas wahre Juwel An Skelligs ist jedoch sein Hafen, berühmt für seine kunstfertigen Handwerker, die als Meister des ganzen Archipels gelten. Die Bootsbauer von An Skellig geben die Geheimnisse ihrer Zunft seit Jahrhunderten von Generation zu Generation weiter und haben so eine Perfektion erreicht, die man ohne Übertreibung als Kunst bezeichnen darf. Natürlich bedeutet dies auch, dass man bei so vorzüglichen Handwerksmeistern doppelt so lange auf sein Schiff warten muss wie bei den geringeren Kollegen.\n\nZu guter Letzt darf bei keiner Beschreibung An Skelligs eine Erwähnung der superben und überraschend komplexen Küche fehlen. Spezialität: in Seesalzkruste zu goldener Vollkommenheit gerösteter Stör auf Karottenstreifen und einem Hauch von Minze. Leider ist dieses Gericht, das ehedem in jeder Taverne und Fischbraterei zu bekommen war, aufgrund von Überfischung und des daraus resultierenden dramatischen Einbruchs der Population dieses köstlichsten aller Fische zu einer Rarität geworden.|""[[Einsame-Welt-Reiseführer: An Skellig]]"" aus \'\'{{tw3}}\'\'}}\n\n===Charaktere===\n:* [[Olaf (Bär)|Olaf]] ([[Bären|Bär]])\n\n\n===Orte===\n:* [[Bucht der Winde]]\n:* [[Ruinen der Burg Tuirseach]]\n:* [[Hafen von Urialla]]\n:* [[Ort der Macht]]\n:* [[Fliegende Fäuste: Skellige|Arena]] bei [[Urialla]]\n:* [[Tavernenwirt (Hafen von Urialla)|Taverne]]\n:* [[Yngvars Zahn]]\n:* [[Pfad zu Yngvars Zahn]]\n\n===Quests===\n:* [[Fliegende Fäuste: Skellige]] (Boxkampf, Meister der Meister)\n:* [[Nilfgaardischer Schatz]] ([[The Witcher 3 Quests|Schatzsuche]])\n:* [[Der Turm aus dem Nirgendwo]]\n:* [[Der Weg der Krieger]]\n\n[[Kategorie:Inseln]]\n[[Kategorie:The Witcher 3 Orte]]\n\n==Randnotizen==\n*\'\'An Skellig\'\' bedeutet im {{W|Irische Sprache|Irischen}} (Gaeilge) grob übersetzt ""Der Fels im Meer"". \n\n[[Kategorie:Inseln]]\n[[Kategorie:Romane Orte]]\n[[Kategorie:The Witcher 3 Orte]]\n\n[[cs:An Skellig]]\n[[en:An Skellig]]\n[[es:An Skellig]]\n[[fr:An Skellig]]\n[[pl:An Skellig]]\n[[pt-br:An Skellig]]\n[[ru:Ан Скеллиг]]\n[[sk:An Skellig]]\n[[tr:An Skellig]]\n[[uk:Ан-Скелліг]]'}}}]}]}}"
Anwesen_der_Herrin_Orianna,"{{stub}}
{{Infoboxorte3
| name = Anwesen der Herrin Orianna
| bild = lady_orianna_s_estate_from_northeast.jpg
| art = Anwesen
| erweiterung = bw
| lage = Östlich der [[Scharlatan-Allee]], südlich vom [[Henris-Gras-Platz]], [[Beauclair]]
| region = [[Toussaint]]
}}

== Quests ==
* [[Blutprobe]]
* [[Der Mann aus Cintra]]
* [[Für das Auge unsichtbar]]

[[Kategorie:Beauclair]]

[[en:Lady Orianna's Estate]]
[[fr:Domaine de dame Orianna]]
[[it:Tenuta di Lady Orianna]]
[[pl:Posiadłość Oriany]]","{'batchcomplete': True, 'query': {'normalized': [{'fromencoded': False, 'from': 'Anwesen_der_Herrin_Orianna', 'to': 'Anwesen der Herrin Orianna'}], 'pages': [{'pageid': 41113, 'ns': 0, 'title': 'Anwesen der Herrin Orianna', 'revisions': [{'slots': {'main': {'contentmodel': 'wikitext', 'contentformat': 'text/x-wiki', 'content': ""{{stub}}\n{{Infoboxorte3\n| name = Anwesen der Herrin Orianna\n| bild = lady_orianna_s_estate_from_northeast.jpg\n| art = Anwesen\n| erweiterung = bw\n| lage = Östlich der [[Scharlatan-Allee]], südlich vom [[Henris-Gras-Platz]], [[Beauclair]]\n| region = [[Toussaint]]\n}}\n\n== Quests ==\n* [[Blutprobe]]\n* [[Der Mann aus Cintra]]\n* [[Für das Auge unsichtbar]]\n\n[[Kategorie:Beauclair]]\n\n[[en:Lady Orianna's Estate]]\n[[fr:Domaine de dame Orianna]]\n[[it:Tenuta di Lady Orianna]]\n[[pl:Posiadłość Oriany]]""}}}]}]}}"
Anwesen_der_Vegelbuds,"{{Infoboxorte3
| name = Anwesen der Vegelbuds
| bild = Tw3 a matter of life and death 4.jpg
| beschreibung = 
| art = Anwesen
| lage = Südöstlich, außerhalb von [[Novigrad]]
| region = [[Novigrad]]
| schnellreisen = y
}}
{{schnellreisen}}

Das '''Anwesen der Vegelbuds''' ist ein Ort in ''[[The Witcher 3: Wild Hunt]]''. Es rühmt sich seines Austragungsortes für Pferderennen.

== Kartenbeschreibung ==
:''Domizil einer bedeutenden Novigrader Familie, die ihren Stammbaum bis zu den ersten menschlichen Siedlern in dieser Gegend zurückverfolgen kann.''

== Quests ==
* [[Kabarett]]
* [[Fleischliche Sünden]]
* [[Sammle sie alle]]
* [[Eine lebenswichtige Angelegenheit]]
* [[Das große Erasmus-Vegelbud-Gedächtnisrennen]]

[[ar:قصر فيغيلباد]]
[[en:Vegelbud Residence]]
[[fr:Résidence Vegelbud]]
[[it:Residenza dei Vegelbud]]
[[pl:Rezydencja Vegelbudów]]
[[ru:Поместье Вегельбудов]]
[[uk:Резиденція Веґельбудів]]","{'batchcomplete': True, 'query': {'normalized': [{'fromencoded': False, 'from': 'Anwesen_der_Vegelbuds', 'to': 'Anwesen der Vegelbuds'}], 'pages': [{'pageid': 41527, 'ns': 0, 'title': 'Anwesen der Vegelbuds', 'revisions': [{'slots': {'main': {'contentmodel': 'wikitext', 'contentformat': 'text/x-wiki', 'content': ""{{Infoboxorte3\n| name = Anwesen der Vegelbuds\n| bild = Tw3 a matter of life and death 4.jpg\n| beschreibung = \n| art = Anwesen\n| lage = Südöstlich, außerhalb von [[Novigrad]]\n| region = [[Novigrad]]\n| schnellreisen = y\n}}\n{{schnellreisen}}\n\nDas '''Anwesen der Vegelbuds''' ist ein Ort in ''[[The Witcher 3: Wild Hunt]]''. Es rühmt sich seines Austragungsortes für Pferderennen.\n\n== Kartenbeschreibung ==\n:''Domizil einer bedeutenden Novigrader Familie, die ihren Stammbaum bis zu den ersten menschlichen Siedlern in dieser Gegend zurückverfolgen kann.''\n\n== Quests ==\n* [[Kabarett]]\n* [[Fleischliche Sünden]]\n* [[Sammle sie alle]]\n* [[Eine lebenswichtige Angelegenheit]]\n* [[Das große Erasmus-Vegelbud-Gedächtnisrennen]]\n\n[[ar:قصر فيغيلباد]]\n[[en:Vegelbud Residence]]\n[[fr:Résidence Vegelbud]]\n[[it:Residenza dei Vegelbud]]\n[[pl:Rezydencja Vegelbudów]]\n[[ru:Поместье Вегельбудов]]\n[[uk:Резиденція Веґельбудів]]""}}}]}]}}"
Ard_Skellig,"{{Infoboxortebuch
| name         = Ard Skellig
| bild         = Places Skellige.png
| beschriftung = Karte des Skellige-Archipels aus ''[[The Witcher (Computerspiel)|The Witcher]]''
| size         =
| bild2        = 
| beschriftung2 = 
| size2        =
| bild3        = 
| beschriftung3 = 
| size3        =
| art          = [[:Kategorie:Inseln|Insel]]
| lage         = [[Skellige]]-Inselgruppe
| vorkommen    = 
| vorkommenklein =
}}
'''Ard Skellig''' ist die größte Insel des [[Skellige|Skellige-Archipels]] im [[Nördliches Meer|nördlichen Meer]] und gleichzeitig die höchste über den Meeresspiegel. [[Crach an Craite]] hat auf der Insel in der Festung [[Kaer Trolde]] seinen Familienstammsitz.

Ard Skellig und [[Spikeroog]] werden im Roman ""[[Der Schwalbenturm]]"" (""Wieża Jaskółki"") von einer Fischerin der Skellige-Inseln erwähnt. Gemeinsam mit ihren Kameradinnen ist ihnen zwischen diesen beiden Inseln ein ''[[Skellige-Fischerinnen|einzigartiger Fang]]'' geglückt.

Der Name ''Ard Skellig'' stammt aus der [[Alte Sprache|alten Sprache]] und bedeutet so viel wie ""Hoch-Skellig"", ""Ober-Skellig"" oder auch ""Spitze von Skellige"".

==In {{tw3}}==
Ard Skellig ist mit der Festung [[Kaer Trolde]] und dem Hauptsitz des Craite-Clans ein Haupthandlungsort auf Skellige in [[The Witcher 3: Wild Hunt]].

=== Hauptstädte und Festungen ===
* [[Kaer Gelen]]
* [[Kaer Muire]]
* [[Kaer Nyssen]]
* [[Kaer Trolde]]

=== Ortschaften ===
{{cols|3|
* [[Arinbjorn]]
* [[Blandare]]
* [[Boxholm]]
* [[Fornhala]]
* [[Fyresdal]]
* [[Fayrlund]]
* [[Gedyneith]]
* [[Holmstein]]
* [[Rannvaig]]
* [[Rogne]]
* [[Rotbach]]
* [[Sund]]
}}

===Weitere Orte===
{{cols|3|
* [[Abzweigung]]
* [[Alte Gruft]]
* [[Brennerei]]
* [[Brücke nach Kaer Trolde]]
* [[Druidenlager]]
* [[Grotte (Ard Skellig)|Grotte]]
* [[Hafen von Holmstein]]
* [[Hafen von Kaer Trolde]]
* [[Lager der Bergleute]]
* [[Leuchtturm Elverum]]
* [[Leuchtturm von Eldberg]]
* [[Palisade]]
* [[Sägemühle (Ard Skellig)|Sägemühle]]
* [[Verfallene Taverne]]
* [[Verlassene Sägemühle (Ort)|Verlassene Sägemühle]]
* [[Walfriedhof]]
* [[Abzweigung]]
* [[Wilde Küste]]
* [[Yustiannas Grotte]]
* [[Zehen des Riesen]]
}}

===Quests===
* [[Auftrag: Vermisste Bergleute]] (DLC)
* [[Der König ist tot - lang lebe der König!]]
* [[Heldenrennen: Fayrlund]]
* [[Die Krönung]]
* [[Waffenbrüder: Skellige]]
''noch weiter zu ergänzen''


[[Kategorie:Inseln]]
[[Kategorie:The Witcher 3 Orte]]

[[ar:آرد سكيلغ]]
[[cs:Ard Skellig]]
[[en:Ard Skellig]]
[[es:Ard Skellig]]
[[fr:Ard Skellig]]
[[it:Ard Skellig]]
[[pl:Ard Skellig]]
[[pt-br:Ard Skellig]]
[[ru:Ард Скеллиг]]
[[sk:Ard Skellig]]
[[tr:Ard Skellig]]
[[uk:Ард-Скелліг]]","{'batchcomplete': True, 'query': {'normalized': [{'fromencoded': False, 'from': 'Ard_Skellig', 'to': 'Ard Skellig'}], 'pages': [{'pageid': 4070, 'ns': 0, 'title': 'Ard Skellig', 'revisions': [{'slots': {'main': {'contentmodel': 'wikitext', 'contentformat': 'text/x-wiki', 'content': '{{Infoboxortebuch\n| name         = Ard Skellig\n| bild         = Places Skellige.png\n| beschriftung = Karte des Skellige-Archipels aus \'\'[[The Witcher (Computerspiel)|The Witcher]]\'\'\n| size         =\n| bild2        = \n| beschriftung2 = \n| size2        =\n| bild3        = \n| beschriftung3 = \n| size3        =\n| art          = [[:Kategorie:Inseln|Insel]]\n| lage         = [[Skellige]]-Inselgruppe\n| vorkommen    = \n| vorkommenklein =\n}}\n\'\'\'Ard Skellig\'\'\' ist die größte Insel des [[Skellige|Skellige-Archipels]] im [[Nördliches Meer|nördlichen Meer]] und gleichzeitig die höchste über den Meeresspiegel. [[Crach an Craite]] hat auf der Insel in der Festung [[Kaer Trolde]] seinen Familienstammsitz.\n\nArd Skellig und [[Spikeroog]] werden im Roman ""[[Der Schwalbenturm]]"" (""Wieża Jaskółki"") von einer Fischerin der Skellige-Inseln erwähnt. Gemeinsam mit ihren Kameradinnen ist ihnen zwischen diesen beiden Inseln ein \'\'[[Skellige-Fischerinnen|einzigartiger Fang]]\'\' geglückt.\n\nDer Name \'\'Ard Skellig\'\' stammt aus der [[Alte Sprache|alten Sprache]] und bedeutet so viel wie ""Hoch-Skellig"", ""Ober-Skellig"" oder auch ""Spitze von Skellige"".\n\n==In {{tw3}}==\nArd Skellig ist mit der Festung [[Kaer Trolde]] und dem Hauptsitz des Craite-Clans ein Haupthandlungsort auf Skellige in [[The Witcher 3: Wild Hunt]].\n\n=== Hauptstädte und Festungen ===\n* [[Kaer Gelen]]\n* [[Kaer Muire]]\n* [[Kaer Nyssen]]\n* [[Kaer Trolde]]\n\n=== Ortschaften ===\n{{cols|3|\n* [[Arinbjorn]]\n* [[Blandare]]\n* [[Boxholm]]\n* [[Fornhala]]\n* [[Fyresdal]]\n* [[Fayrlund]]\n* [[Gedyneith]]\n* [[Holmstein]]\n* [[Rannvaig]]\n* [[Rogne]]\n* [[Rotbach]]\n* [[Sund]]\n}}\n\n===Weitere Orte===\n{{cols|3|\n* [[Abzweigung]]\n* [[Alte Gruft]]\n* [[Brennerei]]\n* [[Brücke nach Kaer Trolde]]\n* [[Druidenlager]]\n* [[Grotte (Ard Skellig)|Grotte]]\n* [[Hafen von Holmstein]]\n* [[Hafen von Kaer Trolde]]\n* [[Lager der Bergleute]]\n* [[Leuchtturm Elverum]]\n* [[Leuchtturm von Eldberg]]\n* [[Palisade]]\n* [[Sägemühle (Ard Skellig)|Sägemühle]]\n* [[Verfallene Taverne]]\n* [[Verlassene Sägemühle (Ort)|Verlassene Sägemühle]]\n* [[Walfriedhof]]\n* [[Abzweigung]]\n* [[Wilde Küste]]\n* [[Yustiannas Grotte]]\n* [[Zehen des Riesen]]\n}}\n\n===Quests===\n* [[Auftrag: Vermisste Bergleute]] (DLC)\n* [[Der König ist tot - lang lebe der König!]]\n* [[Heldenrennen: Fayrlund]]\n* [[Die Krönung]]\n* [[Waffenbrüder: Skellige]]\n\'\'noch weiter zu ergänzen\'\'\n\n\n[[Kategorie:Inseln]]\n[[Kategorie:The Witcher 3 Orte]]\n\n[[ar:آرد سكيلغ]]\n[[cs:Ard Skellig]]\n[[en:Ard Skellig]]\n[[es:Ard Skellig]]\n[[fr:Ard Skellig]]\n[[it:Ard Skellig]]\n[[pl:Ard Skellig]]\n[[pt-br:Ard Skellig]]\n[[ru:Ард Скеллиг]]\n[[sk:Ard Skellig]]\n[[tr:Ard Skellig]]\n[[uk:Ард-Скелліг]]'}}}]}]}}"
Ardaiso-Steinbruch,"__NOTOC__
{{Infoboxorte3
| name = Ardaiso-Steinbruch
| bild = tw3_baw_contract_bovine_blues.jpg
| art = Quarry
| erweiterung = bw
| lage = [[Champs Désolés]], northeast of [[Flovive]].
| region = [[Toussaint]]
| schnellreisen = y
| anschlagbrett = y
| wetzstein = y
| werkbank = y
| waffenschmied = Waffenschmied (Ardaiso-Steinbruch)
}}
{{schnellreisen}}

== Quests ==
* [[Große Fußstapfen]]
* [[Auftrag: Rinderwahn]]

== Kartenbeschreibung ==
:''Allen Leuten, ob sie nun Säufer oder Abstinenzler sind, ist bekannt, dass Toussaints Wirtschaft ganz auf Wein basiert. Weniger hingegen wissen, dass das Herzogtum reich an Schiefer und anderen wertvollen Baustoffen ist, und dass deren Abbau einst die lokale Lebensgrundlage darstellte. Als die frommen Toussaintois dem heiligen Majoran eine Statue errichten wollten, mussten sie das Material nicht aus dem Ausland beschaffen, sondern sie nahmen einfach Ardaiso wieder in Betrieb.''

== Galerie ==
<gallery widths=""250px"">
tw3_baw_ardaiso_quarry.jpg|Looking into the pit.
tw3_baw_ardaiso_quarry_(1).jpg|Extensive scaffolding along the quarry's walls.
tw3_baw_ardaiso_quarry_(2).jpg|View from the northeast.
Tw3 bw ardaiso quarry lebiodas left hand.jpg|The Prophet Lebioda's left hand.
</gallery>

[[en:Ardaiso Quarry]]
[[fr:Carrière d'Ardaiso]]
[[it:Cava di Ardaiso]]
[[pl:Kamieniołom Ardaiso]]
[[pt-br:Pedreira de Ardaíso]]
[[ru:Каменоломня Ардаизо]]","{'batchcomplete': True, 'query': {'pages': [{'pageid': 40699, 'ns': 0, 'title': 'Ardaiso-Steinbruch', 'revisions': [{'slots': {'main': {'contentmodel': 'wikitext', 'contentformat': 'text/x-wiki', 'content': '__NOTOC__\n{{Infoboxorte3\n| name = Ardaiso-Steinbruch\n| bild = tw3_baw_contract_bovine_blues.jpg\n| art = Quarry\n| erweiterung = bw\n| lage = [[Champs Désolés]], northeast of [[Flovive]].\n| region = [[Toussaint]]\n| schnellreisen = y\n| anschlagbrett = y\n| wetzstein = y\n| werkbank = y\n| waffenschmied = Waffenschmied (Ardaiso-Steinbruch)\n}}\n{{schnellreisen}}\n\n== Quests ==\n* [[Große Fußstapfen]]\n* [[Auftrag: Rinderwahn]]\n\n== Kartenbeschreibung ==\n:\'\'Allen Leuten, ob sie nun Säufer oder Abstinenzler sind, ist bekannt, dass Toussaints Wirtschaft ganz auf Wein basiert. Weniger hingegen wissen, dass das Herzogtum reich an Schiefer und anderen wertvollen Baustoffen ist, und dass deren Abbau einst die lokale Lebensgrundlage darstellte. Als die frommen Toussaintois dem heiligen Majoran eine Statue errichten wollten, mussten sie das Material nicht aus dem Ausland beschaffen, sondern sie nahmen einfach Ardaiso wieder in Betrieb.\'\'\n\n== Galerie ==\n<gallery widths=""250px"">\ntw3_baw_ardaiso_quarry.jpg|Looking into the pit.\ntw3_baw_ardaiso_quarry_(1).jpg|Extensive scaffolding along the quarry\'s walls.\ntw3_baw_ardaiso_quarry_(2).jpg|View from the northeast.\nTw3 bw ardaiso quarry lebiodas left hand.jpg|The Prophet Lebioda\'s left hand.\n</gallery>\n\n[[en:Ardaiso Quarry]]\n[[fr:Carrière d\'Ardaiso]]\n[[it:Cava di Ardaiso]]\n[[pl:Kamieniołom Ardaiso]]\n[[pt-br:Pedreira de Ardaíso]]\n[[ru:Каменоломня Ардаизо]]'}}}]}]}}"
Arena_von_Hurensohn_Junior,"{{stub}}
{{Infoboxorte3
| name = Arena von Hurensohn Junior
| bild = Tw3_whoreson_jr_on_arena_balcony.jpg
| bildgröße = 
| beschreibung = 
| karte = <!-- optional, sofern es eine Karte in Ergänzung des Screenshots gibt -->
| aka = 
| art = [[Arena]]
| stufe = 
| lage = In der Kanalisation der Stadt [[Novigrad]]
| region = [[Novigrad]]
| einwohner =
}}
Die '''Arena von Hurensohn Junior''' ist eine befestigte, unterirdisch Wettkampfstätte und einer der Orte, an denen [[Hurensohn Junior]] sein schmutziges Geld verdient. Er lässt dort illegale Kämpfe austragen.

==Kämpfer==
Gegner, gegen die [[Geralt von Riva]] in der Arena antreten muss:
* [[Gustav Roene]]
* [[Hund]]e
* die [[Haarige Brüder|Haarigen Brüder]]
* [[Wyvern]]
* [[Endriagendrohne]]n
* [[Boris (Bär)]]

== Quests ==
* [[Findet Junior]]

== Siehe auch==
* [[Hurensohn Juniors Anwesen]]
* [[Hurensohn Juniors Gerberei]]
* [[Hurensohn Juniors Kasino]]

[[en:Whoreson Junior's arena]]
[[fr:arène du Petit Bâtard]]
[[it:arena di Figlio-di-puttana Junior]]
[[ru:Арена Ублюдка Младшего]]","{'batchcomplete': True, 'query': {'normalized': [{'fromencoded': False, 'from': 'Arena_von_Hurensohn_Junior', 'to': 'Arena von Hurensohn Junior'}], 'pages': [{'pageid': 42567, 'ns': 0, 'title': 'Arena von Hurensohn Junior', 'revisions': [{'slots': {'main': {'contentmodel': 'wikitext', 'contentformat': 'text/x-wiki', 'content': ""{{stub}}\n{{Infoboxorte3\n| name = Arena von Hurensohn Junior\n| bild = Tw3_whoreson_jr_on_arena_balcony.jpg\n| bildgröße = \n| beschreibung = \n| karte = <!-- optional, sofern es eine Karte in Ergänzung des Screenshots gibt -->\n| aka = \n| art = [[Arena]]\n| stufe = \n| lage = In der Kanalisation der Stadt [[Novigrad]]\n| region = [[Novigrad]]\n| einwohner =\n}}\nDie '''Arena von Hurensohn Junior''' ist eine befestigte, unterirdisch Wettkampfstätte und einer der Orte, an denen [[Hurensohn Junior]] sein schmutziges Geld verdient. Er lässt dort illegale Kämpfe austragen.\n\n==Kämpfer==\nGegner, gegen die [[Geralt von Riva]] in der Arena antreten muss:\n* [[Gustav Roene]]\n* [[Hund]]e\n* die [[Haarige Brüder|Haarigen Brüder]]\n* [[Wyvern]]\n* [[Endriagendrohne]]n\n* [[Boris (Bär)]]\n\n== Quests ==\n* [[Findet Junior]]\n\n== Siehe auch==\n* [[Hurensohn Juniors Anwesen]]\n* [[Hurensohn Juniors Gerberei]]\n* [[Hurensohn Juniors Kasino]]\n\n[[en:Whoreson Junior's arena]]\n[[fr:arène du Petit Bâtard]]\n[[it:arena di Figlio-di-puttana Junior]]\n[[ru:Арена Ублюдка Младшего]]""}}}]}]}}"
Arette,"{{Infoboxorte3
| name = Arette
| bild = tw3_arette.jpg
| beschreibung = 
| art = Dorf
| lage = Nordöstlich über den Fluss vom [[Südtor]] aus
| region = [[Novigrad]]
| schnellreisen = j
}}
{{schnellreisen}}

'''Arette''' ist eine kleine Ansiedlung vor den Toren [[Novigrad]]s.

== Kartenbeschreibung ==
:''Novigrad hat schon immer diejenigen angezogen, die ein besseres Leben suchen. Viele von ihnen wurden nicht in die Stadt gelassen, also bauten sie sich Hütten vor der Stadt und schufen dadurch weitläufige Außenbezirke.''

[[en:Arette]]
[[fr:Arette]]
[[it:Arette]]
[[pl:Arette]]
[[ru:Деревня Аретт]]","{'batchcomplete': True, 'query': {'pages': [{'pageid': 40702, 'ns': 0, 'title': 'Arette', 'revisions': [{'slots': {'main': {'contentmodel': 'wikitext', 'contentformat': 'text/x-wiki', 'content': ""{{Infoboxorte3\n| name = Arette\n| bild = tw3_arette.jpg\n| beschreibung = \n| art = Dorf\n| lage = Nordöstlich über den Fluss vom [[Südtor]] aus\n| region = [[Novigrad]]\n| schnellreisen = j\n}}\n{{schnellreisen}}\n\n'''Arette''' ist eine kleine Ansiedlung vor den Toren [[Novigrad]]s.\n\n== Kartenbeschreibung ==\n:''Novigrad hat schon immer diejenigen angezogen, die ein besseres Leben suchen. Viele von ihnen wurden nicht in die Stadt gelassen, also bauten sie sich Hütten vor der Stadt und schufen dadurch weitläufige Außenbezirke.''\n\n[[en:Arette]]\n[[fr:Arette]]\n[[it:Arette]]\n[[pl:Arette]]\n[[ru:Деревня Аретт]]""}}}]}]}}"
Arinbjorn,"{{Infoboxorte3
| name = Arinbjorn
| bild = tw3_arinbjorn.jpg
| bildgröße = 
| beschreibung = 
| karte = tw3_map_arinbjorn.png
| aka = 
| art = [[:Kategorie:Städte|Dorf]]
| stufe = 
| lage = Westküste von [[Ard Skellig]]
| region = [[Skellige]]
| einwohner =
| schnellreisen = j
| anschlagbrett = j
| tavernenwirt = Tavernenwirt (Arinbjorn)
| laden =
| rüstungsschmied = 
| waffenschmied = Waffenschmied (Arinbjorn)
| kräuterhändler =
| barbier =
| runenschmied =
| alchemist   =
}}
{{schnellreisen}}
'''Arinbjorn''' ist ein Dorf im bergigen Westen der Insel [[Ard Skellig]]. Östlich davon befindet sich das Dorf [[Sund]].

Arinbjorn ist ein Handlungsort in ''{{tw3}}''.

== Kartenbeschreibung ==
:''Ein Dorf, dessen Ruhe nur gelegentlich dadurch gestört wird, dass einer den anderen bewusstlos schlägt oder ihm einen Metkrug auf dem Schädel zerbricht.''

== Bekannte Einwohner ==
* [[Jorund]]
* [[Kori]]
* [[Kraki]]
* [[Leif]]

== Quests ==
* [[Auftrag: Das Phantom von Eldberg]]
* [[Eine schwarze Perle]]
* [[Fliegende Fäuste: Skellige]]
* [[Fremder in einem seltsamen Land]]
* [[Sammle sie alle]]
** [[Gwint]]-Karten, erwerbbar beim Tavernenwirt: [[Muhme: Flüsterin (Gwint-Karte)|Muhme: Flüsterin]], [[Krabbspinne (Gwint-Karte)|Krabbspinne]], [[Unhold (Gwint-Karte)|Unhold]] (Bies), [[Thaler (Gwint-Karte)|Thaler]]

[[Kategorie:Städte]]

[[en:Arinbjorn]]
[[fr:Arinbjorn]]
[[it:Arinbjorn]]
[[pl:Arinbjorn]]
[[pt-br:Arinbjorn]]
[[ru:Деревня Аринбьорн]]","{'batchcomplete': True, 'query': {'pages': [{'pageid': 33653, 'ns': 0, 'title': 'Arinbjorn', 'revisions': [{'slots': {'main': {'contentmodel': 'wikitext', 'contentformat': 'text/x-wiki', 'content': ""{{Infoboxorte3\n| name = Arinbjorn\n| bild = tw3_arinbjorn.jpg\n| bildgröße = \n| beschreibung = \n| karte = tw3_map_arinbjorn.png\n| aka = \n| art = [[:Kategorie:Städte|Dorf]]\n| stufe = \n| lage = Westküste von [[Ard Skellig]]\n| region = [[Skellige]]\n| einwohner =\n| schnellreisen = j\n| anschlagbrett = j\n| tavernenwirt = Tavernenwirt (Arinbjorn)\n| laden =\n| rüstungsschmied = \n| waffenschmied = Waffenschmied (Arinbjorn)\n| kräuterhändler =\n| barbier =\n| runenschmied =\n| alchemist   =\n}}\n{{schnellreisen}}\n'''Arinbjorn''' ist ein Dorf im bergigen Westen der Insel [[Ard Skellig]]. Östlich davon befindet sich das Dorf [[Sund]].\n\nArinbjorn ist ein Handlungsort in ''{{tw3}}''.\n\n== Kartenbeschreibung ==\n:''Ein Dorf, dessen Ruhe nur gelegentlich dadurch gestört wird, dass einer den anderen bewusstlos schlägt oder ihm einen Metkrug auf dem Schädel zerbricht.''\n\n== Bekannte Einwohner ==\n* [[Jorund]]\n* [[Kori]]\n* [[Kraki]]\n* [[Leif]]\n\n== Quests ==\n* [[Auftrag: Das Phantom von Eldberg]]\n* [[Eine schwarze Perle]]\n* [[Fliegende Fäuste: Skellige]]\n* [[Fremder in einem seltsamen Land]]\n* [[Sammle sie alle]]\n** [[Gwint]]-Karten, erwerbbar beim Tavernenwirt: [[Muhme: Flüsterin (Gwint-Karte)|Muhme: Flüsterin]], [[Krabbspinne (Gwint-Karte)|Krabbspinne]], [[Unhold (Gwint-Karte)|Unhold]] (Bies), [[Thaler (Gwint-Karte)|Thaler]]\n\n[[Kategorie:Städte]]\n\n[[en:Arinbjorn]]\n[[fr:Arinbjorn]]\n[[it:Arinbjorn]]\n[[pl:Arinbjorn]]\n[[pt-br:Arinbjorn]]\n[[ru:Деревня Аринбьорн]]""}}}]}]}}"
Atropos,"Die '''Atropos''' ist ein Schiff, das [[Geralt von Riva]] von [[Novigrad]] auf das [[Skellige]]-Archipel bringt. Es ist das Schiff von [[Kapitän Wolfstein]].

Kurz vor dem Ziel wird das Schiff von Piraten des [[Clan an Craite]] geentert. Gleichzeitig gerät es in schwere See, ein Sturm kommt auf und Geralt wird von einem zerbrochenen Schiffsmast k.o. geschlagen. Er wacht am Strand von [[Ard Skellig]] auf, wo er von [[Steingrim]] aufgelesen wird. Dieser gibt ihm weitere Hinweise, wie der [[Hexer]] nach [[Kaer Trolde]] und damit auch zu [[Yennefer]] kommt.

Das Schiff liegt zerschellt an den Klippen in der Bucht südlich von Kaer Trolde bzw. nordwestlich von [[Rannvaig]]. Es findet sich zahlreiche Beute um das Schiff herum. Von der Schiffsmannschaft und dem Kapitän keine Spur, sie ertranken vermutlich bei dem Sturm.


Die Atropos ist ein Handlungsort in ''{{tw3}}''.

== Quest ==
* [[Reiseziel: Skellige]]

==Randnotizen==
* {{W|Atropos}} ist der Name der ältesten der drei Schicksalsgöttinen in der griechischen Mythologie. Sie war für das Zerschneiden des Lebensfadens zuständig - ihr giechischer Name bedeutet ""die Unabwendbare"".

[[Kategorie:Schiffe]]
[[Kategorie:The Witcher 3 Orte]]

[[en:Atropos]]
[[fr:Atropos]]
[[it:Atropos]]
[[pl:Atropos]]
[[ru:Атропос]]","{'batchcomplete': True, 'query': {'pages': [{'pageid': 42650, 'ns': 0, 'title': 'Atropos', 'revisions': [{'slots': {'main': {'contentmodel': 'wikitext', 'contentformat': 'text/x-wiki', 'content': 'Die \'\'\'Atropos\'\'\' ist ein Schiff, das [[Geralt von Riva]] von [[Novigrad]] auf das [[Skellige]]-Archipel bringt. Es ist das Schiff von [[Kapitän Wolfstein]].\n\nKurz vor dem Ziel wird das Schiff von Piraten des [[Clan an Craite]] geentert. Gleichzeitig gerät es in schwere See, ein Sturm kommt auf und Geralt wird von einem zerbrochenen Schiffsmast k.o. geschlagen. Er wacht am Strand von [[Ard Skellig]] auf, wo er von [[Steingrim]] aufgelesen wird. Dieser gibt ihm weitere Hinweise, wie der [[Hexer]] nach [[Kaer Trolde]] und damit auch zu [[Yennefer]] kommt.\n\nDas Schiff liegt zerschellt an den Klippen in der Bucht südlich von Kaer Trolde bzw. nordwestlich von [[Rannvaig]]. Es findet sich zahlreiche Beute um das Schiff herum. Von der Schiffsmannschaft und dem Kapitän keine Spur, sie ertranken vermutlich bei dem Sturm.\n\n\nDie Atropos ist ein Handlungsort in \'\'{{tw3}}\'\'.\n\n== Quest ==\n* [[Reiseziel: Skellige]]\n\n==Randnotizen==\n* {{W|Atropos}} ist der Name der ältesten der drei Schicksalsgöttinen in der griechischen Mythologie. Sie war für das Zerschneiden des Lebensfadens zuständig - ihr giechischer Name bedeutet ""die Unabwendbare"".\n\n[[Kategorie:Schiffe]]\n[[Kategorie:The Witcher 3 Orte]]\n\n[[en:Atropos]]\n[[fr:Atropos]]\n[[it:Atropos]]\n[[pl:Atropos]]\n[[ru:Атропос]]'}}}]}]}}"
Aubrebis-Teich,"{{Infoboxorte3
| name = Aubrebis-Teich
| bild = mare_aubrebis_at_basane_farm.jpg
| art = [[:Kategorie:Seen|See]]
| erweiterung = bw
| lage = Südlich des [[Basane-Hof]]s
| region = [[Toussaint]]
}}

Der '''Aubrebis-Teich''' bezeichnet einen untiefen Weiher und seine nähere Umgebung im östlichen Toussaint, südlich des [[Basane-Hof]]s.

== Interessante Orte ==
* [[Basane-Hof]]

== Notizen ==
Der Name stammt von dem französischen Ausdruck ""mare aux brébis"", was ""Schafsteich"" bedeutet.

[[Kategorie:Seen]]

[[en:Mare Aubrebis]]
[[fr:Mare-aux-brebis]]
[[it:Mare Aubrebis]]
[[pl:Owczy Staw]]
[[ru:Овечий пруд]]","{'batchcomplete': True, 'query': {'pages': [{'pageid': 41182, 'ns': 0, 'title': 'Aubrebis-Teich', 'revisions': [{'slots': {'main': {'contentmodel': 'wikitext', 'contentformat': 'text/x-wiki', 'content': '{{Infoboxorte3\n| name = Aubrebis-Teich\n| bild = mare_aubrebis_at_basane_farm.jpg\n| art = [[:Kategorie:Seen|See]]\n| erweiterung = bw\n| lage = Südlich des [[Basane-Hof]]s\n| region = [[Toussaint]]\n}}\n\nDer \'\'\'Aubrebis-Teich\'\'\' bezeichnet einen untiefen Weiher und seine nähere Umgebung im östlichen Toussaint, südlich des [[Basane-Hof]]s.\n\n== Interessante Orte ==\n* [[Basane-Hof]]\n\n== Notizen ==\nDer Name stammt von dem französischen Ausdruck ""mare aux brébis"", was ""Schafsteich"" bedeutet.\n\n[[Kategorie:Seen]]\n\n[[en:Mare Aubrebis]]\n[[fr:Mare-aux-brebis]]\n[[it:Mare Aubrebis]]\n[[pl:Owczy Staw]]\n[[ru:Овечий пруд]]'}}}]}]}}"
Auktionshaus_der_Gebrueder_Borsody,Error: 'revisions',
Aussenposten_von_Drachenmulde,Error: 'revisions',
Badehaus,"{{stub}}
{{Infoboxorte3
| name     = Badehaus
| bild = tw3_bathhouse.jpg
| beschriftung = 
| art = [[:Kategorie:Architektur|Gebäude]]
| lage = [[Die Scherben]], südlich der [[St.-Gregors-Brücke]]
| region = [[Novigrad]]
}}

Das '''Badehaus''' in [[Novigrad]] dient [[Sigi Reuven]] als Hauptquartier.

== Quest ==
* [[Ganz offensichtlich]]
* [[Graf Reuvens Schatz]]
* [[Finde Junior]]
* [[Gwint: Spieler der Großstadt]]

==Galerie==
<gallery made=""packed"" widths=500 heights=300>
Tw3 concept art bathhouse fresco.png|Prachtvolles Fresko über dem Eingang zum Badehaus, Concept art aus dem [[The Witcher 3 Artbook]]
</gallery>

[[Kategorie: Architektur]]
[[Kategorie: The Witcher 3 Handlungsorte]]

[[en:Bathhouse]]
[[fr:Bains publics]]
[[it:Bagni]]
[[pl:Łaźnia]]
[[ru:Новиградские бани]]","{'batchcomplete': True, 'query': {'pages': [{'pageid': 31922, 'ns': 0, 'title': 'Badehaus', 'revisions': [{'slots': {'main': {'contentmodel': 'wikitext', 'contentformat': 'text/x-wiki', 'content': '{{stub}}\n{{Infoboxorte3\n| name     = Badehaus\n| bild = tw3_bathhouse.jpg\n| beschriftung = \n| art = [[:Kategorie:Architektur|Gebäude]]\n| lage = [[Die Scherben]], südlich der [[St.-Gregors-Brücke]]\n| region = [[Novigrad]]\n}}\n\nDas \'\'\'Badehaus\'\'\' in [[Novigrad]] dient [[Sigi Reuven]] als Hauptquartier.\n\n== Quest ==\n* [[Ganz offensichtlich]]\n* [[Graf Reuvens Schatz]]\n* [[Finde Junior]]\n* [[Gwint: Spieler der Großstadt]]\n\n==Galerie==\n<gallery made=""packed"" widths=500 heights=300>\nTw3 concept art bathhouse fresco.png|Prachtvolles Fresko über dem Eingang zum Badehaus, Concept art aus dem [[The Witcher 3 Artbook]]\n</gallery>\n\n[[Kategorie: Architektur]]\n[[Kategorie: The Witcher 3 Handlungsorte]]\n\n[[en:Bathhouse]]\n[[fr:Bains publics]]\n[[it:Bagni]]\n[[pl:Łaźnia]]\n[[ru:Новиградские бани]]'}}}]}]}}"
Banditenlager_(Schnellreisepunkt),"{{Infoboxorte3
| name = Banditenlager
| bild = Witcher 3 Bandits' Camp (2).bmp
| beschreibung = 
| karte = Witcher3 2015-07-22 20-25-19-56.bmp
| aka = 
| art = Schnellreisepunkt
| stufe = 
| lage = mitten auf der Insel südöstlich der [[Hütte des Bootsbauers]] und nordöstlich von [[Plackerei]]
| region = [[Velen]]
| einwohner = 5 Banditen (Stufe 5)
| schnellreisen = j
}}
{{schnellreisen}} {{käfig}}
'''Banditenlager''' ist ein Schnellreisepunkt auf einer Insel, die sich im Herzen von [[Velen]] östlich von [[Erzdorf]] befindet. Dort gibt es ein großes Banditenlager sowie eine ""[[Person(en) in Not|Person in Not]]"". Befreit Geralt diesen Mann, wird er ihn später in dem Dorf [[Sandort]] wiedertreffen - es handelt sich um den dort ansässigen [[Kaufmann (Sandort)|Kaufmann]].

== Kartenbeschreibung ==
:''Ein Ort, den besonders widerliche Gestalten zu ihrem Zuhause auserkoren haben.''

==Siehe auch==
* [[Datei:Tw3 icon bandit camp.svg|x32px|Banditenlager|link=Banditenlager]] [[Banditenlager]]

[[en:Bandits' Camp]]
[[fr:Campement de bandits]]
[[it:Accampamento dei banditi]]
[[pl:Obozowisko bandytów]]","{'batchcomplete': True, 'query': {'normalized': [{'fromencoded': False, 'from': 'Banditenlager_(Schnellreisepunkt)', 'to': 'Banditenlager (Schnellreisepunkt)'}], 'pages': [{'pageid': 41697, 'ns': 0, 'title': 'Banditenlager (Schnellreisepunkt)', 'revisions': [{'slots': {'main': {'contentmodel': 'wikitext', 'contentformat': 'text/x-wiki', 'content': '{{Infoboxorte3\n| name = Banditenlager\n| bild = Witcher 3 Bandits\' Camp (2).bmp\n| beschreibung = \n| karte = Witcher3 2015-07-22 20-25-19-56.bmp\n| aka = \n| art = Schnellreisepunkt\n| stufe = \n| lage = mitten auf der Insel südöstlich der [[Hütte des Bootsbauers]] und nordöstlich von [[Plackerei]]\n| region = [[Velen]]\n| einwohner = 5 Banditen (Stufe 5)\n| schnellreisen = j\n}}\n{{schnellreisen}} {{käfig}}\n\'\'\'Banditenlager\'\'\' ist ein Schnellreisepunkt auf einer Insel, die sich im Herzen von [[Velen]] östlich von [[Erzdorf]] befindet. Dort gibt es ein großes Banditenlager sowie eine ""[[Person(en) in Not|Person in Not]]"". Befreit Geralt diesen Mann, wird er ihn später in dem Dorf [[Sandort]] wiedertreffen - es handelt sich um den dort ansässigen [[Kaufmann (Sandort)|Kaufmann]].\n\n== Kartenbeschreibung ==\n:\'\'Ein Ort, den besonders widerliche Gestalten zu ihrem Zuhause auserkoren haben.\'\'\n\n==Siehe auch==\n* [[Datei:Tw3 icon bandit camp.svg|x32px|Banditenlager|link=Banditenlager]] [[Banditenlager]]\n\n[[en:Bandits\' Camp]]\n[[fr:Campement de bandits]]\n[[it:Accampamento dei banditi]]\n[[pl:Obozowisko bandytów]]'}}}]}]}}"
Basane-Hof,"{{Infoboxorte3
| name = Basane-Hof
| bild = tw3_baw_basane_farm.jpg
| art = 
| lage = [[Aubrebis-Teich]]
| region = [[Champs Désolés]]
| schnellreisen = y
| barbier = Barbier (Basane-Hof)
| erweiterung = bw
}}
{{Verlassene Stätte}} {{schnellreisen}}

Der '''Basane-Hof''' ist anfangs eine [[Verlassene Stätte]] in der ''[[Blood and Wine]]'' Erweiterung, bis Geralt den Ort von einem [[Werwolf]] befreit.

== Kartenbeschreibung ==
:''Es mag zwar so aussehen, doch Toussaint lebt nicht allein vom Weinhandel. Auch wertvolle Baumaterialien und große Mengen Schurwolle werden exportiert. Auf den Kleewiesen von Mont Crane weiden die verschiedensten Schafrassen, darunter die berühmten Merinos von Toussaint, deren Vliese für aberwitzige Summen verkauft werden. Basane ist eins der Güter, die sich auf die Haltung dieser bemerkenswerten Tiere spezialisiert haben.''

== Gegenstände ==
* Merkwürdigerweise trägt der [[Werwolf]] einen [[Räumungsbefehl#Eviction notice to Hubert and Gisèle Duret|Räumungsbefehl]] bei sich.
* Die Notiz steht auch in Verbindung zu [[Gisèle Durets Tagebuch]], das in dem Monsterlager nördlich des Hofes gefunden werden kann.

== Galerie ==
<gallery widths=""250px"">
tw3_baw_basane_farm_(1).jpg|Ansicht von Südosten.
tw3_baw_basane_farm_(2).jpg|Ansicht von Norden, der ""Laden"" des [[Barbier (Basane-Hof)|Barbiers]].
</gallery>

[[en:Basane Farm]]
[[fr:Ferme Basane]]
[[it:Fattoria di Basane]]
[[pl:Folwark Basane]]
[[ru:Хозяйство Базан]]","{'batchcomplete': True, 'query': {'pages': [{'pageid': 40714, 'ns': 0, 'title': 'Basane-Hof', 'revisions': [{'slots': {'main': {'contentmodel': 'wikitext', 'contentformat': 'text/x-wiki', 'content': '{{Infoboxorte3\n| name = Basane-Hof\n| bild = tw3_baw_basane_farm.jpg\n| art = \n| lage = [[Aubrebis-Teich]]\n| region = [[Champs Désolés]]\n| schnellreisen = y\n| barbier = Barbier (Basane-Hof)\n| erweiterung = bw\n}}\n{{Verlassene Stätte}} {{schnellreisen}}\n\nDer \'\'\'Basane-Hof\'\'\' ist anfangs eine [[Verlassene Stätte]] in der \'\'[[Blood and Wine]]\'\' Erweiterung, bis Geralt den Ort von einem [[Werwolf]] befreit.\n\n== Kartenbeschreibung ==\n:\'\'Es mag zwar so aussehen, doch Toussaint lebt nicht allein vom Weinhandel. Auch wertvolle Baumaterialien und große Mengen Schurwolle werden exportiert. Auf den Kleewiesen von Mont Crane weiden die verschiedensten Schafrassen, darunter die berühmten Merinos von Toussaint, deren Vliese für aberwitzige Summen verkauft werden. Basane ist eins der Güter, die sich auf die Haltung dieser bemerkenswerten Tiere spezialisiert haben.\'\'\n\n== Gegenstände ==\n* Merkwürdigerweise trägt der [[Werwolf]] einen [[Räumungsbefehl#Eviction notice to Hubert and Gisèle Duret|Räumungsbefehl]] bei sich.\n* Die Notiz steht auch in Verbindung zu [[Gisèle Durets Tagebuch]], das in dem Monsterlager nördlich des Hofes gefunden werden kann.\n\n== Galerie ==\n<gallery widths=""250px"">\ntw3_baw_basane_farm_(1).jpg|Ansicht von Südosten.\ntw3_baw_basane_farm_(2).jpg|Ansicht von Norden, der ""Laden"" des [[Barbier (Basane-Hof)|Barbiers]].\n</gallery>\n\n[[en:Basane Farm]]\n[[fr:Ferme Basane]]\n[[it:Fattoria di Basane]]\n[[pl:Folwark Basane]]\n[[ru:Хозяйство Базан]]'}}}]}]}}"
Bastion,"{{Begriffshinweis|der Befestigung in der Region Kaer Morhen|die Quest|Bastion (Quest)}}
{{Infoboxorte3
| name = Bastion
| bild = tw3_bastion.jpg
| bildgröße = 
| beschreibung = 
| karte = <!-- optional, sofern es eine Karte in Ergänzung des Screenshots gibt -->
| aka = 
| art = [[:Kategorie:Festungen|Befestigung]], Ruine
| stufe = 
| lage = [[Tal von Kaer Morhen]], westlich der Hexerfeste
| region = [[Kaer Morhen]]
| einwohner = verlassen
| schnellreisen = j
}}
{{schnellreisen}} {{spukstätte}}

Die '''Bastion''' ist eine alte Befestigungsanlage, die durch einen Schnellreisepunkt bei der Hexerfeste [[Kaer Morhen]] erreichbar ist. In ihr wurden junge Hexer der [[Wolfsschule]] im Schwertkampf trainiert. Beim [[Überfall auf Kaer Morhen]] durch einen Bauernmob wurden alle getötet, auch die jungen Adepten. Die Ruine wird jetzt von [[Erscheinungen#The Witcher 3: Wild Hunt|Erscheinungen]] heimgesucht.

== Kartenbeschreibung ==
:''Hier wurden einst junge Hexer ausgebildet. Jetzt ist die Bastion vergessen und verfallen.''

== Quests ==
* [[Bastion (Quest)|Bastion]]
* [[Schatzsuche: Wolfsschulenausrüstung]]

[[Kategorie:Festungen]]

[[en:Bastion]]
[[fr:Bastion]]
[[it:Bastione]]
[[pl:Bastion]]
[[ru:Бастион]]","{'batchcomplete': True, 'query': {'pages': [{'pageid': 40531, 'ns': 0, 'title': 'Bastion', 'revisions': [{'slots': {'main': {'contentmodel': 'wikitext', 'contentformat': 'text/x-wiki', 'content': ""{{Begriffshinweis|der Befestigung in der Region Kaer Morhen|die Quest|Bastion (Quest)}}\n{{Infoboxorte3\n| name = Bastion\n| bild = tw3_bastion.jpg\n| bildgröße = \n| beschreibung = \n| karte = <!-- optional, sofern es eine Karte in Ergänzung des Screenshots gibt -->\n| aka = \n| art = [[:Kategorie:Festungen|Befestigung]], Ruine\n| stufe = \n| lage = [[Tal von Kaer Morhen]], westlich der Hexerfeste\n| region = [[Kaer Morhen]]\n| einwohner = verlassen\n| schnellreisen = j\n}}\n{{schnellreisen}} {{spukstätte}}\n\nDie '''Bastion''' ist eine alte Befestigungsanlage, die durch einen Schnellreisepunkt bei der Hexerfeste [[Kaer Morhen]] erreichbar ist. In ihr wurden junge Hexer der [[Wolfsschule]] im Schwertkampf trainiert. Beim [[Überfall auf Kaer Morhen]] durch einen Bauernmob wurden alle getötet, auch die jungen Adepten. Die Ruine wird jetzt von [[Erscheinungen#The Witcher 3: Wild Hunt|Erscheinungen]] heimgesucht.\n\n== Kartenbeschreibung ==\n:''Hier wurden einst junge Hexer ausgebildet. Jetzt ist die Bastion vergessen und verfallen.''\n\n== Quests ==\n* [[Bastion (Quest)|Bastion]]\n* [[Schatzsuche: Wolfsschulenausrüstung]]\n\n[[Kategorie:Festungen]]\n\n[[en:Bastion]]\n[[fr:Bastion]]\n[[it:Bastione]]\n[[pl:Bastion]]\n[[ru:Бастион]]""}}}]}]}}"
Beauclair,"{{Infoboxorte3
| name         = Beauclair
| bild         = Screenshot (935).png
| bildgröße    =
| beschreibung = 
| erweiterung  = baw
| art          = [[:Kategorie:Städte|Stadt]]
| stufe        = 
| lage         = 
| region       = [[Toussaint]] 
| schnellreisen =  ja 
| anschlagbrett =ja
| tavernenwirt =
| laden =ja
| rüstungsschmied =ja
| waffenschmied =ja
| kräuterhändler =
| barbier = Zum gehobenen Barbier
|}}

'''Beauclair''' ist die Hauptstadt des Herzogtums [[Toussaint]]. Diese [[Nilfgaard]]er Provinz ist berühmt für ihre Weine [[Alkoholische Getränke#Weine|Beauclair Weiß]] und [[Alkoholische Getränke#Weine|Toussaint Rot]].<br />
Ein weiteres berühmtes Weinanbaugebiet ist das [[Castell Ravello]].

==Persönlichkeiten==
{{cols|3|
'''Herrscher'''
* Herzogin [[Adela Marta|Ademarta]], Königin von Beauclair
* Herzogin [[Karolina Roberta|Karoberta]]
* Herzog [[Raimund]]
* Herzogin [[Anna Henrietta]]
<br />
<br />
'''Adel'''
* Prinzessin [[Clarissa von Toussaint|Clarissa]]
* Baron [[Amadis de Trastamara|Trastamara]]
* Baroness [[Jacqueline|Queline]]
* Baroness [[Veronique|Nique]]
* Gräfin [[Notturna]]
* Baron [[Palmerin de Launfal]]
* Baron [[Milton de Peyrac-Peyran]]
'''Sonstige'''
* [[Artorius Vigo]]
* [[Fringilla Vigo]]
* [[Sebastian Le Goff]]
* Minister [[Tremblay]]
* [[Reynart de Bois-Fresnes]]
}}


==In den Büchern==
Im Roman ""[[Der Schwalbenturm]]"" (""Wieża Jaskółki"") ist Beauclair ein Handlungsort der Gegenwart. [[Schliemann, Professor|Professor Schliemann]] und sein Archäologenteam von der Universität [[Castell Graupian|Graupian]] finden bei Ausgrabungen in Beauclair einen Tubus. Leider wurde der Tubus mitsamt der darin enthaltenen Manuskripte durch [[Kamil Ronstetter]] und zwei seiner Ausgrabungskollegen zerstört. Bei den Manuskripten handelte es sich um ""[[Ein halbes Jahrhundert Poesie]]"" von [[Rittersporn]].

==In {{Tw1}}==
Im Computerspiel [[The Witcher (Computerspiel)|The Witcher]] stammt [[Antoinette]] aus Beauclair (Toussaint), ebenso wie ihre drei Vettern [[Corbin]], [[Buse]] und [[Ramerot]].

==In {{tw3}} ==
Die [[The Witcher 3 Erweiterungen|Erweiterung]] ''[[Blood and Wine]]'' spielt unter anderem in Beauclair.

==Anmerkungen==
*Der Name setzt sich aus zwei französischen Wörtern zusammen: ''beau'' für ''schön, edel, vornehm'' und ''clair'' für ''hell, klar, unverwechselbar''.

==Galerie==
<gallery>
TW3 BW Beauclair is all kinds of fancy RGB EN.png|Beauclair in all seiner Pracht
TW3BAW_The_palace_of_Beauclair_EN.png|Screenshot von Beauclair aus der ''The Witcher 3'' Erweiterung ''Blood and Wine''
Beauclair.png|Beauclair von einer Insel aus gesehen mit dem Hafen und dem Schloss im Hintergund
</gallery>

{{tw3region}}

[[Kategorie:Städte]]
[[Kategorie:The Witcher 3 Orte]]
[[Kategorie:Blood and Wine Orte]]

[[ar:بوكلير]]
[[cs:Beauclair]]
[[en:Beauclair]]
[[fr:Beauclair]]
[[it:Beauclair]]
[[pl:Beauclair]]
[[pt-br:Beauclair]]
[[ru:Боклер]]
[[uk:Боклер]]
[[zh:鮑克蘭]]","{'batchcomplete': True, 'query': {'pages': [{'pageid': 3538, 'ns': 0, 'title': 'Beauclair', 'revisions': [{'slots': {'main': {'contentmodel': 'wikitext', 'contentformat': 'text/x-wiki', 'content': '{{Infoboxorte3\n| name         = Beauclair\n| bild         = Screenshot (935).png\n| bildgröße    =\n| beschreibung = \n| erweiterung  = baw\n| art          = [[:Kategorie:Städte|Stadt]]\n| stufe        = \n| lage         = \n| region       = [[Toussaint]] \n| schnellreisen =  ja \n| anschlagbrett =ja\n| tavernenwirt =\n| laden =ja\n| rüstungsschmied =ja\n| waffenschmied =ja\n| kräuterhändler =\n| barbier = Zum gehobenen Barbier\n|}}\n\n\'\'\'Beauclair\'\'\' ist die Hauptstadt des Herzogtums [[Toussaint]]. Diese [[Nilfgaard]]er Provinz ist berühmt für ihre Weine [[Alkoholische Getränke#Weine|Beauclair Weiß]] und [[Alkoholische Getränke#Weine|Toussaint Rot]].<br />\nEin weiteres berühmtes Weinanbaugebiet ist das [[Castell Ravello]].\n\n==Persönlichkeiten==\n{{cols|3|\n\'\'\'Herrscher\'\'\'\n* Herzogin [[Adela Marta|Ademarta]], Königin von Beauclair\n* Herzogin [[Karolina Roberta|Karoberta]]\n* Herzog [[Raimund]]\n* Herzogin [[Anna Henrietta]]\n<br />\n<br />\n\'\'\'Adel\'\'\'\n* Prinzessin [[Clarissa von Toussaint|Clarissa]]\n* Baron [[Amadis de Trastamara|Trastamara]]\n* Baroness [[Jacqueline|Queline]]\n* Baroness [[Veronique|Nique]]\n* Gräfin [[Notturna]]\n* Baron [[Palmerin de Launfal]]\n* Baron [[Milton de Peyrac-Peyran]]\n\'\'\'Sonstige\'\'\'\n* [[Artorius Vigo]]\n* [[Fringilla Vigo]]\n* [[Sebastian Le Goff]]\n* Minister [[Tremblay]]\n* [[Reynart de Bois-Fresnes]]\n}}\n\n\n==In den Büchern==\nIm Roman ""[[Der Schwalbenturm]]"" (""Wieża Jaskółki"") ist Beauclair ein Handlungsort der Gegenwart. [[Schliemann, Professor|Professor Schliemann]] und sein Archäologenteam von der Universität [[Castell Graupian|Graupian]] finden bei Ausgrabungen in Beauclair einen Tubus. Leider wurde der Tubus mitsamt der darin enthaltenen Manuskripte durch [[Kamil Ronstetter]] und zwei seiner Ausgrabungskollegen zerstört. Bei den Manuskripten handelte es sich um ""[[Ein halbes Jahrhundert Poesie]]"" von [[Rittersporn]].\n\n==In {{Tw1}}==\nIm Computerspiel [[The Witcher (Computerspiel)|The Witcher]] stammt [[Antoinette]] aus Beauclair (Toussaint), ebenso wie ihre drei Vettern [[Corbin]], [[Buse]] und [[Ramerot]].\n\n==In {{tw3}} ==\nDie [[The Witcher 3 Erweiterungen|Erweiterung]] \'\'[[Blood and Wine]]\'\' spielt unter anderem in Beauclair.\n\n==Anmerkungen==\n*Der Name setzt sich aus zwei französischen Wörtern zusammen: \'\'beau\'\' für \'\'schön, edel, vornehm\'\' und \'\'clair\'\' für \'\'hell, klar, unverwechselbar\'\'.\n\n==Galerie==\n<gallery>\nTW3 BW Beauclair is all kinds of fancy RGB EN.png|Beauclair in all seiner Pracht\nTW3BAW_The_palace_of_Beauclair_EN.png|Screenshot von Beauclair aus der \'\'The Witcher 3\'\' Erweiterung \'\'Blood and Wine\'\'\nBeauclair.png|Beauclair von einer Insel aus gesehen mit dem Hafen und dem Schloss im Hintergund\n</gallery>\n\n{{tw3region}}\n\n[[Kategorie:Städte]]\n[[Kategorie:The Witcher 3 Orte]]\n[[Kategorie:Blood and Wine Orte]]\n\n[[ar:بوكلير]]\n[[cs:Beauclair]]\n[[en:Beauclair]]\n[[fr:Beauclair]]\n[[it:Beauclair]]\n[[pl:Beauclair]]\n[[pt-br:Beauclair]]\n[[ru:Боклер]]\n[[uk:Боклер]]\n[[zh:鮑克蘭]]'}}}]}]}}"
Belgaard-Anwesen,"{{Infoboxorte3
| name = Belgaard-Anwesen
| bild = Tw3 bw belgaard manor.jpg
| bildgröße = 310px
| art = Gebäude
| erweiterung = bw
| lage = [[Belgaard-Weingut]], [[Caroberta-Wald]]
| region = [[Toussaint]]
| waffenschmied = Waffenschmied (Belgaard-Anwesen)
}}

== Quests ==
* [[Weinfehden: Deus in Machina]]
* [[Weinfehden: Belgaard]]
* [[Weinfehden: Coronata]]
* [[Weinfehden: Vermentino]]

==Siehe auch==
* [[Belgaard-Weingut]]

== Notizen ==
* Bug v1.21: Die Waffenschmied-Markierung wird beim Belgaard-Anwesen angezeigt, aber der NPC ist nicht dort. Dies passiert, wenn du den Waffenschmied nach der Rettung als [[Person(en) in Not|Person in Not]] nicht direkt nach Belgaard begleitest, sondern zurückbleibst, um beispielsweise die Ruinen weiter zu erkunden.

[[en:Belgaard Manor]]
[[fr:Manoir Belgaard]]
[[it:Maniero di Belgaard]]
[[pl:Posiadłość Belgaard]]","{'batchcomplete': True, 'query': {'pages': [{'pageid': 40723, 'ns': 0, 'title': 'Belgaard-Anwesen', 'revisions': [{'slots': {'main': {'contentmodel': 'wikitext', 'contentformat': 'text/x-wiki', 'content': '{{Infoboxorte3\n| name = Belgaard-Anwesen\n| bild = Tw3 bw belgaard manor.jpg\n| bildgröße = 310px\n| art = Gebäude\n| erweiterung = bw\n| lage = [[Belgaard-Weingut]], [[Caroberta-Wald]]\n| region = [[Toussaint]]\n| waffenschmied = Waffenschmied (Belgaard-Anwesen)\n}}\n\n== Quests ==\n* [[Weinfehden: Deus in Machina]]\n* [[Weinfehden: Belgaard]]\n* [[Weinfehden: Coronata]]\n* [[Weinfehden: Vermentino]]\n\n==Siehe auch==\n* [[Belgaard-Weingut]]\n\n== Notizen ==\n* Bug v1.21: Die Waffenschmied-Markierung wird beim Belgaard-Anwesen angezeigt, aber der NPC ist nicht dort. Dies passiert, wenn du den Waffenschmied nach der Rettung als [[Person(en) in Not|Person in Not]] nicht direkt nach Belgaard begleitest, sondern zurückbleibst, um beispielsweise die Ruinen weiter zu erkunden.\n\n[[en:Belgaard Manor]]\n[[fr:Manoir Belgaard]]\n[[it:Maniero di Belgaard]]\n[[pl:Posiadłość Belgaard]]'}}}]}]}}"
Belgaard-Weingut,"{{Infoboxorte3
| name = Belgaard-Weingut
| bild = tw3_baw_belgaard_vineyard.jpg
| art = [[:Kategorie:Weingüter|Weingut]]
| erweiterung = bw
| lage = [[Caroberta-Wald]], nordwestlich von [[Francollarts]]
| region = [[Toussaint]]
| schnellreisen = y
}}__NOTOC__
{{schnellreisen}}

== Kartenbeschreibung ==
:''Der ehemalige Besitzer des Weinguts fiel einem Kredithai zum Opfer und verschuldete sich. Der Kredithai schickte ihm Banditen, um die Schulden einzutreiben. Als denen klar wurde, dass es kein Geld zum Eintreiben gab, ermordeten sie den Mann und alle anderen Bewohner des Anwesens. Und als wäre das nicht Schandtat genug, machten sie das Weingut zu ihrem Basislager und überfielen von dort aus Weintransporte für ihre wilden Sauforgien. Sie waren so wild und so gut ausgerüstet, dass niemand sie besiegen konnte - bis eines Tages ein tapferer Alchemist einen Weintransport durch das berüchtigte Gebiet mit einer hohen Dosis Rizinus versetzte.''

== Gegenstände ==
* In einem kleinen Haus, gleich nördlich vom Weingut: [[Rezept: Transmutator für Mutagen - Rot in Grün]], [[Heimwerkerenzyklopädie#The Witcher 3: Wild Hunt|Heimwerkerenzyklopädie]]. 

==Siehe auch==
* [[Belgaard-Anwesen]]

== Galerie ==
<gallery widths=""250px"">
tw3_baw_belgaard_vineyard_(1).jpg|Blick auf das Weingut von Nordwesten.
tw3_baw_belgaard_vineyard_(2).jpg|Haus nördlich des Weinguts, mit ein paar interessanten Gegenständen.
</gallery>

[[en:Belgaard Vineyard]]
[[fr:Vignoble Belgaard]]
[[it:Vigneto di Belgaard]]
[[pl:Winnica Belgaard]]
[[ru:Бельгаард]]","{'batchcomplete': True, 'query': {'pages': [{'pageid': 40726, 'ns': 0, 'title': 'Belgaard-Weingut', 'revisions': [{'slots': {'main': {'contentmodel': 'wikitext', 'contentformat': 'text/x-wiki', 'content': '{{Infoboxorte3\n| name = Belgaard-Weingut\n| bild = tw3_baw_belgaard_vineyard.jpg\n| art = [[:Kategorie:Weingüter|Weingut]]\n| erweiterung = bw\n| lage = [[Caroberta-Wald]], nordwestlich von [[Francollarts]]\n| region = [[Toussaint]]\n| schnellreisen = y\n}}__NOTOC__\n{{schnellreisen}}\n\n== Kartenbeschreibung ==\n:\'\'Der ehemalige Besitzer des Weinguts fiel einem Kredithai zum Opfer und verschuldete sich. Der Kredithai schickte ihm Banditen, um die Schulden einzutreiben. Als denen klar wurde, dass es kein Geld zum Eintreiben gab, ermordeten sie den Mann und alle anderen Bewohner des Anwesens. Und als wäre das nicht Schandtat genug, machten sie das Weingut zu ihrem Basislager und überfielen von dort aus Weintransporte für ihre wilden Sauforgien. Sie waren so wild und so gut ausgerüstet, dass niemand sie besiegen konnte - bis eines Tages ein tapferer Alchemist einen Weintransport durch das berüchtigte Gebiet mit einer hohen Dosis Rizinus versetzte.\'\'\n\n== Gegenstände ==\n* In einem kleinen Haus, gleich nördlich vom Weingut: [[Rezept: Transmutator für Mutagen - Rot in Grün]], [[Heimwerkerenzyklopädie#The Witcher 3: Wild Hunt|Heimwerkerenzyklopädie]]. \n\n==Siehe auch==\n* [[Belgaard-Anwesen]]\n\n== Galerie ==\n<gallery widths=""250px"">\ntw3_baw_belgaard_vineyard_(1).jpg|Blick auf das Weingut von Nordwesten.\ntw3_baw_belgaard_vineyard_(2).jpg|Haus nördlich des Weinguts, mit ein paar interessanten Gegenständen.\n</gallery>\n\n[[en:Belgaard Vineyard]]\n[[fr:Vignoble Belgaard]]\n[[it:Vigneto di Belgaard]]\n[[pl:Winnica Belgaard]]\n[[ru:Бельгаард]]'}}}]}]}}"
Benkelheim,"{{Infoboxorte3
| name = Benkelheim
| bild = Tw3-benek-01.png
| beschreibung = 
| art = [[:Kategorie:Dörfer‎|Dorf]]
| lage = Östlich des [[Rückerhof]]s, in Richtung des Sees
| region = [[Velen]]
| schnellreisen = y
}}
 {{schnellreisen}}

== Kartenbeschreibung ==
:''Das kleine Dorf verdankt seinen Namen seinem Gründer, der hier die größte Windmühle erbaute, die das Land je sah, und so alle Dorfbewohner mit Arbeit versorgte.''

== Persönlichkeiten ==
* [[Alter Wissender]]
* [[Flüchtling (Benkelheim)|Flüchtling]]

== Quests ==
* [[Gwint: Spieler in Velen]]
* [[Die Wahrheit steht in den Sternen]]
* [[Auftrag: Phantom der Handelsroute]]

[[en:Benek]]
[[es:Benkelham]]
[[fr:Benkelham]]
[[it:Benkelham]]
[[pl:Wieś Benek]]
[[pt-br:Benkelham]]
[[ru:Село Беньковое]]","{'batchcomplete': True, 'query': {'pages': [{'pageid': 40729, 'ns': 0, 'title': 'Benkelheim', 'revisions': [{'slots': {'main': {'contentmodel': 'wikitext', 'contentformat': 'text/x-wiki', 'content': ""{{Infoboxorte3\n| name = Benkelheim\n| bild = Tw3-benek-01.png\n| beschreibung = \n| art = [[:Kategorie:Dörfer\u200e|Dorf]]\n| lage = Östlich des [[Rückerhof]]s, in Richtung des Sees\n| region = [[Velen]]\n| schnellreisen = y\n}}\n {{schnellreisen}}\n\n== Kartenbeschreibung ==\n:''Das kleine Dorf verdankt seinen Namen seinem Gründer, der hier die größte Windmühle erbaute, die das Land je sah, und so alle Dorfbewohner mit Arbeit versorgte.''\n\n== Persönlichkeiten ==\n* [[Alter Wissender]]\n* [[Flüchtling (Benkelheim)|Flüchtling]]\n\n== Quests ==\n* [[Gwint: Spieler in Velen]]\n* [[Die Wahrheit steht in den Sternen]]\n* [[Auftrag: Phantom der Handelsroute]]\n\n[[en:Benek]]\n[[es:Benkelham]]\n[[fr:Benkelham]]\n[[it:Benkelham]]\n[[pl:Wieś Benek]]\n[[pt-br:Benkelham]]\n[[ru:Село Беньковое]]""}}}]}]}}"
Berg_von_Kaer_Trolde,"{{Infoboxorte3
| name = Berg von Kaer Trolde
| bild = tw3_kaer_trolde_nountain.jpg
| bildgröße = 295px
| beschreibung = Berg von Kaer Trolde
| art = [[:Kategorie:Gebirge|Berg]]
| lage = Nördlich der [[Festung Kaer Trolde]], [[Ard Skellig]]
| region = [[Skellige]]
}}

Geralt muss einen Wettlauf gegen Cerys zum Gipfel des Berges bestreiten, wo der Gewinner [[Hjalmar]]s Axt aus einem Baumstumpf ziehen darf.

== Quests ==
* [[Der König ist tot - lang lebe der König!]] - ein optionales Wettrennen zum Berggipfel.

== Video ==
{{#ev:youtube|oAfIj47pSJM|480}}

[[Kategorie:Gebirge]]

[[en:Kaer Trolde mountain]]
[[fr:Pic de Kaer Trolde]]
[[it:Montagna di Kaer Trolde]]
[[pl:Góra Kaer Trolde]]","{'batchcomplete': True, 'query': {'normalized': [{'fromencoded': False, 'from': 'Berg_von_Kaer_Trolde', 'to': 'Berg von Kaer Trolde'}], 'pages': [{'pageid': 41089, 'ns': 0, 'title': 'Berg von Kaer Trolde', 'revisions': [{'slots': {'main': {'contentmodel': 'wikitext', 'contentformat': 'text/x-wiki', 'content': '{{Infoboxorte3\n| name = Berg von Kaer Trolde\n| bild = tw3_kaer_trolde_nountain.jpg\n| bildgröße = 295px\n| beschreibung = Berg von Kaer Trolde\n| art = [[:Kategorie:Gebirge|Berg]]\n| lage = Nördlich der [[Festung Kaer Trolde]], [[Ard Skellig]]\n| region = [[Skellige]]\n}}\n\nGeralt muss einen Wettlauf gegen Cerys zum Gipfel des Berges bestreiten, wo der Gewinner [[Hjalmar]]s Axt aus einem Baumstumpf ziehen darf.\n\n== Quests ==\n* [[Der König ist tot - lang lebe der König!]] - ein optionales Wettrennen zum Berggipfel.\n\n== Video ==\n{{#ev:youtube|oAfIj47pSJM|480}}\n\n[[Kategorie:Gebirge]]\n\n[[en:Kaer Trolde mountain]]\n[[fr:Pic de Kaer Trolde]]\n[[it:Montagna di Kaer Trolde]]\n[[pl:Góra Kaer Trolde]]'}}}]}]}}"
Bibliothek_(Kaer_Morhen),"[[Datei:Places_Library.png|300px|right|Bibliothek]]
Auf den ersten Blick vermittelt die '''Bibliothek''' von [[Kaer Morhen]] mit ihren unzähligen Schriftrollen und Büchern den Eindruck, dass hier unendlich viel Wissen verborgen ist. Leider wurde dieses einmal begonnene Vorhaben nie vollendet. Einige Flaschen Wasser sind stumme Indizien, dass hier einmal viel gearbeitet wurde. Auch wenn [[Vesemir]] es gern anders darstellt, reges Treiben der Wissensuchenden spielt sich hier nicht mehr ab.

Die Bibliothek befindet sich im ersten Stock an der nördlichen Seite des Hauptganges. Sie gehört zweifellos noch zu den wenigen hübscheren Räumen auf der [[Hexer]]-Festung.

[[Kategorie:The Witcher Orte]]
[[Kategorie:The Witcher Prolog]]
[[Kategorie:The Witcher 3 Orte]]

[[cs:Knihovna]]
[[en:Library (Kaer Morhen)]]
[[fr:Bibliothèque]]
[[pl:Biblioteka]]","{'batchcomplete': True, 'query': {'normalized': [{'fromencoded': False, 'from': 'Bibliothek_(Kaer_Morhen)', 'to': 'Bibliothek (Kaer Morhen)'}], 'pages': [{'pageid': 2766, 'ns': 0, 'title': 'Bibliothek (Kaer Morhen)', 'revisions': [{'slots': {'main': {'contentmodel': 'wikitext', 'contentformat': 'text/x-wiki', 'content': ""[[Datei:Places_Library.png|300px|right|Bibliothek]]\nAuf den ersten Blick vermittelt die '''Bibliothek''' von [[Kaer Morhen]] mit ihren unzähligen Schriftrollen und Büchern den Eindruck, dass hier unendlich viel Wissen verborgen ist. Leider wurde dieses einmal begonnene Vorhaben nie vollendet. Einige Flaschen Wasser sind stumme Indizien, dass hier einmal viel gearbeitet wurde. Auch wenn [[Vesemir]] es gern anders darstellt, reges Treiben der Wissensuchenden spielt sich hier nicht mehr ab.\n\nDie Bibliothek befindet sich im ersten Stock an der nördlichen Seite des Hauptganges. Sie gehört zweifellos noch zu den wenigen hübscheren Räumen auf der [[Hexer]]-Festung.\n\n[[Kategorie:The Witcher Orte]]\n[[Kategorie:The Witcher Prolog]]\n[[Kategorie:The Witcher 3 Orte]]\n\n[[cs:Knihovna]]\n[[en:Library (Kaer Morhen)]]\n[[fr:Bibliothèque]]\n[[pl:Biblioteka]]""}}}]}]}}"
Blandare,"__NOTOC__
{{Infoboxorte3
| name = Blandare
| bild = tw3_blandare.jpg
| art = Dorf
| lage = [[Ard Skellig]]
| region = [[Skellige]]
| schnellreisen = y
| anschlagbrett = y
| laden = Kaufmann (Blandare)
}}
 {{schnellreisen}}
'''Blandare''' ist ein Dorf auf der Insel [[Ard Skellig]].

== Kartenbeschreibung ==
:''Blandare befindet sich - für Skellige sehr ungewöhnlich - im Inland, weit entfernt von der Küste. Die Einwohner schlagen sich mit Bergbau und Schafzucht durch.''

== Persönlichkeiten ==
* [[Djenge Frett]], ein [[Kopfgeldjäger (Plural)|Kopfgeldjäger]]
* [[Gjarr]]

== Quests ==
* [[Auftrag: Vermisste Bergleute]]
* [[Praktikum in fortgeschrittener Alchemie]]
* [[Die traurige Geschichte der Großbart-Brüder]]

== Video ==
{{#ev:youtube|BgJUL3nN4iI|480}}

[[en:Blandare]]
[[fr:Blandare]]
[[it:Blandare]]
[[pl:Wieś Blandare]]
[[pt-br:Blandare]]
[[ru:Деревня Бландаре]]","{'batchcomplete': True, 'query': {'pages': [{'pageid': 40735, 'ns': 0, 'title': 'Blandare', 'revisions': [{'slots': {'main': {'contentmodel': 'wikitext', 'contentformat': 'text/x-wiki', 'content': ""__NOTOC__\n{{Infoboxorte3\n| name = Blandare\n| bild = tw3_blandare.jpg\n| art = Dorf\n| lage = [[Ard Skellig]]\n| region = [[Skellige]]\n| schnellreisen = y\n| anschlagbrett = y\n| laden = Kaufmann (Blandare)\n}}\n {{schnellreisen}}\n'''Blandare''' ist ein Dorf auf der Insel [[Ard Skellig]].\n\n== Kartenbeschreibung ==\n:''Blandare befindet sich - für Skellige sehr ungewöhnlich - im Inland, weit entfernt von der Küste. Die Einwohner schlagen sich mit Bergbau und Schafzucht durch.''\n\n== Persönlichkeiten ==\n* [[Djenge Frett]], ein [[Kopfgeldjäger (Plural)|Kopfgeldjäger]]\n* [[Gjarr]]\n\n== Quests ==\n* [[Auftrag: Vermisste Bergleute]]\n* [[Praktikum in fortgeschrittener Alchemie]]\n* [[Die traurige Geschichte der Großbart-Brüder]]\n\n== Video ==\n{{#ev:youtube|BgJUL3nN4iI|480}}\n\n[[en:Blandare]]\n[[fr:Blandare]]\n[[it:Blandare]]\n[[pl:Wieś Blandare]]\n[[pt-br:Blandare]]\n[[ru:Деревня Бландаре]]""}}}]}]}}"
Blessure-Wald,"{{stub}}
{{Infoboxorte3
| name = Blessure-Wald
| bild = blessure_forest_in_the_morning.jpg
| art = [[:Kategorie:Wälder|Wald]]
| lage = [[Champs Désolés]]
| region = [[Toussaint]]
| erweiterung = bw
}}

== Interessante Orte ==
* TBA

<gallery>
Tw3 baw - champs-desoles - blessure forest 1.png|Die Champs-Désolés Subregion (1)
Tw3 baw - champs-desoles - blessure forest 2.png|Die Champs-Désolés Sub-region (2)
</gallery>

[[Kategorie:Wälder]]

[[en:Blessure Forest]]
[[fr:Bois de Blessure]]
[[it:Foresta di Blessure]]
[[pl:Puszcza Blessure]]
[[ru:Лес Блессюр]]","{'batchcomplete': True, 'query': {'pages': [{'pageid': 40738, 'ns': 0, 'title': 'Blessure-Wald', 'revisions': [{'slots': {'main': {'contentmodel': 'wikitext', 'contentformat': 'text/x-wiki', 'content': '{{stub}}\n{{Infoboxorte3\n| name = Blessure-Wald\n| bild = blessure_forest_in_the_morning.jpg\n| art = [[:Kategorie:Wälder|Wald]]\n| lage = [[Champs Désolés]]\n| region = [[Toussaint]]\n| erweiterung = bw\n}}\n\n== Interessante Orte ==\n* TBA\n\n<gallery>\nTw3 baw - champs-desoles - blessure forest 1.png|Die Champs-Désolés Subregion (1)\nTw3 baw - champs-desoles - blessure forest 2.png|Die Champs-Désolés Sub-region (2)\n</gallery>\n\n[[Kategorie:Wälder]]\n\n[[en:Blessure Forest]]\n[[fr:Bois de Blessure]]\n[[it:Foresta di Blessure]]\n[[pl:Puszcza Blessure]]\n[[ru:Лес Блессюр]]'}}}]}]}}"
Blutgrube,"{{Infoboxorte3
| name = Blutgrube
| bild = tw3_bloodrot_pit_entrance.jpg
| beschreibung = 
| type = Höhle
| lage = Östliche Sturmfelder
| region = [[Sturmfelder]]
| erweiterung = hos
}}
{{Versteckter Schatz}}{{Höhleneingang}}

Die '''Blutgrube''' ist eine Höhle in den Wäldern zwischen [[Château Sarrasin]] und dem [[Alter Garten|Alten Garten]], im Nordosten der [[Sturmfelder]]. Sie wird von [[Arachnomorph]]en bewohnt.

== Quests ==
* [[Pfui Spinne!]]
* [[Verzauberung: Qualität hat ihren Preis]]

[[en:Bloodrot Pit]]
[[fr:Fosse de Gangresang]]
[[it:Fossa del Sangue Marcio]]
[[pl:Jadowy Wykrot]]
[[ru:Ядоватый вылом]]","{'batchcomplete': True, 'query': {'pages': [{'pageid': 40741, 'ns': 0, 'title': 'Blutgrube', 'revisions': [{'slots': {'main': {'contentmodel': 'wikitext', 'contentformat': 'text/x-wiki', 'content': ""{{Infoboxorte3\n| name = Blutgrube\n| bild = tw3_bloodrot_pit_entrance.jpg\n| beschreibung = \n| type = Höhle\n| lage = Östliche Sturmfelder\n| region = [[Sturmfelder]]\n| erweiterung = hos\n}}\n{{Versteckter Schatz}}{{Höhleneingang}}\n\nDie '''Blutgrube''' ist eine Höhle in den Wäldern zwischen [[Château Sarrasin]] und dem [[Alter Garten|Alten Garten]], im Nordosten der [[Sturmfelder]]. Sie wird von [[Arachnomorph]]en bewohnt.\n\n== Quests ==\n* [[Pfui Spinne!]]\n* [[Verzauberung: Qualität hat ihren Preis]]\n\n[[en:Bloodrot Pit]]\n[[fr:Fosse de Gangresang]]\n[[it:Fossa del Sangue Marcio]]\n[[pl:Jadowy Wykrot]]\n[[ru:Ядоватый вылом]]""}}}]}]}}"
Boettcherhang,Error: 'revisions',
Bogendorf,"{{stub}}
{{Infoboxorte3
| name = Bogendorf
| bild = tw3_bowdon.jpg
| beschreibung = 
| art = Dorf
| lage = Nördlich von [[Yantra]]
| region = [[Sturmfelder]]
| erweiterung = hos
| schnellreisen = y
}}
{{schnellreisen}}

'''Bogendorf''' ist eine Siedlung im Norden der [[Einsame Hütte|Einsamen Hütte]] und nordöstlich von [[Yantra]] im nordöstlichen Novigrad.

== Kartenbeschreibung ==
:''Bogendorf wurde aufgrund einer Verfügung von König Heribert dem Streitsüchtigen gegründet. Leider war der König sturzbetrunken, als er gebeten wurde, auf der Karte einen Ort für die neue Siedlung zu markieren, und ließ seinen Finger mitten in einen Sumpf fallen. Diejenigen, die sich dort ansiedeln mussten, verließen diesen unangenehmen Ort schon bald wieder, und ihre Behausungen wurden zum Unterschlupf für Vagabunden und Banditen.''

== Quests ==
* [[Rose auf einem roten Feld]]

[[en:Bowdon]]
[[fr:Mont-l'Arceau]]
[[it:Bowdon]]
[[pl:Łukowiec]]
[[ru:Деревня Луковец]]","{'batchcomplete': True, 'query': {'pages': [{'pageid': 40750, 'ns': 0, 'title': 'Bogendorf', 'revisions': [{'slots': {'main': {'contentmodel': 'wikitext', 'contentformat': 'text/x-wiki', 'content': ""{{stub}}\n{{Infoboxorte3\n| name = Bogendorf\n| bild = tw3_bowdon.jpg\n| beschreibung = \n| art = Dorf\n| lage = Nördlich von [[Yantra]]\n| region = [[Sturmfelder]]\n| erweiterung = hos\n| schnellreisen = y\n}}\n{{schnellreisen}}\n\n'''Bogendorf''' ist eine Siedlung im Norden der [[Einsame Hütte|Einsamen Hütte]] und nordöstlich von [[Yantra]] im nordöstlichen Novigrad.\n\n== Kartenbeschreibung ==\n:''Bogendorf wurde aufgrund einer Verfügung von König Heribert dem Streitsüchtigen gegründet. Leider war der König sturzbetrunken, als er gebeten wurde, auf der Karte einen Ort für die neue Siedlung zu markieren, und ließ seinen Finger mitten in einen Sumpf fallen. Diejenigen, die sich dort ansiedeln mussten, verließen diesen unangenehmen Ort schon bald wieder, und ihre Behausungen wurden zum Unterschlupf für Vagabunden und Banditen.''\n\n== Quests ==\n* [[Rose auf einem roten Feld]]\n\n[[en:Bowdon]]\n[[fr:Mont-l'Arceau]]\n[[it:Bowdon]]\n[[pl:Łukowiec]]\n[[ru:Деревня Луковец]]""}}}]}]}}"
Boxholm,"{{Infoboxorte3
| name     = Boxholm
| bild = tw3_boxholm.jpg
| beschriftung =
| art = [[:Kategorie:Städte|Dorf]]
| lage = Am Fluss entlang südöstlich von [[Fayrlund]] auf [[Ard Skellig]]
| region   = [[Skellige]]
| schnellreisen = j
}}
{{schnellreisen}}
'''Boxholm''' ist ein verlassenes, zerstörtes Dorf zwischen [[Rannvaig]] und [[Fyresdal]] mitten auf der Insel [[Ard Skellig]]. Es unterstand einst der Burg [[Kaer Nyssen]], die ebenfalls schon zur Ruine verfallen ist.

== Kartenbeschreibung ==
:''Boxholm war einst ein blühendes Dorf, das der nahen Festung Kaer Nyssen unterstand. Heute ist vom alten Glanz nicht mehr übrig als ein paar Steinhaufen, Trümmer und verblassende Erinnerungen.''

== Quests ==
* [[Auftrag: Der vermisste Sohn]]
* [[Erbschaft]]
* [[Schatzsuche: Schemas zur Verbesserung der Greifenschulenausrüstung - Teil 4]]
* [[Schatzsuche: Schemas zur Verbesserung der Wolfsschulenausrüstung - Teil 6]]

[[en:Boxholm]]
[[fr:Bolthorn]]
[[it:Boxholm]]
[[pl:Wieś Boxholm]]
[[ru:Деревня Боксхольм]]","{'batchcomplete': True, 'query': {'pages': [{'pageid': 33618, 'ns': 0, 'title': 'Boxholm', 'revisions': [{'slots': {'main': {'contentmodel': 'wikitext', 'contentformat': 'text/x-wiki', 'content': ""{{Infoboxorte3\n| name     = Boxholm\n| bild = tw3_boxholm.jpg\n| beschriftung =\n| art = [[:Kategorie:Städte|Dorf]]\n| lage = Am Fluss entlang südöstlich von [[Fayrlund]] auf [[Ard Skellig]]\n| region   = [[Skellige]]\n| schnellreisen = j\n}}\n{{schnellreisen}}\n'''Boxholm''' ist ein verlassenes, zerstörtes Dorf zwischen [[Rannvaig]] und [[Fyresdal]] mitten auf der Insel [[Ard Skellig]]. Es unterstand einst der Burg [[Kaer Nyssen]], die ebenfalls schon zur Ruine verfallen ist.\n\n== Kartenbeschreibung ==\n:''Boxholm war einst ein blühendes Dorf, das der nahen Festung Kaer Nyssen unterstand. Heute ist vom alten Glanz nicht mehr übrig als ein paar Steinhaufen, Trümmer und verblassende Erinnerungen.''\n\n== Quests ==\n* [[Auftrag: Der vermisste Sohn]]\n* [[Erbschaft]]\n* [[Schatzsuche: Schemas zur Verbesserung der Greifenschulenausrüstung - Teil 4]]\n* [[Schatzsuche: Schemas zur Verbesserung der Wolfsschulenausrüstung - Teil\xa06]]\n\n[[en:Boxholm]]\n[[fr:Bolthorn]]\n[[it:Boxholm]]\n[[pl:Wieś Boxholm]]\n[[ru:Деревня Боксхольм]]""}}}]}]}}"
Brennerei,"{{Infoboxorte3
| name = Brennerei
| bild = tw3_distillery.jpg
| beschreibung =
| art = Schnellreisepunkt
| lage = Südöstlich auf [[Ard Skellig]]
| region = [[Skellige]]
| schnellreisen = y
}}
{{schnellreisen}} {{Höhleneingang}}

Die '''Brennerei''' befindet sich nahe der Südostküste von [[Ard Skellig]], zwischen der [[Verfallene Taverne|Verfallenen Taverne]] und der [[Grotte (Ard Skellig)|Grotte]], an der sich Geralt mit [[Djenge Frett]] trifft.

== Kartenbeschreibung ==
:''Der Schleier des Geheimnisses umgibt diesen Ort. Man weiß nur, dass hier der beste Schnaps von Skellige gebrannt wird.''

== Quests ==
* [[Praktikum in fortgeschrittener Alchemie]]

[[en:Distillery]]
[[fr:Distillerie]]
[[it:Distilleria]]
[[pl:Destylarnia]]
[[ru:Винокурня]]","{'batchcomplete': True, 'query': {'pages': [{'pageid': 40837, 'ns': 0, 'title': 'Brennerei', 'revisions': [{'slots': {'main': {'contentmodel': 'wikitext', 'contentformat': 'text/x-wiki', 'content': ""{{Infoboxorte3\n| name = Brennerei\n| bild = tw3_distillery.jpg\n| beschreibung =\n| art = Schnellreisepunkt\n| lage = Südöstlich auf [[Ard Skellig]]\n| region = [[Skellige]]\n| schnellreisen = y\n}}\n{{schnellreisen}} {{Höhleneingang}}\n\nDie '''Brennerei''' befindet sich nahe der Südostküste von [[Ard Skellig]], zwischen der [[Verfallene Taverne|Verfallenen Taverne]] und der [[Grotte (Ard Skellig)|Grotte]], an der sich Geralt mit [[Djenge Frett]] trifft.\n\n== Kartenbeschreibung ==\n:''Der Schleier des Geheimnisses umgibt diesen Ort. Man weiß nur, dass hier der beste Schnaps von Skellige gebrannt wird.''\n\n== Quests ==\n* [[Praktikum in fortgeschrittener Alchemie]]\n\n[[en:Distillery]]\n[[fr:Distillerie]]\n[[it:Distilleria]]\n[[pl:Destylarnia]]\n[[ru:Винокурня]]""}}}]}]}}"
Brunwich,"{{Infoboxorte3
| name = Brunwich
| bild = tw3_brunwich.jpg
| beschreibung = 
| art = Dorf
| lage = Westufer des [[Müllersee]]s
| region = [[Sturmfelder]]
| erweiterung = hos
}}
 {{schnellreisen}}

'''Brunwich''' ist ein kleines Dorf im Osten der Sturmfelder-Region.

== Kartenbeschreibung ==
:''Die pittoreske Schönheit dieses kleinen Dorfes macht es zum Gegenstand der Aufmerksamkeit von Barden und Poeten. Das bekannteste in Brunwich angesiedelte Literaturstück ist ""Die Verlobung"", eine Farce von Stanislas Islas. Das so gewonnene Ansehen hat das Dorf für die Oxenfurter Boheme interessant gemacht, die hier in den Sommermonaten Zuflucht sucht. Sie vertreibt sich hier die Zeit mit Wettbewerben um den am schönsten gefiederten Hut oder nächtlichen Jagden nach einem goldenen Horn in den umliegenden Wäldern.''

== Quests ==
* [[Die verfluchte Kapelle]]
* [[Die Sause des toten Mannes]]
* [[Eine klare Mitternacht]]

== Bemerkenswerte Gegenstände ==
* Während der Hochzeit kann Geralt die [[Eselsohren]] ""gewinnen"", wenn er beim Kartenspiel verliert.
* [[Krone des Königs der Schweinehirten]]
* [[Kappe des Feuerschluckers]]

== Anschlagtafel ==
* [[Dieb! Räuber!]]
* [[Gebetsdienste in Brunwich]]
* [[Gebr. Gomes - Zimmermänner]]
* [[Kesselflicker. Beste Preise.]]
* [[Warnung! Vagabunden!]]
* [[Vorsicht vor den Rittern in Rot!]]
* [[Meister Topical, stets zu Diensten!]]

== Notizen ==
[[Datei:Brunwich inn Rydlowka Manor comparison.jpg|thumb|Vergleich des Brunwich Gasthofes und des Rydlówka Anwesens]]
=== Realer Hintergrund ===
Das Dorf und eine darin stattfindende Hochzeit bilden das große [[The Witcher 3 Easter Eggs|Easter Egg]], welches sich auf das polnische Drama ''[[Wikipedia:Stanisław Wyspiański#Wesele|Wesele (die Hochzeit)]]'' aus dem Jahre 1901 von [[Wikipedia:Stanisław Wyspiański|Stanisław Wyspiański]] bezieht, das seinerseits auf der realen Hochzeit von Wyspiańskis Freund [[Wikipedia:Lucjan Rydel|Lucjan Rydel]], Mitglied der polnischen ''[[Wikipedia:Intelligenzija|Inteligencja]]'', mit Jadwiga Mikołajczykówna, einer Tochter gewöhnlicher Bauern basiert. Sowohl die reale Hochzeit als auch die Premiere des Theaterstücks stellten wichtige kulturelle Events im [[Wikipedia:Krakau|Krakau]] des frühen 20. Jahrhunderts dar.

Die Gemeinsamkeiten:
==== Dorf ====
* Realität: Die Hochzeit von Lucjan und Jadwiga fand in [[Wikipedia:pl:Bronowice Małe|Bronowice Małe]], einem Dorf nahe Krakau (heutzutage ein Stadtteil davon) statt. Seit der Vermählung von [[Wikipedia:Włodzimierz Tetmajer|Włodzimierz Tetmajer]], Maler und polnischer Unabhängigkeitsaktivist, mit Anna Mikołajczykówna (der Schwester von Jadwiga) im Jahre 1890 galt es als populärer Ort für Treffen der jungen Mitglieder der Krakauer Künstlergesellschaft. Włodzimierz' Anwesen, später bekannt als Rydlówka Anwesen ([[Wikipedia:RRegionalne Muzeum Młodej Polski „Rydlówka”|heutzutage ein Museum]]), war der Ort, an dem zehn Jahre später die Hochzeit gefeiert wurde. Das Dorf gewann sogar noch an Popularität nach der Premiere des Dramas ''Die Hochzeit''.
* Witcherverse: Beide Namen des Dorfes in der Spielversion, Brunwich and Bronovitz (in der polnischen Edition), ähneln dem Original Bronowice. Brunwich/Bronovitz ist ebenso ein Ort der Erholung für Gelehrte aus Oxenfurt wie Bronowice es für die Krakauer Gelehrten war, und Stanislas Islas' ''Die Verlobung'' nimmt eindeutig Bezug auf Stanisław Wyspiańskis ''Die Hochzeit''.<ref>Der Name 'Stanislas' ist die französische Version des polnischen 'Stanisław', während das polnische Wort 'wyspy' (der Ursprung des Nachnamens 'Wyspiański') und das spanische 'islas' im Deutschen 'Inseln' bedeuten.</ref>

==== Übernatürliche Phänomene ====
* Im Drama ""Die Hochzeit"": S. Wyspiański präsentierte einige Begegnungen mit paranormalen Wesen (wie dem dämonischen [[Wikipedia:pl:Chochoł (postać fantastyczna)|Chochoł]]) und Geistern von Menschen, die sich - entweder positiv oder negativ - in der Geschichte Polens ([[Wikipedia:Stańczyk (Hofnarr)|Stańczyk]], der Hofnarr; [[Wikipedia:Franciszek Ksawery Branicki|Franciszek Ksawery Branicki]], Großhetman der Krone; [[Wikipedia:Zawisza Czarny|Zawisza der Schwarze]], berühmter polnischer Ritter; [[Wikipedia:Wernyhora|Wernyhora]], der ukrainische Wahrsager) oder im privaten Leben der Hochzeitsteilnehmer (Maler [[Wikipedia:Ludwik de Laveaux|Ludwik de Laveaux]]) ausgezeichnet hatten.
* Im Spiel: Übernatürliche Wesen sind [[Vlodimir von Everec]] und [[Gaunter o'Dim]].



== Verweise ==
<references/>
[[en:Brunwich]]
[[fr:Brunwich]]
[[it:Brunwich]]
[[pl:Bronovitz]]
[[pt-br:Brunwich]]
[[ru:Деревня Броновицы]]","{'batchcomplete': True, 'query': {'pages': [{'pageid': 40756, 'ns': 0, 'title': 'Brunwich', 'revisions': [{'slots': {'main': {'contentmodel': 'wikitext', 'contentformat': 'text/x-wiki', 'content': '{{Infoboxorte3\n| name = Brunwich\n| bild = tw3_brunwich.jpg\n| beschreibung = \n| art = Dorf\n| lage = Westufer des [[Müllersee]]s\n| region = [[Sturmfelder]]\n| erweiterung = hos\n}}\n {{schnellreisen}}\n\n\'\'\'Brunwich\'\'\' ist ein kleines Dorf im Osten der Sturmfelder-Region.\n\n== Kartenbeschreibung ==\n:\'\'Die pittoreske Schönheit dieses kleinen Dorfes macht es zum Gegenstand der Aufmerksamkeit von Barden und Poeten. Das bekannteste in Brunwich angesiedelte Literaturstück ist ""Die Verlobung"", eine Farce von Stanislas Islas. Das so gewonnene Ansehen hat das Dorf für die Oxenfurter Boheme interessant gemacht, die hier in den Sommermonaten Zuflucht sucht. Sie vertreibt sich hier die Zeit mit Wettbewerben um den am schönsten gefiederten Hut oder nächtlichen Jagden nach einem goldenen Horn in den umliegenden Wäldern.\'\'\n\n== Quests ==\n* [[Die verfluchte Kapelle]]\n* [[Die Sause des toten Mannes]]\n* [[Eine klare Mitternacht]]\n\n== Bemerkenswerte Gegenstände ==\n* Während der Hochzeit kann Geralt die [[Eselsohren]] ""gewinnen"", wenn er beim Kartenspiel verliert.\n* [[Krone des Königs der Schweinehirten]]\n* [[Kappe des Feuerschluckers]]\n\n== Anschlagtafel ==\n* [[Dieb! Räuber!]]\n* [[Gebetsdienste in Brunwich]]\n* [[Gebr. Gomes - Zimmermänner]]\n* [[Kesselflicker. Beste Preise.]]\n* [[Warnung! Vagabunden!]]\n* [[Vorsicht vor den Rittern in Rot!]]\n* [[Meister Topical, stets zu Diensten!]]\n\n== Notizen ==\n[[Datei:Brunwich inn Rydlowka Manor comparison.jpg|thumb|Vergleich des Brunwich Gasthofes und des Rydlówka Anwesens]]\n=== Realer Hintergrund ===\nDas Dorf und eine darin stattfindende Hochzeit bilden das große [[The Witcher 3 Easter Eggs|Easter Egg]], welches sich auf das polnische Drama \'\'[[Wikipedia:Stanisław Wyspiański#Wesele|Wesele (die Hochzeit)]]\'\' aus dem Jahre 1901 von [[Wikipedia:Stanisław Wyspiański|Stanisław Wyspiański]] bezieht, das seinerseits auf der realen Hochzeit von Wyspiańskis Freund [[Wikipedia:Lucjan Rydel|Lucjan Rydel]], Mitglied der polnischen \'\'[[Wikipedia:Intelligenzija|Inteligencja]]\'\', mit Jadwiga Mikołajczykówna, einer Tochter gewöhnlicher Bauern basiert. Sowohl die reale Hochzeit als auch die Premiere des Theaterstücks stellten wichtige kulturelle Events im [[Wikipedia:Krakau|Krakau]] des frühen 20. Jahrhunderts dar.\n\nDie Gemeinsamkeiten:\n==== Dorf ====\n* Realität: Die Hochzeit von Lucjan und Jadwiga fand in [[Wikipedia:pl:Bronowice Małe|Bronowice Małe]], einem Dorf nahe Krakau (heutzutage ein Stadtteil davon) statt. Seit der Vermählung von [[Wikipedia:Włodzimierz Tetmajer|Włodzimierz Tetmajer]], Maler und polnischer Unabhängigkeitsaktivist, mit Anna Mikołajczykówna (der Schwester von Jadwiga) im Jahre 1890 galt es als populärer Ort für Treffen der jungen Mitglieder der Krakauer Künstlergesellschaft. Włodzimierz\' Anwesen, später bekannt als Rydlówka Anwesen ([[Wikipedia:RRegionalne Muzeum Młodej Polski „Rydlówka”|heutzutage ein Museum]]), war der Ort, an dem zehn Jahre später die Hochzeit gefeiert wurde. Das Dorf gewann sogar noch an Popularität nach der Premiere des Dramas \'\'Die Hochzeit\'\'.\n* Witcherverse: Beide Namen des Dorfes in der Spielversion, Brunwich and Bronovitz (in der polnischen Edition), ähneln dem Original Bronowice. Brunwich/Bronovitz ist ebenso ein Ort der Erholung für Gelehrte aus Oxenfurt wie Bronowice es für die Krakauer Gelehrten war, und Stanislas Islas\' \'\'Die Verlobung\'\' nimmt eindeutig Bezug auf Stanisław Wyspiańskis \'\'Die Hochzeit\'\'.<ref>Der Name \'Stanislas\' ist die französische Version des polnischen \'Stanisław\', während das polnische Wort \'wyspy\' (der Ursprung des Nachnamens \'Wyspiański\') und das spanische \'islas\' im Deutschen \'Inseln\' bedeuten.</ref>\n\n==== Übernatürliche Phänomene ====\n* Im Drama ""Die Hochzeit"": S. Wyspiański präsentierte einige Begegnungen mit paranormalen Wesen (wie dem dämonischen [[Wikipedia:pl:Chochoł (postać fantastyczna)|Chochoł]]) und Geistern von Menschen, die sich - entweder positiv oder negativ - in der Geschichte Polens ([[Wikipedia:Stańczyk (Hofnarr)|Stańczyk]], der Hofnarr; [[Wikipedia:Franciszek Ksawery Branicki|Franciszek Ksawery Branicki]], Großhetman der Krone; [[Wikipedia:Zawisza Czarny|Zawisza der Schwarze]], berühmter polnischer Ritter; [[Wikipedia:Wernyhora|Wernyhora]], der ukrainische Wahrsager) oder im privaten Leben der Hochzeitsteilnehmer (Maler [[Wikipedia:Ludwik de Laveaux|Ludwik de Laveaux]]) ausgezeichnet hatten.\n* Im Spiel: Übernatürliche Wesen sind [[Vlodimir von Everec]] und [[Gaunter o\'Dim]].\n\n\n\n== Verweise ==\n<references/>\n[[en:Brunwich]]\n[[fr:Brunwich]]\n[[it:Brunwich]]\n[[pl:Bronovitz]]\n[[pt-br:Brunwich]]\n[[ru:Деревня Броновицы]]'}}}]}]}}"
Bucht_der_Winde,"{{Infoboxorte3
| name = Bucht der Winde
| bild = tw3_bay_of_winds.jpg
| bildgröße = 
| beschreibung = 
| karte = 
| aka = 
| art = [[:Kategorie:Dörfer|Siedlung]]
| stufe = 
| lage = Südwestküste von [[An Skellig]]
| region = [[Skellige]]
| einwohner =
| schnellreisen = j
| lager = 
| anschlagbrett =
| wetzstein =
| werkbank =
| signalfeuer =
| boot =
}}'''Die Bucht der Winde''' ist ein geschützt gelegener Strandabschnitt im Südwesten der Insel [[An Skellig]] im Computerspiel ''{{tw3}}''. Eine einsame Fischerhütte sowie ein [[Schnellreisen|Schnellreisepunkt]] befinden sich dort.

== Kartenbeschreibung ==
:''Vor drei Generationen war diese Bucht ein beliebter Versammlungsort für die Jugend vor Ort. Doch eines Abends brach ein fürchterlicher Sturm herein. Das Meer überrollte den Strand und zog einige der fröhlichen Gäste hinaus ins nasse Grab.''

==Kreaturen==
* [[Ertrunkener#The Witcher 3: Wild Hunt|Ertrunkene]]

[[Kategorie:Dörfer]]

[[en:Bay of Winds]]
[[fr:Baie des vents]]
[[it:Baia dei Venti]]
[[pl:Zatoka wiatrów]]
[[ru:Залив ветров]]","{'batchcomplete': True, 'query': {'normalized': [{'fromencoded': False, 'from': 'Bucht_der_Winde', 'to': 'Bucht der Winde'}], 'pages': [{'pageid': 33670, 'ns': 0, 'title': 'Bucht der Winde', 'revisions': [{'slots': {'main': {'contentmodel': 'wikitext', 'contentformat': 'text/x-wiki', 'content': ""{{Infoboxorte3\n| name = Bucht der Winde\n| bild = tw3_bay_of_winds.jpg\n| bildgröße = \n| beschreibung = \n| karte = \n| aka = \n| art = [[:Kategorie:Dörfer|Siedlung]]\n| stufe = \n| lage = Südwestküste von [[An Skellig]]\n| region = [[Skellige]]\n| einwohner =\n| schnellreisen = j\n| lager = \n| anschlagbrett =\n| wetzstein =\n| werkbank =\n| signalfeuer =\n| boot =\n}}'''Die Bucht der Winde''' ist ein geschützt gelegener Strandabschnitt im Südwesten der Insel [[An Skellig]] im Computerspiel ''{{tw3}}''. Eine einsame Fischerhütte sowie ein [[Schnellreisen|Schnellreisepunkt]] befinden sich dort.\n\n== Kartenbeschreibung ==\n:''Vor drei Generationen war diese Bucht ein beliebter Versammlungsort für die Jugend vor Ort. Doch eines Abends brach ein fürchterlicher Sturm herein. Das Meer überrollte den Strand und zog einige der fröhlichen Gäste hinaus ins nasse Grab.''\n\n==Kreaturen==\n* [[Ertrunkener#The Witcher 3: Wild Hunt|Ertrunkene]]\n\n[[Kategorie:Dörfer]]\n\n[[en:Bay of Winds]]\n[[fr:Baie des vents]]\n[[it:Baia dei Venti]]\n[[pl:Zatoka wiatrów]]\n[[ru:Залив ветров]]""}}}]}]}}"
Buckelsumpf,"{{Infoboxorte3
| name         = Buckelsumpf
| bild         = tw3_geralt_in_crookback_bog.jpg
| bildgröße    =
| beschreibung = 
| erweiterung  = 
| aka = 
| art          = [[:Kategorie:Regionen|Region]]
| stufe        = 
| lage         = östlich des [[Sturmsee]]s
| region       = [[Velen]]
| schnellreisen = j
| boot = 
| ortdermacht = 
|}}
Der '''Buckelsumpf''' ist ein großes Torfmoor in [[Velen]] im Computerspiel ''[[The Witcher 3: Wild Hunt]]''. Es gibt dort viele [[#Schnellreisepunkte|Schnellreisepunkte]].

{{Kurzes Zitat|Ein weitläufiges Sumpfgebiet, das die Menschen nicht zu betreten wagen. Der Buckelsumpf beherbergt viele unterschiedliche Monster, darunter auch einige, deren Namen die Menschen noch nie ausgesprochen haben.|Aus: ""The Witcher 3""}}

In den Buckelsumpf führt u.a. der ""[[Süßer Pfad|Süße Pfad]]"". Auf ihm gelangt man zu einem kleinen [[Waisendorf im Buckelsumpf|Dorf]] - Eltern, die ihre Familie nicht mehr ernähren können, setzen ihre Kinder oft auf diesem Pfad aus.

== Bekannte Bewohner ==
* [[Muhmen]]
* [[Oma]]
* [[Hansi]], der [[Göttling]]
* [[Leslav]]
* [[Waisen#Waisen vom Buckelsumpf|Waisenkinder]]

== Schnellreisepunkte ==
* [[Alte Eiche]]
* [[Niederwirr]]
* [[Waisendorf im Buckelsumpf]]
* [[Turmruine eines Adligen]]

== Quests ==
* [[Auftrag: Das Ding aus dem Sumpf]]
* [[Familienangelegenheiten]]
** [[Rückkehr in den Buckelsumpf]]
* [[In Ciris Fußstapfen]]
* [[Herrinnen des Waldes (Quest)|Herrinnen des Waldes]]

[[Kategorie:Regionen]]

[[ar:المستنقع الأحدب]]
[[en:Crookback Bog]]
[[fr:Marais de Torséchine]]
[[it:Palude del Gobbo]]
[[pl:Krzywuchowe Moczary]]
[[pt-br:Pântano Retorcido]]
[[tr:Kambur Batağı]]
[[ru:Кривоуховы топи]]","{'batchcomplete': True, 'query': {'pages': [{'pageid': 32324, 'ns': 0, 'title': 'Buckelsumpf', 'revisions': [{'slots': {'main': {'contentmodel': 'wikitext', 'contentformat': 'text/x-wiki', 'content': '{{Infoboxorte3\n| name         = Buckelsumpf\n| bild         = tw3_geralt_in_crookback_bog.jpg\n| bildgröße    =\n| beschreibung = \n| erweiterung  = \n| aka = \n| art          = [[:Kategorie:Regionen|Region]]\n| stufe        = \n| lage         = östlich des [[Sturmsee]]s\n| region       = [[Velen]]\n| schnellreisen = j\n| boot = \n| ortdermacht = \n|}}\nDer \'\'\'Buckelsumpf\'\'\' ist ein großes Torfmoor in [[Velen]] im Computerspiel \'\'[[The Witcher 3: Wild Hunt]]\'\'. Es gibt dort viele [[#Schnellreisepunkte|Schnellreisepunkte]].\n\n{{Kurzes Zitat|Ein weitläufiges Sumpfgebiet, das die Menschen nicht zu betreten wagen. Der Buckelsumpf beherbergt viele unterschiedliche Monster, darunter auch einige, deren Namen die Menschen noch nie ausgesprochen haben.|Aus: ""The Witcher 3""}}\n\nIn den Buckelsumpf führt u.a. der ""[[Süßer Pfad|Süße Pfad]]"". Auf ihm gelangt man zu einem kleinen [[Waisendorf im Buckelsumpf|Dorf]] - Eltern, die ihre Familie nicht mehr ernähren können, setzen ihre Kinder oft auf diesem Pfad aus.\n\n== Bekannte Bewohner ==\n* [[Muhmen]]\n* [[Oma]]\n* [[Hansi]], der [[Göttling]]\n* [[Leslav]]\n* [[Waisen#Waisen vom Buckelsumpf|Waisenkinder]]\n\n== Schnellreisepunkte ==\n* [[Alte Eiche]]\n* [[Niederwirr]]\n* [[Waisendorf im Buckelsumpf]]\n* [[Turmruine eines Adligen]]\n\n== Quests ==\n* [[Auftrag: Das Ding aus dem Sumpf]]\n* [[Familienangelegenheiten]]\n** [[Rückkehr in den Buckelsumpf]]\n* [[In Ciris Fußstapfen]]\n* [[Herrinnen des Waldes (Quest)|Herrinnen des Waldes]]\n\n[[Kategorie:Regionen]]\n\n[[ar:المستنقع الأحدب]]\n[[en:Crookback Bog]]\n[[fr:Marais de Torséchine]]\n[[it:Palude del Gobbo]]\n[[pl:Krzywuchowe Moczary]]\n[[pt-br:Pântano Retorcido]]\n[[tr:Kambur Batağı]]\n[[ru:Кривоуховы топи]]'}}}]}]}}"
Buero_des_Prokurators_von_Toussaint,Error: 'revisions',
Burg_Drahim,"{{Infoboxorte3
| name = Burg Drahim
| bild = tw3_drahim_castle.jpg
| beschriftung =
| art = [[:Kategorie:Festungen|Burgruine]]
| lage = Südwestlich der [[Die Gänsemöse|Gänsemöse]]
| region = [[Grashügel]] ([[Novigrad]])
| schnellreisen = j
}}
{{schnellreisen}}

'''Burg Drahim''' ist ein Ort mit einem Schnellreisepunkt in der Region [[Novigrad]]. Es war der Sitz der redanischen Dynastie Moskovitz von den Seewölfen, deren letzter Spross Prinz Adrien auf dieser Burg Selbstmord beging.

Neben dem [[Prinz Adriens Tagebuch|Tagebuch]] des letzten Prinzen können ein [[Schema: Katzenstahlschwert|Schema]] für ein [[Katzenstahlschwert]] gefunden werden sowie ein [[Rezept: Rubedo|Rezept]] für [[Rubedo#The Witcher 3: Wild Hunt|Rubedo]], des Weiteren einige Manuskritseiten für verschiedene [[The Witcher 3 Tränke|Absude]] (''random drop'').

== Kartenbeschreibung ==
:''In ihren besten Tagen war diese Burg das Zuhause der redanischen Dynastie Moskovitz von den Seewölfen, die Kunstmäzenen und Bewunderer der Elfenkultur waren. Nach dem Selbstmord Prinz Adriens, des letzten Mitglieds der Dynastie, ging die Burg in den Besitz der redanischen Krone über und begann zu verfallen.''

== Quests ==
* [[Auftrag: Die Weiße Dame]]
* [[Schatzsuche: Katzenschulenausrüstung]]

[[Kategorie:Festungen]]

[[en:Drahim Castle]]
[[fr:Castel Drahim]]
[[it:Castello Drahim]]
[[pl:Zamek Drahim]]
[[ru:Замок Драхим]]","{'batchcomplete': True, 'query': {'normalized': [{'fromencoded': False, 'from': 'Burg_Drahim', 'to': 'Burg Drahim'}], 'pages': [{'pageid': 32093, 'ns': 0, 'title': 'Burg Drahim', 'revisions': [{'slots': {'main': {'contentmodel': 'wikitext', 'contentformat': 'text/x-wiki', 'content': ""{{Infoboxorte3\n| name = Burg Drahim\n| bild = tw3_drahim_castle.jpg\n| beschriftung =\n| art = [[:Kategorie:Festungen|Burgruine]]\n| lage = Südwestlich der [[Die Gänsemöse|Gänsemöse]]\n| region = [[Grashügel]] ([[Novigrad]])\n| schnellreisen = j\n}}\n{{schnellreisen}}\n\n'''Burg Drahim''' ist ein Ort mit einem Schnellreisepunkt in der Region [[Novigrad]]. Es war der Sitz der redanischen Dynastie Moskovitz von den Seewölfen, deren letzter Spross Prinz Adrien auf dieser Burg Selbstmord beging.\n\nNeben dem [[Prinz Adriens Tagebuch|Tagebuch]] des letzten Prinzen können ein [[Schema: Katzenstahlschwert|Schema]] für ein [[Katzenstahlschwert]] gefunden werden sowie ein [[Rezept: Rubedo|Rezept]] für [[Rubedo#The Witcher 3: Wild Hunt|Rubedo]], des Weiteren einige Manuskritseiten für verschiedene [[The Witcher 3 Tränke|Absude]] (''random drop'').\n\n== Kartenbeschreibung ==\n:''In ihren besten Tagen war diese Burg das Zuhause der redanischen Dynastie Moskovitz von den Seewölfen, die Kunstmäzenen und Bewunderer der Elfenkultur waren. Nach dem Selbstmord Prinz Adriens, des letzten Mitglieds der Dynastie, ging die Burg in den Besitz der redanischen Krone über und begann zu verfallen.''\n\n== Quests ==\n* [[Auftrag: Die Weiße Dame]]\n* [[Schatzsuche: Katzenschulenausrüstung]]\n\n[[Kategorie:Festungen]]\n\n[[en:Drahim Castle]]\n[[fr:Castel Drahim]]\n[[it:Castello Drahim]]\n[[pl:Zamek Drahim]]\n[[ru:Замок Драхим]]""}}}]}]}}"
Burg_Dun_Tynne,"{{Infoboxortebuch
| name         = Burg Dun Tynne
| bild         = tw3_bw_dun_tynne_castle.jpg
| beschriftung = Die Burg in ""Blood and Wine""
| size         =
| bild2        = 
| beschriftung2= 
| size2        =
| bild3        = 
| beschriftung3= 
| size3        =
| aka          = 
| art          = [[:Kategorie:Festungen|Burg]]
| lage         = im [[Blessure]]-Tal
| vorkommen    = 
Bücher:
* [[Die Dame vom See]]
Computerspiele:
* [[Blood and Wine]]
| vorkommenklein=j
}}
[[Datei:Icon Ruins.png|45px|link=Städte und Festungen|alte Burg]]

Die '''Burg Dun Tynne''' ist eine Ruine im Tal der [[Blessure]], gelegen zwischen den Dörfern [[Fuchstal]] und [[Pomerol]].

Die Burg wird im Roman ""[[Die Dame vom See]]"" genannt und ist ein Handlungschauplatz in der Erweiterung ''[[Blood and Wine]]'' des Computerspiels ''[[The Witcher 3: Wild Hunt]]''.

==In den Büchern==
Nach [[Alcides Fierabras]] diente die Burg<ref>In der originalen polnischen Version bezeichnet [[Alcides Fierabras]] Dun Tynne als ""burg"" - das allgemeine [[Wikipedia:Germanische Sprachen|germanische]] Wort für ""Schloss"", ""Festung"" oder ""befestigte Stadt"". Da [[Andrzej Sapkowski]] die Benutzung typischer polnischer Ausdrücke wie ""zamek"" oder ""gród"" bevorzugt, könnte ""burg"" im Original ein regional bezogenes Wort sein, das nur in bestimmten Dialekten vorkommt.</ref> damals als Sitz des Herren [[Waltharius]], den sie Starkhand nannten, der seine untreue Ehefrau, ihren Liebhaber, ihre Mutter, ihre Schwester und ihren Bruder ermordete, sich danach hinsetzte und aus unerklärlichen Gründen weinte.{{refkurz|DS|Kap. 4}}
{{clear}}
=={{tw3}}==
{{Infoboxorte3
| name = Burg Dun Tynne
| bild = Dun_Tynne_Plan.jpg
| art = Kartenansicht der Burg in ''Blood and Wine''
| lage = [[Dun Tynne]]
| region = [[Toussaint]]
| schnellreisen = y
| erweiterung = bw
}}
In der Erweiterung ''[[Blood and Wine]]'' des Computerspiels ''The Witcher 3: Wild Hunt'' ist die Burg in der Region [[Dun Tynne]] gelegen.

=== Quests ===
* [[Burgeroberung]]

=== Kartenbeschreibung ===
:''Um diese Burg rankt sich die düstere Legende von Waltharius de Burly, dem strahlenden Ritter, der Hiltgunt freite, die schöne Prinzessin aus Nazair. Waltharius brach zu einer langen Mission auf, und als er zurückkehrte, fand er seine Frau in fleischlicher Vereinigung mit einem anderen vor. Er geriet in solche Wut, dass er beide erschlug. Die Moral von der Geschicht': Aus Nazair kommt Gutes nicht, und ist dir deine Frau nicht schnurz, halt die Reisen lieber kurz.''

== Notizen ==
* Die Geschichte von Waltharius ist ein Hinweis auf die polnische ""[[Wikipedia:pl:Legenda o Helgundzie i Walgierzu Wdałym|Legende von Helgunda und Walther dem Starken]]"".

== Verweise ==
<references />

[[Kategorie:Festungen]]
[[Kategorie:Romane Orte]]

[[en:Dun Tynne Castle]]
[[fr:Château de Dun Tynne]]
[[it:Castello di Dun Tynne]]
[[pl:Kasztel Dun Tynne]]
[[ru:Дун Тынне]]","{'batchcomplete': True, 'query': {'normalized': [{'fromencoded': False, 'from': 'Burg_Dun_Tynne', 'to': 'Burg Dun Tynne'}], 'pages': [{'pageid': 40885, 'ns': 0, 'title': 'Burg Dun Tynne', 'revisions': [{'slots': {'main': {'contentmodel': 'wikitext', 'contentformat': 'text/x-wiki', 'content': '{{Infoboxortebuch\n| name         = Burg Dun Tynne\n| bild         = tw3_bw_dun_tynne_castle.jpg\n| beschriftung = Die Burg in ""Blood and Wine""\n| size         =\n| bild2        = \n| beschriftung2= \n| size2        =\n| bild3        = \n| beschriftung3= \n| size3        =\n| aka          = \n| art          = [[:Kategorie:Festungen|Burg]]\n| lage         = im [[Blessure]]-Tal\n| vorkommen    = \nBücher:\n* [[Die Dame vom See]]\nComputerspiele:\n* [[Blood and Wine]]\n| vorkommenklein=j\n}}\n[[Datei:Icon Ruins.png|45px|link=Städte und Festungen|alte Burg]]\n\nDie \'\'\'Burg Dun Tynne\'\'\' ist eine Ruine im Tal der [[Blessure]], gelegen zwischen den Dörfern [[Fuchstal]] und [[Pomerol]].\n\nDie Burg wird im Roman ""[[Die Dame vom See]]"" genannt und ist ein Handlungschauplatz in der Erweiterung \'\'[[Blood and Wine]]\'\' des Computerspiels \'\'[[The Witcher 3: Wild Hunt]]\'\'.\n\n==In den Büchern==\nNach [[Alcides Fierabras]] diente die Burg<ref>In der originalen polnischen Version bezeichnet [[Alcides Fierabras]] Dun Tynne als ""burg"" - das allgemeine [[Wikipedia:Germanische Sprachen|germanische]] Wort für ""Schloss"", ""Festung"" oder ""befestigte Stadt"". Da [[Andrzej Sapkowski]] die Benutzung typischer polnischer Ausdrücke wie ""zamek"" oder ""gród"" bevorzugt, könnte ""burg"" im Original ein regional bezogenes Wort sein, das nur in bestimmten Dialekten vorkommt.</ref> damals als Sitz des Herren [[Waltharius]], den sie Starkhand nannten, der seine untreue Ehefrau, ihren Liebhaber, ihre Mutter, ihre Schwester und ihren Bruder ermordete, sich danach hinsetzte und aus unerklärlichen Gründen weinte.{{refkurz|DS|Kap. 4}}\n{{clear}}\n=={{tw3}}==\n{{Infoboxorte3\n| name = Burg Dun Tynne\n| bild = Dun_Tynne_Plan.jpg\n| art = Kartenansicht der Burg in \'\'Blood and Wine\'\'\n| lage = [[Dun Tynne]]\n| region = [[Toussaint]]\n| schnellreisen = y\n| erweiterung = bw\n}}\nIn der Erweiterung \'\'[[Blood and Wine]]\'\' des Computerspiels \'\'The Witcher 3: Wild Hunt\'\' ist die Burg in der Region [[Dun Tynne]] gelegen.\n\n=== Quests ===\n* [[Burgeroberung]]\n\n=== Kartenbeschreibung ===\n:\'\'Um diese Burg rankt sich die düstere Legende von Waltharius de Burly, dem strahlenden Ritter, der Hiltgunt freite, die schöne Prinzessin aus Nazair. Waltharius brach zu einer langen Mission auf, und als er zurückkehrte, fand er seine Frau in fleischlicher Vereinigung mit einem anderen vor. Er geriet in solche Wut, dass er beide erschlug. Die Moral von der Geschicht\': Aus Nazair kommt Gutes nicht, und ist dir deine Frau nicht schnurz, halt die Reisen lieber kurz.\'\'\n\n== Notizen ==\n* Die Geschichte von Waltharius ist ein Hinweis auf die polnische ""[[Wikipedia:pl:Legenda o Helgundzie i Walgierzu Wdałym|Legende von Helgunda und Walther dem Starken]]"".\n\n== Verweise ==\n<references />\n\n[[Kategorie:Festungen]]\n[[Kategorie:Romane Orte]]\n\n[[en:Dun Tynne Castle]]\n[[fr:Château de Dun Tynne]]\n[[it:Castello di Dun Tynne]]\n[[pl:Kasztel Dun Tynne]]\n[[ru:Дун Тынне]]'}}}]}]}}"
Burg_Mont_Crane,"{{Infoboxorte3
| name = Burg Mont Crane
| bild = Tw3_bw_mont_crane_castle.jpg
| art = [[:Kategorie:Festungen|Festung]]
| lage = Nordöstlich des [[Ardaiso-Steinbruch]]s
| region = [[Champs Désolés]]
| schnellreisen = j
| wetzstein = j
| signalfeuer = j
| rüstungsschmied = Rüstungsschmied (Burg Mont Crane)
| erweiterung = baw
}}__NOTOC__
{{schnellreisen}} {{Hanse-Basis}}

'''Burg Mont Crane''' ist anfangs eine Hanse-Basis unter Führung von [[Filibert Vierfinger]], bis Geralt die Hanse zerschlägt. Ein [[Rüstungsschmied (Burg Mont Crane)|Rüstungsschmied]] wird nach der Befreiung der Burg verfügbar.

== Quest ==
* [[Ritter zu Diensten]]
* [[Schatzsuche: Großmeister-Greifenschulenausrüstung]]

== Kartenbeschreibung ==
:''Herzog Zapfbart der Zecher war, wie sein Name nahelegt, nicht gerade ein Abstinenzler. Seine feucht-fröhlichen Ausschweifungen sind aus dem Legendenkanon Toussaints nicht wegzudenken. Vielleicht war es Zapfbarts Dauerrausch, der ihn veranlasste, das Herzogtum mit einer Reihe von Burgen zu umstellen, um es vor den barbarischen Hochländern von der Gorgo zu schützen. Allerdings hat niemals jemand von solchen Leuten gehört.''

== Gegenstände ==
* Am höchsten Punkt der Burg in einer kleinen Truhe:
** [[Tagebuch, in abgegriffenes Leder gebunden]] 
** [[Schema: Toussaint-Ritterstiefel]], [[Schema: Toussaint-Ritterhose]].
** [[Rezept: Färbemittel für weiße Rüstung]] (falls nicht schon gekauft oder gefunden)
* Weitere Beute von Notizen beinhaltet:
** [[Rezept: Transmutator für kleines Mutagen - Grün in Blau]] (falls nicht schon gekauft oder gefunden)
* Hinter der illusionären Wand im Innenhof:
** [[Moreaus Tagebuch]]
** [[Rezept: Färbemittel für rosa Rüstung]] (falls nicht schon gekauft oder gefunden)
** [[Rezept: Transmutator für kleines Mutagen - Rot in Blau]] (falls nicht schon gekauft oder gefunden)
** [[Rezept: Transmutator für großes Mutagen - Rot in Grün‎]] (falls nicht schon gekauft oder gefunden)
* Der nordwestliche Teil der Burg kann über ein Loch in der Wand im 2. Stock erreicht werden und enthält ebenfalls einige Beute.
* [[Energiekristall]]

== Galerie ==
<gallery widths=""250px"">
tw3_baw_mont_crane_castle.jpg|die Burg in der Abenddämmerung
</gallery>

[[Kategorie:Festungen]]

[[en:Mont Crane Castle]]
[[fr:Château du mont de la Grue]]
[[it:Castello di Monte Gru]]
[[pl:Zamek Mont Crane]]
[[pt-br:Castelo do Monte da Garça]]
[[ru:Замок Монкран]]","{'batchcomplete': True, 'query': {'normalized': [{'fromencoded': False, 'from': 'Burg_Mont_Crane', 'to': 'Burg Mont Crane'}], 'pages': [{'pageid': 41218, 'ns': 0, 'title': 'Burg Mont Crane', 'revisions': [{'slots': {'main': {'contentmodel': 'wikitext', 'contentformat': 'text/x-wiki', 'content': '{{Infoboxorte3\n| name = Burg Mont Crane\n| bild = Tw3_bw_mont_crane_castle.jpg\n| art = [[:Kategorie:Festungen|Festung]]\n| lage = Nordöstlich des [[Ardaiso-Steinbruch]]s\n| region = [[Champs Désolés]]\n| schnellreisen = j\n| wetzstein = j\n| signalfeuer = j\n| rüstungsschmied = Rüstungsschmied (Burg Mont Crane)\n| erweiterung = baw\n}}__NOTOC__\n{{schnellreisen}} {{Hanse-Basis}}\n\n\'\'\'Burg Mont Crane\'\'\' ist anfangs eine Hanse-Basis unter Führung von [[Filibert Vierfinger]], bis Geralt die Hanse zerschlägt. Ein [[Rüstungsschmied (Burg Mont Crane)|Rüstungsschmied]] wird nach der Befreiung der Burg verfügbar.\n\n== Quest ==\n* [[Ritter zu Diensten]]\n* [[Schatzsuche: Großmeister-Greifenschulenausrüstung]]\n\n== Kartenbeschreibung ==\n:\'\'Herzog Zapfbart der Zecher war, wie sein Name nahelegt, nicht gerade ein Abstinenzler. Seine feucht-fröhlichen Ausschweifungen sind aus dem Legendenkanon Toussaints nicht wegzudenken. Vielleicht war es Zapfbarts Dauerrausch, der ihn veranlasste, das Herzogtum mit einer Reihe von Burgen zu umstellen, um es vor den barbarischen Hochländern von der Gorgo zu schützen. Allerdings hat niemals jemand von solchen Leuten gehört.\'\'\n\n== Gegenstände ==\n* Am höchsten Punkt der Burg in einer kleinen Truhe:\n** [[Tagebuch, in abgegriffenes Leder gebunden]] \n** [[Schema: Toussaint-Ritterstiefel]], [[Schema: Toussaint-Ritterhose]].\n** [[Rezept: Färbemittel für weiße Rüstung]] (falls nicht schon gekauft oder gefunden)\n* Weitere Beute von Notizen beinhaltet:\n** [[Rezept: Transmutator für kleines Mutagen - Grün in Blau]] (falls nicht schon gekauft oder gefunden)\n* Hinter der illusionären Wand im Innenhof:\n** [[Moreaus Tagebuch]]\n** [[Rezept: Färbemittel für rosa Rüstung]] (falls nicht schon gekauft oder gefunden)\n** [[Rezept: Transmutator für kleines Mutagen - Rot in Blau]] (falls nicht schon gekauft oder gefunden)\n** [[Rezept: Transmutator für großes Mutagen - Rot in Grün\u200e]] (falls nicht schon gekauft oder gefunden)\n* Der nordwestliche Teil der Burg kann über ein Loch in der Wand im 2. Stock erreicht werden und enthält ebenfalls einige Beute.\n* [[Energiekristall]]\n\n== Galerie ==\n<gallery widths=""250px"">\ntw3_baw_mont_crane_castle.jpg|die Burg in der Abenddämmerung\n</gallery>\n\n[[Kategorie:Festungen]]\n\n[[en:Mont Crane Castle]]\n[[fr:Château du mont de la Grue]]\n[[it:Castello di Monte Gru]]\n[[pl:Zamek Mont Crane]]\n[[pt-br:Castelo do Monte da Garça]]\n[[ru:Замок Монкран]]'}}}]}]}}"
Burg_Tuirseach,"{{Infoboxorte3
| name = Burg Tuirseach
| bild = tw3_castle_tuirseach.jpg
| art = [[:Kategorie:Festungen|Festung]]
| lage = Nordküste von [[An Skellig]]
| region     = [[Skellige]]
}}

'''Burg Tuirseach''' ist eine zur Ruine verfallene Burg auf [[An Skellig]], die einst der Stammsitz des [[Clan Tuirseach]] war. Sie wurde an den Hängen des [[Yngvars Zahn|Aardeklove]] errichtet; ein steiler Pfad, [[Pfad zu Yngvars Zahn]] genannt, führt vom [[Hafen von Urialla]] dort hinauf.

Die Ruine der Burg Tuirseach ist ein Ort in ''[[The Witcher 3: Wild Hunt]]''.

== Quests ==
* [[Schatzsuche: Bärenschulenausrüstung]]

==Randnotizen==
* Es ist anzunehmen, dass die Burg in einem Krieg zerstört wurde, bei dem auch der Hexer [[Gerd (Hexer)|Gerd]] ums Leben kam. Die [[Ballade von Torgeir dem Roten]] sowie Dialogzeilen weisen darauf hin:
{{Dialog|Sprecher1|Und unter den Männern von [[Torgeir Tuirseach|Torgeir dem Roten]] war sogar ... ein Krieger vom Festland!|Sprecher2|Oh! Wirklich?|Sprecher1|Das solltet ihr mir glauben. Er hieß Gerd. Im Kampf war er schneller als ein Schneeleopard!<br>Die Axt interessierte ihn nicht, er köpfte seine Gegner mit zwei Schwertern.||Er ist bei Burg Tuirseach gefallen, als die Schwarzen An Skellig überrannten.|attr= Aus {{tw3}}.}}

[[Kategorie: Festungen]]

[[en:Castle Tuirseach]]
[[fr:Castel Tuirseach]]
[[it:Castello dei Tuirseach]]
[[pl:Zamek Tuirseach]]","{'batchcomplete': True, 'query': {'normalized': [{'fromencoded': False, 'from': 'Burg_Tuirseach', 'to': 'Burg Tuirseach'}], 'pages': [{'pageid': 32202, 'ns': 0, 'title': 'Burg Tuirseach', 'revisions': [{'slots': {'main': {'contentmodel': 'wikitext', 'contentformat': 'text/x-wiki', 'content': ""{{Infoboxorte3\n| name = Burg Tuirseach\n| bild = tw3_castle_tuirseach.jpg\n| art = [[:Kategorie:Festungen|Festung]]\n| lage = Nordküste von [[An Skellig]]\n| region     = [[Skellige]]\n}}\n\n'''Burg Tuirseach''' ist eine zur Ruine verfallene Burg auf [[An Skellig]], die einst der Stammsitz des [[Clan Tuirseach]] war. Sie wurde an den Hängen des [[Yngvars Zahn|Aardeklove]] errichtet; ein steiler Pfad, [[Pfad zu Yngvars Zahn]] genannt, führt vom [[Hafen von Urialla]] dort hinauf.\n\nDie Ruine der Burg Tuirseach ist ein Ort in ''[[The Witcher 3: Wild Hunt]]''.\n\n== Quests ==\n* [[Schatzsuche: Bärenschulenausrüstung]]\n\n==Randnotizen==\n* Es ist anzunehmen, dass die Burg in einem Krieg zerstört wurde, bei dem auch der Hexer [[Gerd (Hexer)|Gerd]] ums Leben kam. Die [[Ballade von Torgeir dem Roten]] sowie Dialogzeilen weisen darauf hin:\n{{Dialog|Sprecher1|Und unter den Männern von [[Torgeir Tuirseach|Torgeir dem Roten]] war sogar ... ein Krieger vom Festland!|Sprecher2|Oh! Wirklich?|Sprecher1|Das solltet ihr mir glauben. Er hieß Gerd. Im Kampf war er schneller als ein Schneeleopard!<br>Die Axt interessierte ihn nicht, er köpfte seine Gegner mit zwei Schwertern.||Er ist bei Burg Tuirseach gefallen, als die Schwarzen An Skellig überrannten.|attr= Aus {{tw3}}.}}\n\n[[Kategorie: Festungen]]\n\n[[en:Castle Tuirseach]]\n[[fr:Castel Tuirseach]]\n[[it:Castello dei Tuirseach]]\n[[pl:Zamek Tuirseach]]""}}}]}]}}"
Burg_Zuetzer,"{{Infoboxorte3
| name = Burg Zuetzer
| bild = tw3_zuetzer_castle_ruins.jpg
| beschreibung =
| art = [[:Kategorie:Festungen|Burgruine]]
| lage = Östliches Novigrad
| region = [[Sturmfelder]]
| erweiterung = hos
}}
{{schnellreisen}}

'''Burg Zuetzer''' ist eine Burgruine im östlichen Novigrad. Sie liegt am Fluss, entlang der Straße zwischen [[Neue Mühle]] und der [[Kilkerinn-Ruine]].

== Kartenbeschreibung ==
:''Es ist schwierig, sich über Burg Zuetzer zu äußern, ohne den tragischen Tod von [[Anastasia von Bourmann]] zu erwähnen. Der einstmals zu den einflussreichsten Magnaten Redaniens gehörende [[Graf von Bourmann]] zog sich nach dem Verlust seines einzigen Kindes aus der Öffentlichkeit zurück und verließ sein Familienanwesen bis zu seinem Tode nicht mehr. Derzeit ist Burg Zuetzer nur noch eine verfallene Ruine, heimgesucht von einer traurigen Vergangenheit.''

== Quests ==
* [[Das geheime Leben des Grafen Romilly]]

[[en:Zuetzer Castle]]
[[fr:Château Zuetzer]]
[[it:Castello di Zuetzer]]
[[ru:Замок Зютцер]]","{'batchcomplete': True, 'query': {'normalized': [{'fromencoded': False, 'from': 'Burg_Zuetzer', 'to': 'Burg Zuetzer'}], 'pages': [{'pageid': 41599, 'ns': 0, 'title': 'Burg Zuetzer', 'revisions': [{'slots': {'main': {'contentmodel': 'wikitext', 'contentformat': 'text/x-wiki', 'content': ""{{Infoboxorte3\n| name = Burg Zuetzer\n| bild = tw3_zuetzer_castle_ruins.jpg\n| beschreibung =\n| art = [[:Kategorie:Festungen|Burgruine]]\n| lage = Östliches Novigrad\n| region = [[Sturmfelder]]\n| erweiterung = hos\n}}\n{{schnellreisen}}\n\n'''Burg Zuetzer''' ist eine Burgruine im östlichen Novigrad. Sie liegt am Fluss, entlang der Straße zwischen [[Neue Mühle]] und der [[Kilkerinn-Ruine]].\n\n== Kartenbeschreibung ==\n:''Es ist schwierig, sich über Burg Zuetzer zu äußern, ohne den tragischen Tod von [[Anastasia von Bourmann]] zu erwähnen. Der einstmals zu den einflussreichsten Magnaten Redaniens gehörende [[Graf von Bourmann]] zog sich nach dem Verlust seines einzigen Kindes aus der Öffentlichkeit zurück und verließ sein Familienanwesen bis zu seinem Tode nicht mehr. Derzeit ist Burg Zuetzer nur noch eine verfallene Ruine, heimgesucht von einer traurigen Vergangenheit.''\n\n== Quests ==\n* [[Das geheime Leben des Grafen Romilly]]\n\n[[en:Zuetzer Castle]]\n[[fr:Château Zuetzer]]\n[[it:Castello di Zuetzer]]\n[[ru:Замок Зютцер]]""}}}]}]}}"
Caerstuen,"{{Infoboxorte3
| name = Caerstuen
| bild = tw3_carsten.jpg
| beschreibung =
| art = Dorf
| lage = südwestlich vom [[Anwesen der Vegelbuds]]
| region = [[Sturmfelder]]
| schnellreisen = y
}}
 {{schnellreisen}}

'''Caerstuen''' ist eine kleine Ortschaft gleich südwestlich vom [[Anwesen der Vegelbuds]].

Es ist ein Handlungsort in ''{{tw3}}''.

== Kartenbeschreibung ==
:''Dieses Dorf wurde nach einen Bäcker benannt, dessen exquisite Waren ihn berühmt gemacht und ihm das Privileg eines Tafellieferanten des Hierarchen vom Kult des Ewigen Feuers eingebracht haben. Nach seinem Tode war niemand imstande, jene köstlichen, aromatischen Brote nach seinen Rezepten herzustellen, und so ist Caerstuen heute hauptsächlich für seine Haupthandelswaren Getreide und Mehl bekannt.''

== Quests ==
* [[Eine Scheune voll Ärger]]

==Randnotizen==
* Das Dorf trägt den Namen des Bruders von ''[https://forums.cdprojektred.com/forum/en/the-witcher-series/the-witcher-3-wild-hunt/34463-developer-spotlight-miles-tost Miles Tost]'' (engl. Lokalisierung: ''Carsten''), Miles ist Level Designer bei CD Projekt RED. Die Beschreibung der Ortschaft ist eine Anspielung auf ihren Nachnamen, der dem Kastenbrot ''Toast'' ähnelt.[https://forums.cdprojektred.com/forum/en/the-witcher-series/news-aa/9852631-10th-anniversary-of-the-witcher-series-q-a-session-with-developers]. Hierbei handelt es sich also um ein [[The Witcher 3 Easter Eggs|Easter egg]] in ''The Witcher 3''.

[[en:Carsten]]
[[fr:Carsten]]
[[it:Carsten]]
[[pl:Wieś Carsten]]
[[ru:Деревня Карстен]]","{'batchcomplete': True, 'query': {'pages': [{'pageid': 40771, 'ns': 0, 'title': 'Caerstuen', 'revisions': [{'slots': {'main': {'contentmodel': 'wikitext', 'contentformat': 'text/x-wiki', 'content': ""{{Infoboxorte3\n| name = Caerstuen\n| bild = tw3_carsten.jpg\n| beschreibung =\n| art = Dorf\n| lage = südwestlich vom [[Anwesen der Vegelbuds]]\n| region = [[Sturmfelder]]\n| schnellreisen = y\n}}\n {{schnellreisen}}\n\n'''Caerstuen''' ist eine kleine Ortschaft gleich südwestlich vom [[Anwesen der Vegelbuds]].\n\nEs ist ein Handlungsort in ''{{tw3}}''.\n\n== Kartenbeschreibung ==\n:''Dieses Dorf wurde nach einen Bäcker benannt, dessen exquisite Waren ihn berühmt gemacht und ihm das Privileg eines Tafellieferanten des Hierarchen vom Kult des Ewigen Feuers eingebracht haben. Nach seinem Tode war niemand imstande, jene köstlichen, aromatischen Brote nach seinen Rezepten herzustellen, und so ist Caerstuen heute hauptsächlich für seine Haupthandelswaren Getreide und Mehl bekannt.''\n\n== Quests ==\n* [[Eine Scheune voll Ärger]]\n\n==Randnotizen==\n* Das Dorf trägt den Namen des Bruders von ''[https://forums.cdprojektred.com/forum/en/the-witcher-series/the-witcher-3-wild-hunt/34463-developer-spotlight-miles-tost Miles Tost]'' (engl. Lokalisierung: ''Carsten''), Miles ist Level Designer bei CD Projekt RED. Die Beschreibung der Ortschaft ist eine Anspielung auf ihren Nachnamen, der dem Kastenbrot ''Toast'' ähnelt.[https://forums.cdprojektred.com/forum/en/the-witcher-series/news-aa/9852631-10th-anniversary-of-the-witcher-series-q-a-session-with-developers]. Hierbei handelt es sich also um ein [[The Witcher 3 Easter Eggs|Easter egg]] in ''The Witcher 3''.\n\n[[en:Carsten]]\n[[fr:Carsten]]\n[[it:Carsten]]\n[[pl:Wieś Carsten]]\n[[ru:Деревня Карстен]]""}}}]}]}}"
Calveit-Wachturm,"{{stub}}
{{Infoboxorte3
| name = Calveit-Wachturm
| bild = Tw3_calveit_watchtower.jpg
| beschreibung = 
| art = [[:Kategorie:Festungen|Festung]]
| laden = Kaufmann (Calveit-Wachturm)
| lage = Südöstlich vom [[Fährhaus]]
| region = [[Velen]]
}}
{{Verlassene Stätte}}
Der '''Calveit-Wachturm''' ist eine kleine Festung in ''[[The Witcher 3: Wild Hunt]]''. Er hat keinen eigenen Schnellreisepunkt und auch keine Beschreibung auf der Karte, ist allerdings als eine [[Verlassene Stätte]] markiert. Er befindet sich gleich südöstlich vom [[Fährhaus]]. Sobald er von Ghulen befreit ist, kehrt das [[Nilfgaard]]ische Militär zurück und ein [[Kaufmann (Calveit-Wachturm)|Kaufmann]] siedelt sich an.

Geralt erhält 120 {{exp}} and 50 {{kronen}} für die Befreiung.

== Karte ==
[[Datei:Tw3 map calveit watchtower.jpg|350px]]

[[en:Calveit Watchtower]]
[[es:Atalaya de Calveit]]
[[fr:Tour de guet de Calveit]]
[[it:Torre Calveit]]
[[pl:Strażnica Calveita]]
[[ru:Сторожевая башня Кальвейта]]","{'batchcomplete': True, 'query': {'pages': [{'pageid': 40768, 'ns': 0, 'title': 'Calveit-Wachturm', 'revisions': [{'slots': {'main': {'contentmodel': 'wikitext', 'contentformat': 'text/x-wiki', 'content': ""{{stub}}\n{{Infoboxorte3\n| name = Calveit-Wachturm\n| bild = Tw3_calveit_watchtower.jpg\n| beschreibung = \n| art = [[:Kategorie:Festungen|Festung]]\n| laden = Kaufmann (Calveit-Wachturm)\n| lage = Südöstlich vom [[Fährhaus]]\n| region = [[Velen]]\n}}\n{{Verlassene Stätte}}\nDer '''Calveit-Wachturm''' ist eine kleine Festung in ''[[The Witcher 3: Wild Hunt]]''. Er hat keinen eigenen Schnellreisepunkt und auch keine Beschreibung auf der Karte, ist allerdings als eine [[Verlassene Stätte]] markiert. Er befindet sich gleich südöstlich vom [[Fährhaus]]. Sobald er von Ghulen befreit ist, kehrt das [[Nilfgaard]]ische Militär zurück und ein [[Kaufmann (Calveit-Wachturm)|Kaufmann]] siedelt sich an.\n\nGeralt erhält 120 {{exp}} and 50 {{kronen}} für die Befreiung.\n\n== Karte ==\n[[Datei:Tw3 map calveit watchtower.jpg|350px]]\n\n[[en:Calveit Watchtower]]\n[[es:Atalaya de Calveit]]\n[[fr:Tour de guet de Calveit]]\n[[it:Torre Calveit]]\n[[pl:Strażnica Calveita]]\n[[ru:Сторожевая башня Кальвейта]]""}}}]}]}}"
Caroberta-Wald,"{{Infoboxorte3
| name = Caroberta-Wald
| bild = Tw3_bw_caroberta_woods.jpg
| bildgröße = <!-- optional, hilft beim Ersetzen von Bildern -->
| beschreibung = 
| karte = 
| aka = 
| art = [[:Kategorie:Wälder|Wald]] / [[:Kategorie:Regionen|Teilregion]]
| stufe = 
| lage = Süd-Toussaint
| region = [[Toussaint]]
| einwohner =
| erweiterung = baw
}}
Der '''Caroberta-Wald''' ist eine größere Region im Herzogtum [[Toussaint]]. Er erstreckt sich südlich der Stadt [[Beauclair]] bis in den Südosten zum Fluss [[Sansretour]].

{{Kurzes Zitat|Der Caroberta-Wald ist nach der Großmutter der regierenden Herzogin von Toussaint benannt, der Herzogin [[Carolina Roberta]], die nichts mehr liebte als ausgefeilte Versteckspiele in diesem Wald. (...)|Aus der Beschreibung des Dorfes [[Francollarts]] in ""The Witcher 3""}}
== Quests ==
{{cols|2|
* [[Das Hunger-Spiel]]
* [[Der unbeständige Gärtner]]
* [[Großwildjäger]]
* [[La Cage au Fou]]
* [[Schatzsuche: Großmeister-Ausrüstung der Mantikor-Schule]]
* [[Schatzsuche: Großmeister-Wolfsschulenausrüstung]]
* [[Tesham Mutna]]
* [[Weinfehden: Belgaard]]
* [[Weinfehden: Coronata]]
* [[Weinfehden: Deus in Machina]]
* [[Weinfehden: Vermentino]]
}}
== Sehenswürdigkeiten ==
{{cols|2|
* [[Belgaard-Anwesen]]
* [[Belgaard-Weingut]]
* [[Dunkelwald]]
** [[Mère-Lachaiselongue-Friedhof]]
* [[Francollarts]] (Dorf)
* [[Gélenser-Hof]]
* [[Hortense-Anwesen]]
* [[Höhle, in der sich Majoran einst aufhielt]]
* [[Ruinen des Termes-Palasts]]
* [[Ruinen des Trastamara-Anwesens]]
* [[Tilly-Feld]]
* [[Trastamara-Jagdhütte]]
* [[Verlassene Böttcherwerkstatt]]
* [[Verlassenes Lagerhaus]]
* [[Zerstörtes Elfenheiligtum]]
}}


{{tw3region}}

[[Kategorie:Wälder]]
[[Kategorie:Regionen]]

[[en:Caroberta Woods]]
[[es:Bosque de Caroberta]]
[[it:Boschi di Caroberta]]
[[ru:Леса Кароберты]]","{'batchcomplete': True, 'query': {'pages': [{'pageid': 33766, 'ns': 0, 'title': 'Caroberta-Wald', 'revisions': [{'slots': {'main': {'contentmodel': 'wikitext', 'contentformat': 'text/x-wiki', 'content': '{{Infoboxorte3\n| name = Caroberta-Wald\n| bild = Tw3_bw_caroberta_woods.jpg\n| bildgröße = <!-- optional, hilft beim Ersetzen von Bildern -->\n| beschreibung = \n| karte = \n| aka = \n| art = [[:Kategorie:Wälder|Wald]] / [[:Kategorie:Regionen|Teilregion]]\n| stufe = \n| lage = Süd-Toussaint\n| region = [[Toussaint]]\n| einwohner =\n| erweiterung = baw\n}}\nDer \'\'\'Caroberta-Wald\'\'\' ist eine größere Region im Herzogtum [[Toussaint]]. Er erstreckt sich südlich der Stadt [[Beauclair]] bis in den Südosten zum Fluss [[Sansretour]].\n\n{{Kurzes Zitat|Der Caroberta-Wald ist nach der Großmutter der regierenden Herzogin von Toussaint benannt, der Herzogin [[Carolina Roberta]], die nichts mehr liebte als ausgefeilte Versteckspiele in diesem Wald. (...)|Aus der Beschreibung des Dorfes [[Francollarts]] in ""The Witcher 3""}}\n== Quests ==\n{{cols|2|\n* [[Das Hunger-Spiel]]\n* [[Der unbeständige Gärtner]]\n* [[Großwildjäger]]\n* [[La Cage au Fou]]\n* [[Schatzsuche: Großmeister-Ausrüstung der Mantikor-Schule]]\n* [[Schatzsuche: Großmeister-Wolfsschulenausrüstung]]\n* [[Tesham Mutna]]\n* [[Weinfehden: Belgaard]]\n* [[Weinfehden: Coronata]]\n* [[Weinfehden: Deus in Machina]]\n* [[Weinfehden: Vermentino]]\n}}\n== Sehenswürdigkeiten ==\n{{cols|2|\n* [[Belgaard-Anwesen]]\n* [[Belgaard-Weingut]]\n* [[Dunkelwald]]\n** [[Mère-Lachaiselongue-Friedhof]]\n* [[Francollarts]] (Dorf)\n* [[Gélenser-Hof]]\n* [[Hortense-Anwesen]]\n* [[Höhle, in der sich Majoran einst aufhielt]]\n* [[Ruinen des Termes-Palasts]]\n* [[Ruinen des Trastamara-Anwesens]]\n* [[Tilly-Feld]]\n* [[Trastamara-Jagdhütte]]\n* [[Verlassene Böttcherwerkstatt]]\n* [[Verlassenes Lagerhaus]]\n* [[Zerstörtes Elfenheiligtum]]\n}}\n\n\n{{tw3region}}\n\n[[Kategorie:Wälder]]\n[[Kategorie:Regionen]]\n\n[[en:Caroberta Woods]]\n[[es:Bosque de Caroberta]]\n[[it:Boschi di Caroberta]]\n[[ru:Леса Кароберты]]'}}}]}]}}"
Casteldaccia,"'''Casteldaccia''' ist eines der weltberühmten Weingüter [[Toussaint]]s.

== {{BaW}} ==
{{Infoboxorte3
| name = Verlassenes Casteldaccia-Anwesen
| bild = tw3_baw_filibert_always_pays_his_debts_(1).jpg
| art = [[:Kategorie:Weingüter|Weingut]]
| erweiterung = bw
| lage = Ost-südöstlich von [[Flovive]].
| region = [[Sansretour-Tal]]
| schnellreisen = y
}}

{{schnellreisen}}{{Versteckter Schatz}}
== Quest ==
* [[Filibert begleicht immer seine Schulden]]

== Kartenbeschreibung ==
:''Maximus Macrinus war ein fahrender Ritter, der für seine Gnadenlosigkeit gegenüber Banditen in Champs Désolés berühmt war. Nach einer langen und ereignisreichen Karriere hängte er sein Schwert über den Kamin des Anwesens seiner Familie und setzte sich zur wohlverdienten Ruhe. Niemand weiß, wie es zum nachfolgenden Mord an seiner ganzen Familie kam. Einige behaupten, ein Riese sei von den Bergen herabgestiegen, andere meinen, Macrinus hätte es sich mit einer der größeren Hansen verscherzt. Fest steht nur, dass heute niemand, der bei Verstand ist, sich in die Nähe von Casteldaccia wagt.''

[[Kategorie:Weingüter]]

[[cs:Casteldaccia]]
[[en:Casteldaccia]]
[[fr:Domaine à l'abandon Casteldaccia]]
[[it:Casteldaccia]]
[[pl:Casteldaccia]]
[[ru:Кастельдаччия]]
[[uk:Кастельдаччія]]","{'batchcomplete': True, 'query': {'pages': [{'pageid': 5213, 'ns': 0, 'title': 'Casteldaccia', 'revisions': [{'slots': {'main': {'contentmodel': 'wikitext', 'contentformat': 'text/x-wiki', 'content': ""'''Casteldaccia''' ist eines der weltberühmten Weingüter [[Toussaint]]s.\n\n== {{BaW}} ==\n{{Infoboxorte3\n| name = Verlassenes Casteldaccia-Anwesen\n| bild = tw3_baw_filibert_always_pays_his_debts_(1).jpg\n| art = [[:Kategorie:Weingüter|Weingut]]\n| erweiterung = bw\n| lage = Ost-südöstlich von [[Flovive]].\n| region = [[Sansretour-Tal]]\n| schnellreisen = y\n}}\n\n{{schnellreisen}}{{Versteckter Schatz}}\n== Quest ==\n* [[Filibert begleicht immer seine Schulden]]\n\n== Kartenbeschreibung ==\n:''Maximus Macrinus war ein fahrender Ritter, der für seine Gnadenlosigkeit gegenüber Banditen in Champs Désolés berühmt war. Nach einer langen und ereignisreichen Karriere hängte er sein Schwert über den Kamin des Anwesens seiner Familie und setzte sich zur wohlverdienten Ruhe. Niemand weiß, wie es zum nachfolgenden Mord an seiner ganzen Familie kam. Einige behaupten, ein Riese sei von den Bergen herabgestiegen, andere meinen, Macrinus hätte es sich mit einer der größeren Hansen verscherzt. Fest steht nur, dass heute niemand, der bei Verstand ist, sich in die Nähe von Casteldaccia wagt.''\n\n[[Kategorie:Weingüter]]\n\n[[cs:Casteldaccia]]\n[[en:Casteldaccia]]\n[[fr:Domaine à l'abandon Casteldaccia]]\n[[it:Casteldaccia]]\n[[pl:Casteldaccia]]\n[[ru:Кастельдаччия]]\n[[uk:Кастельдаччія]]""}}}]}]}}"
Castell_Ravello,"Das '''Castell Ravello''' ist ein bekanntes Weingut in [[Toussaint]], das vor allem berühmt ist für die weiten Weinanbaugebiete. Die erlesenen Weine, die aus dieser Region kommen, sind über die Grenzen hinaus bekannt:

:* [[Est Est]]
:* [[Erveluce]]
:* [[Fiorano]]
:* [[Pomino]]
:* [[Sangreal]] (nur in ''Blood and Wine'')

Einen Tag nach dem [[Saovine]]-Feiertag tötete [[Geralt von Riva|Geralt]] in einem Weinkeller des alten Schlosses ein Ungeheuer, das sich als echte, lebendige Kreatur herausstellte, im Gegensatz zu den dort aufgestellten großen, ausgestopften Exemplaren.

== In [[Blood and Wine]] ==
{{Infoboxorte3
| name = Weingut Castell Ravello
| bild = tw3_baw_castel_ravello_vineyard.jpg
| art = [[:Kategorie:Weingüter|Weingut]]
| erweiterung = baw
| lage = Südöstlich von [[Fuchstal]], [[Sansretour-Tal]]
| region      = [[Toussaint]]
| schnellreisen = j
| anschlagbrett = j
| kräuterhändler = Kräuterfrau (Castell Ravello)
}}
{{schnellreisen}}__NOTOC__

=== Kartenbeschreibung===
:''Kennern zufolge können sich nicht einmal die besten Weine Metinnas und Albas mit den mittelmäßigen Weinen aus dem Sansretour-Tal messen. Unter den zahllosen kleinen und großen örtlichen Weingütern ist Castell Ravello das berühmteste - aus gutem Grund. Von seinen Hängen stammen Pomino, Fiorano, Erveluce und Est Est, die unangefochtenen Könige unter den Weinen.''

=== Anschlagtafel ===
* [[Achtung, Monster!]]
* [[Frauen, behaltet eure Männer im Auge!]]
* [[Reisende, aufgepasst!]]
* [[Vermentino-Wein - leichtes Trinken, das muss sein!]]
* [[Wein oder Pisse?]]

'''Nebenquests:'''
* [[Rittergeschichten]]

=== Interessante Gegenstände ===
* Auf einer Bank im südwestlichen Teil des Hofgartens liegt eine Ausgabe von ""[[Seine Kaiserliche Majestät Emhyr var Emreis]]"".
* Im Laden des Kräuterhändlers gibt es in einer Truhe verschiedene Ausgaben von ""[[Zwischen den Welten#Castel Ravello herbalist's copy|Zwischen den Welten]]"".
* Nordöstlich des Hauptgebäudes, bei der Befestigungsmauer, kann in einem kleinen Haus das [[Rezept: Transmutator für Mutagen - Rot in Blau]] gefunden werden.
* Castel has a metal-grated cellar that is locked (for now).

==Galerie==
<gallery>
Tw3 bw castel ravello vineyard.jpg|Weinberg
Tw3 bw castel ravello estate.jpg|Blick auf das Weingut
</gallery>
[[Kategorie:Festungen]]
[[Kategorie:Weingüter]]
[[Kategorie:Romane Orte]]

[[cs:Castel Ravello]]
[[en:Castel Ravello]]
[[fr:Castel Ravello]]
[[it:Castel Ravello]]
[[pl:Castel Ravello]]
[[ru:Кастель Ровелло]]
[[uk:Кастель-Равелло]]","{'batchcomplete': True, 'query': {'normalized': [{'fromencoded': False, 'from': 'Castell_Ravello', 'to': 'Castell Ravello'}], 'pages': [{'pageid': 4509, 'ns': 0, 'title': 'Castell Ravello', 'revisions': [{'slots': {'main': {'contentmodel': 'wikitext', 'contentformat': 'text/x-wiki', 'content': 'Das \'\'\'Castell Ravello\'\'\' ist ein bekanntes Weingut in [[Toussaint]], das vor allem berühmt ist für die weiten Weinanbaugebiete. Die erlesenen Weine, die aus dieser Region kommen, sind über die Grenzen hinaus bekannt:\n\n:* [[Est Est]]\n:* [[Erveluce]]\n:* [[Fiorano]]\n:* [[Pomino]]\n:* [[Sangreal]] (nur in \'\'Blood and Wine\'\')\n\nEinen Tag nach dem [[Saovine]]-Feiertag tötete [[Geralt von Riva|Geralt]] in einem Weinkeller des alten Schlosses ein Ungeheuer, das sich als echte, lebendige Kreatur herausstellte, im Gegensatz zu den dort aufgestellten großen, ausgestopften Exemplaren.\n\n== In [[Blood and Wine]] ==\n{{Infoboxorte3\n| name = Weingut Castell Ravello\n| bild = tw3_baw_castel_ravello_vineyard.jpg\n| art = [[:Kategorie:Weingüter|Weingut]]\n| erweiterung = baw\n| lage = Südöstlich von [[Fuchstal]], [[Sansretour-Tal]]\n| region      = [[Toussaint]]\n| schnellreisen = j\n| anschlagbrett = j\n| kräuterhändler = Kräuterfrau (Castell Ravello)\n}}\n{{schnellreisen}}__NOTOC__\n\n=== Kartenbeschreibung===\n:\'\'Kennern zufolge können sich nicht einmal die besten Weine Metinnas und Albas mit den mittelmäßigen Weinen aus dem Sansretour-Tal messen. Unter den zahllosen kleinen und großen örtlichen Weingütern ist Castell Ravello das berühmteste - aus gutem Grund. Von seinen Hängen stammen Pomino, Fiorano, Erveluce und Est Est, die unangefochtenen Könige unter den Weinen.\'\'\n\n=== Anschlagtafel ===\n* [[Achtung, Monster!]]\n* [[Frauen, behaltet eure Männer im Auge!]]\n* [[Reisende, aufgepasst!]]\n* [[Vermentino-Wein - leichtes Trinken, das muss sein!]]\n* [[Wein oder Pisse?]]\n\n\'\'\'Nebenquests:\'\'\'\n* [[Rittergeschichten]]\n\n=== Interessante Gegenstände ===\n* Auf einer Bank im südwestlichen Teil des Hofgartens liegt eine Ausgabe von ""[[Seine Kaiserliche Majestät Emhyr var Emreis]]"".\n* Im Laden des Kräuterhändlers gibt es in einer Truhe verschiedene Ausgaben von ""[[Zwischen den Welten#Castel Ravello herbalist\'s copy|Zwischen den Welten]]"".\n* Nordöstlich des Hauptgebäudes, bei der Befestigungsmauer, kann in einem kleinen Haus das [[Rezept: Transmutator für Mutagen - Rot in Blau]] gefunden werden.\n* Castel has a metal-grated cellar that is locked (for now).\n\n==Galerie==\n<gallery>\nTw3 bw castel ravello vineyard.jpg|Weinberg\nTw3 bw castel ravello estate.jpg|Blick auf das Weingut\n</gallery>\n[[Kategorie:Festungen]]\n[[Kategorie:Weingüter]]\n[[Kategorie:Romane Orte]]\n\n[[cs:Castel Ravello]]\n[[en:Castel Ravello]]\n[[fr:Castel Ravello]]\n[[it:Castel Ravello]]\n[[pl:Castel Ravello]]\n[[ru:Кастель Ровелло]]\n[[uk:Кастель-Равелло]]'}}}]}]}}"
Champs_Desoles,Error: 'revisions',
Chamaeleon,Error: 'revisions',
Chateau_Fraiche,Error: 'revisions',
Chateau_Sarrasin,Error: 'revisions',
Chuchote-Hoehle,Error: 'revisions',
Cianfanelli-Bank,"Die '''Bank Cianfanelli''' ist eine der größeren Banken in den [[Nördliche Königreiche|Nördlichen Königreichen]], mit Niederlassungen in verschiedenen größeren Städten. Die Bank erteilt Kredite, führt Konten und dient wie andere Banken auch als Umschlagplatz für Kurier-Post.<br>Die Bank unterhält gute Kontakte zu den Zwergenbanken [[Giancardi-Bank|Giancardis]] sowie [[Vimme Vivaldi|Vivaldis]].

Im Roman ""[[Die Zeit der Verachtung]]"" (""Czas pogardy"") überweist [[Yennefer]] in der [[Giancardi-Bank]] Tausendfünfhundert temerische [[Oron]]s an Cianfanellis Filliale in Ellander, um den [[Tempel der Melitele]] zu unterstützen.<br>
Auch im Roman ""[[Der Schwalbenturm]]"" bedient sich Yennefer der Dienste einer Inselfiliale auf [[Kaer Trolde]].<br>
Weiterhin nutzt der [[Hexer]] [[Geralt von Riva]] sein Konto bei dieser Bank in ""[[Die Dame vom See]]"" (""Pani jeziora"") als ""Hexer-Rentenfonds"", wohin er während seines Aufenthalts in [[Beauclair]] die Einnahmen aus seinen Hexeraufträgen überweisen lässt und auch andere Bankgeschäfte tätigt.

==Zweigstellen==
* [[Beauclair]]
* [[Ellander (Stadt)]]
* [[Kaer Trolde]] (Inselfiliale)<ref name=""not in game"" />
* [[Nowigrad]]<ref name=""not in game"">Diese Zweigstelle wird weder in ''[[The Witcher 3: Wild Hunt]]'', noch in der Erweiterung ''[[Blood and Wine]]'' gezeigt oder erwähnt.</ref>

== {{BaW}} ==
{{Infoboxorte3
| name = Cianfanelli-Bank
| bild = tw3_baw_cianfanelli_bank.jpg
| art = Bank
| erweiterung = baw
| lage = [[Le Gran'place]]
| region = [[Toussaint]]
}}

Die '''Cianfanelli-Bank''' ist die Zentralbank von [[Beauclair]]. An einem der Bankschalter kann Geralt Geld wechseln und [[Florin]] sowie [[Oren]]s in {{kronen}} eintauschen.

Die Cianfanelli-Bank ist ein Handlungsort in der Erweiterung ''[[Blood and Wine]]''. Geralt besucht diese Zweigstelle während der Quest ""[[Papierkrieg]]"".

=== Quest ===
* [[Papierkrieg]]

=== Gegenstände ===
* [[Sichere Einlagen für unsichere Zeiten]]
* [[Aus dem Leben berühmter Bankiers: Amadeus Cianfanelli]]
* [[Cianfanellis Bankfächer]] (×2)
* [[Regeln und Bestimmungen im Bankwesen: Band 15]]

=== Galerie ===
<gallery widths=""250px"">
tw3_baw_cianfanelli_bank_(1).jpg|Das Aushängeschild der Bank.
tw3_baw_cianfanelli_bank_(2).jpg|Der Eingangsbereich ist imposant und die Fenster der Kassierer sehen sicher aus.
tw3_baw_cianfanelli_bank_(3).jpg|''Willkommen in der Cianfanelli-Bank! Wir sorgen für Ihr Geld, als wäre es unseres, und der Kunde ist König. Wie kann ich helfen, der Herr?''
tw3_baw_cianfanelli_bank_(4).jpg|Die Etage runter ins Gewölbe ist gesperrt und wird von zwei Zwergen bewacht.
tw3_baw_cianfanelli_bank_(5).jpg|Ein Angestellter, der fleißig im Archiv der Bank arbeitet.
</gallery>

=== Fußnoten ===
<references/>

[[Kategorie:Banken]]
[[Kategorie:Romane Orte]]

[[en:Cianfanelli Bank]]
[[fr:Banque Cianfanelli]]
[[it:Banca Cianfanelli]]
[[pl:Bank Cianfanellich]]
[[ru:Банк Чианфанелли]]","{'batchcomplete': True, 'query': {'pages': [{'pageid': 5775, 'ns': 0, 'title': 'Cianfanelli-Bank', 'revisions': [{'slots': {'main': {'contentmodel': 'wikitext', 'contentformat': 'text/x-wiki', 'content': 'Die \'\'\'Bank Cianfanelli\'\'\' ist eine der größeren Banken in den [[Nördliche Königreiche|Nördlichen Königreichen]], mit Niederlassungen in verschiedenen größeren Städten. Die Bank erteilt Kredite, führt Konten und dient wie andere Banken auch als Umschlagplatz für Kurier-Post.<br>Die Bank unterhält gute Kontakte zu den Zwergenbanken [[Giancardi-Bank|Giancardis]] sowie [[Vimme Vivaldi|Vivaldis]].\n\nIm Roman ""[[Die Zeit der Verachtung]]"" (""Czas pogardy"") überweist [[Yennefer]] in der [[Giancardi-Bank]] Tausendfünfhundert temerische [[Oron]]s an Cianfanellis Filliale in Ellander, um den [[Tempel der Melitele]] zu unterstützen.<br>\nAuch im Roman ""[[Der Schwalbenturm]]"" bedient sich Yennefer der Dienste einer Inselfiliale auf [[Kaer Trolde]].<br>\nWeiterhin nutzt der [[Hexer]] [[Geralt von Riva]] sein Konto bei dieser Bank in ""[[Die Dame vom See]]"" (""Pani jeziora"") als ""Hexer-Rentenfonds"", wohin er während seines Aufenthalts in [[Beauclair]] die Einnahmen aus seinen Hexeraufträgen überweisen lässt und auch andere Bankgeschäfte tätigt.\n\n==Zweigstellen==\n* [[Beauclair]]\n* [[Ellander (Stadt)]]\n* [[Kaer Trolde]] (Inselfiliale)<ref name=""not in game"" />\n* [[Nowigrad]]<ref name=""not in game"">Diese Zweigstelle wird weder in \'\'[[The Witcher 3: Wild Hunt]]\'\', noch in der Erweiterung \'\'[[Blood and Wine]]\'\' gezeigt oder erwähnt.</ref>\n\n== {{BaW}} ==\n{{Infoboxorte3\n| name = Cianfanelli-Bank\n| bild = tw3_baw_cianfanelli_bank.jpg\n| art = Bank\n| erweiterung = baw\n| lage = [[Le Gran\'place]]\n| region = [[Toussaint]]\n}}\n\nDie \'\'\'Cianfanelli-Bank\'\'\' ist die Zentralbank von [[Beauclair]]. An einem der Bankschalter kann Geralt Geld wechseln und [[Florin]] sowie [[Oren]]s in {{kronen}} eintauschen.\n\nDie Cianfanelli-Bank ist ein Handlungsort in der Erweiterung \'\'[[Blood and Wine]]\'\'. Geralt besucht diese Zweigstelle während der Quest ""[[Papierkrieg]]"".\n\n=== Quest ===\n* [[Papierkrieg]]\n\n=== Gegenstände ===\n* [[Sichere Einlagen für unsichere Zeiten]]\n* [[Aus dem Leben berühmter Bankiers: Amadeus Cianfanelli]]\n* [[Cianfanellis Bankfächer]] (×2)\n* [[Regeln und Bestimmungen im Bankwesen: Band 15]]\n\n=== Galerie ===\n<gallery widths=""250px"">\ntw3_baw_cianfanelli_bank_(1).jpg|Das Aushängeschild der Bank.\ntw3_baw_cianfanelli_bank_(2).jpg|Der Eingangsbereich ist imposant und die Fenster der Kassierer sehen sicher aus.\ntw3_baw_cianfanelli_bank_(3).jpg|\'\'Willkommen in der Cianfanelli-Bank! Wir sorgen für Ihr Geld, als wäre es unseres, und der Kunde ist König. Wie kann ich helfen, der Herr?\'\'\ntw3_baw_cianfanelli_bank_(4).jpg|Die Etage runter ins Gewölbe ist gesperrt und wird von zwei Zwergen bewacht.\ntw3_baw_cianfanelli_bank_(5).jpg|Ein Angestellter, der fleißig im Archiv der Bank arbeitet.\n</gallery>\n\n=== Fußnoten ===\n<references/>\n\n[[Kategorie:Banken]]\n[[Kategorie:Romane Orte]]\n\n[[en:Cianfanelli Bank]]\n[[fr:Banque Cianfanelli]]\n[[it:Banca Cianfanelli]]\n[[pl:Bank Cianfanellich]]\n[[ru:Банк Чианфанелли]]'}}}]}]}}"
Coronata,"{{Infoboxorte3
| name = Coronata
| bild = Tw3_bw_coronata_vineyard.jpg
| art = [[:Kategorie:Weingüter|Weingut]]
| lage = Östlich der [[Plegmund-Brücke]], nördlich der [[Dulcinea-Windmühle]]
| region = [[Sansretour-Tal]], [[Toussaint]]
| schnellreisen = y
| erweiterung = bw
}}

'''Coronata''' ist eins der berühmten Weingüter von [[Toussaint]]. In der ""[[Blood and Wine]]"" Erweiterung ist der Besitzer nun [[Liam de Coronata]].

== Kartenbeschreibung ==
:''Der Begründer dieser Linie, Stefan de Coronata, bat einst einen Druiden gegen die Raupen um Hilfe, die ihm die Reben wegfraßen. Der Druide empfahl, [[Marder (Tier)|Marder]] zu halten, die Insektenlarven lieben. Stefan tat, wie ihm geraten, und befreite nicht nur sein eigenes, sondern auch alle benachbarten Weingüter von der Plage. Für diese edle Tat wurde ihm ein Adelstitel verliehen. Er wählte einen blauen Wolf als Wappentier, nachdem er zu der Einsicht gekommen war, dass ein Auftritt in einer Parade mit einem Marder auf dem Schild ein alberner Anblick sei.''

== Interessante Orte ==
* Coronata-Anwesen

==Quests==
* [[Weinfehden: Coronata]]

[[Kategorie:Weingüter]]

[[en:Coronata]]
[[es:Coronata]]
[[fr:Coronata]]
[[it:Coronata]]
[[pl:Coronata]]
[[ru:Короната]]
[[uk:Короната]]","{'batchcomplete': True, 'query': {'pages': [{'pageid': 5220, 'ns': 0, 'title': 'Coronata', 'revisions': [{'slots': {'main': {'contentmodel': 'wikitext', 'contentformat': 'text/x-wiki', 'content': '{{Infoboxorte3\n| name = Coronata\n| bild = Tw3_bw_coronata_vineyard.jpg\n| art = [[:Kategorie:Weingüter|Weingut]]\n| lage = Östlich der [[Plegmund-Brücke]], nördlich der [[Dulcinea-Windmühle]]\n| region = [[Sansretour-Tal]], [[Toussaint]]\n| schnellreisen = y\n| erweiterung = bw\n}}\n\n\'\'\'Coronata\'\'\' ist eins der berühmten Weingüter von [[Toussaint]]. In der ""[[Blood and Wine]]"" Erweiterung ist der Besitzer nun [[Liam de Coronata]].\n\n== Kartenbeschreibung ==\n:\'\'Der Begründer dieser Linie, Stefan de Coronata, bat einst einen Druiden gegen die Raupen um Hilfe, die ihm die Reben wegfraßen. Der Druide empfahl, [[Marder (Tier)|Marder]] zu halten, die Insektenlarven lieben. Stefan tat, wie ihm geraten, und befreite nicht nur sein eigenes, sondern auch alle benachbarten Weingüter von der Plage. Für diese edle Tat wurde ihm ein Adelstitel verliehen. Er wählte einen blauen Wolf als Wappentier, nachdem er zu der Einsicht gekommen war, dass ein Auftritt in einer Parade mit einem Marder auf dem Schild ein alberner Anblick sei.\'\'\n\n== Interessante Orte ==\n* Coronata-Anwesen\n\n==Quests==\n* [[Weinfehden: Coronata]]\n\n[[Kategorie:Weingüter]]\n\n[[en:Coronata]]\n[[es:Coronata]]\n[[fr:Coronata]]\n[[it:Coronata]]\n[[pl:Coronata]]\n[[ru:Короната]]\n[[uk:Короната]]'}}}]}]}}"
Corvo_Bianco,"__NOTOC__
'''Corvo Bianco''' (dt. ''Weißer Rabe'') ist eines der berühmten Weinanbaugebiete in [[Toussaint]]. Das Weingut ist ebenfalls bekannt unter dem Namen ''Gwyn Cerbin'', was auf eine frühere Besiedlung durch [[Elfen]] schließen lässt.{{refkurz|DS|23}}

Corvo Bianco ist ein Ort, der kurz im Roman ""[[Die Dame vom See]]"" (""Pani jeziora"") erwähnt wird. Er ist ein Haupthandlungsort in der Erweiterung ''[[Blood and Wine]]'' des Computerspiels ''[[The Witcher 3: Wild Hunt]]''.

== {{BaW}} ==
{{Infoboxorte3
| name = Corvo Bianco
| bild = Tw3_bw_corvo_bianco_panorama.jpg
| art = [[:Kategorie:Weingüter|Weingut]]
| lage = [[Sansretour-Tal]]
| region = [[Toussaint]]
| schnellreisen = j
| lager = y
| wetzstein = y
| werkbank = y
| alchemielabor = y
| alchemietisch = y
| bibliothek = y
| bett = j
| erweiterung = baw
}}
{{schnellreisen}}

In der zweiten Erweiterung ""Blood and Wine"" heißt es, dass das Corvo-Bianco-Weingut das Anwesen von [[Baron Rossell]] gewesen sei. Er verlor das Weingut hochverschuldet und zog zu seinem Bruder nach [[Vicovaro]]. Damit das Gelände nicht weiter verfiel, wurde es von der herzoglichen Kanzlei von [[Toussaint]] gekauft. Die Herzogin [[Anna Henrietta]] persönlich vermachte das Gut dem Hexer [[Geralt von Riva]] als Anzahlung für die Annahme eines [[Das Biest von Toussaint|Auftrags]].

{{Kurzes Zitat|''Die Ursprünge von Corvo Bianco sind im Laufe der Zeit in Vergessenheit geraten. Wir kennen lediglich die Legende, dass das Weingut vom enterbten Sohn des Eigentümers des [[Pomerol]]-Weinguts mit einem einzigen [[Carvanere]]-Ableger gegründet wurde.<br>Die moderne Geschichte Corvo Biancos beginnt mit [[Familie Bolius|Herrn Bolius]], der sich im Alter auf dem Weingut niederließ. Als er noch jung war, führte Bolius eine Division Pioniere an, die im hohen Norden kämpfte. Für seine Dienste wurde er in den Adelsstand erhoben und erhielt eine ordentliche Bezahlung. Er baute Corvo Bianco mit großer Hingabe wieder auf. Die meiste Energie steckte er in den wunderschönen Garten, den er für seine Frau anlegte, und löste dadurch einen regelrechten Kräuterwahn in ganz Toussaint aus. Bolius' zweite große Liebe nach seiner Frau waren die Olivenbäume, deshalb pflanzte er viele von ihnen auf ganz Corvo Bianco.<br>Als Bolius' Frau starb, verlor das Leben für ihn an Bedeutung und er dachte fortwährend über den Tod nach. Er verkaufte sein Anwesen an [[Graf Crespi]] und an dem Tag, als das letzte Dokument unterzeichnet war, starb er.''|[[Barnabas-Basilius Faulty]] zu Geralt in ""Blood and Wine""}}

Das Weingut befindet sich nicht weit vom Turniergelände bei [[Beauclair]]. Zum Weingut gehört auch der [[Barnabas-Basilius Faulty|Haushofmeister]] Barnabas-Basilius Faulty, der mit der Organisation und Überwachung von Sanierungsarbeiten und zusätzlichem Inventar beauftragt werden kann.

=== Kartenbeschreibung ===
:''Corvo Bianco steht auf [[Elfen]]ruinen. In der [[Alte Sprache|Älteren Rede]] ist es als Gwyn Cerbin bekannt. Es gehört zu den ältesten Weingütern des Herzogtums und produziert den einzigartigen [[Sepremento]]. Leider hat der ausschweifende Lebensstil des letzten Sprosses der Familie Bolius das Weingut in den Ruin getrieben. Der nächste Besitzer war Baron Rossell. Er versuchte, dem Gut wieder zu seinem einstigen Ruhm zu verhelfen, doch er scheiterte. Corvo Bianco kam unter den Hammer und fiel schließlich der Aufsicht der herzoglichen Schatzkammer anheim.''

=== Quests ===
{{cols|2|
* [[Und sei es noch so bescheiden ...]]
* [[Zu Hause ist es am schönsten (Blood and Wine)|Zu Hause ist es am schönsten]]
* [[Die Bruxa von Corvo Bianco]]
* [[Das Hunger-Spiel]] (optional)
* [[Pomp und seltsame Umstände]]
}}

=== [[Datei:Tw3 bw renovation.svg|32px|Renovierungen]] Renovierungen ===
{{cols|2|
* [[Tisch des Rüstungsschmieds|Rüstungstisch]] (1000 {{kronen}})
* [[Wetzstein]] (1000 {{kronen}})
* [[Corvo Bianco - Gewächshaus|Kräutergarten]] (2000 {{kronen}})
* Überholung des Wohnraums (5000 {{kronen}}, erste Ausbaustufe)
* Ordentliche Ställe (2000 {{kronen}}, verleiht der Pferdeausdauer einen Bonus)
* Zwei zusätzliche Rüstungsständer (500 {{kronen}})
* Zwei zusätzliche Waffenständer (500 {{kronen}})
* Ein neues [[Bett]] (1000 {{kronen}}, gewährt einen Vitalitätsbonus)
* Renovierung des Gästezimmers (1000 {{kronen}})
}}

;Andere Annehmlichkeiten:
* [[Bibliothek (Corvo Bianco)|Bibliothek]] (im Schlafzimmer)
* [[Alchemielabor]] (bei den anfänglichen Renovierungsarbeiten im Keller entdeckt)
** [[Alchemietisch]]

''{{color|orange|Hinweis}}: Die Nutzung der Annehmlichkeiten bringt einige Vorteile mit sich:''
* '''Bettstufe ""Königlich""''': erhöht Geralts maximale Vitalität um 1000 Punkte für 120 Minuten
* '''Bibliothek''': gewährt einen Bonus von 5 % Erfahrungsgewinn im Kampf für 60 Minuten
* '''Alchemielabor''': Bomben und Tränke, die dort hergestellt werden, erhalten eine zusätzliche Ladung
* '''Ställe''': erhöht Plötzes Ausdauer um 100 % für 60 Minuten

===Dekorationen===
Das Weingut lässt sich nicht nur mit Waffen- und Rüstungsständern ausrüsten, sondern auch mit Gemälden und anderen dekorativen Gegenständen verschönern. Hierzu gehören:
*Gemälde:
** als Questbelohnung aus [[Großwildjäger]], wenn Geralt den Grafen später bei seiner Ausstellung besucht und mit ihm spricht (Bild mit dem Titel ""[[Der Weiße Wolf, von Graf Beledal]]"")
** [[Porträt von Geralt]] (wahlweise käuflich beim [[Maler]] nach der Quest ""[[Ein Porträt des Hexers als alter Mann]]"")
** käufliche Gemälde beim [[Kaufmann (Dupont & Söhne)]] in [[Beauclair]] (im Stadtzentrum, nicht weit vom normalen Rüstungsschmied; hat einen Goldenen Hahn als Zeichen über seinem Geschäft hängen)
* Dekorationen in Geralts Schlafzimmer:
** [[Siegerpokal]] aus dem Gwintturnier (Questbelohung aus ""[[Gwint: Das große Turnier von Beauclair]]"")
** [[Trophäe der Faustkampfmeisterschaft]] (Questbelohnung in ""[[Fliegende Fäuste: Toussaint]]"" nach Sieg über den amtierenden Champion).
** [[Goldener Stab der Freude]] (Questbelohnung aus ""[[Das Hunger-Spiel]]"").
** [[Schild des Ritters Geralt von Riva]] {{auswahl|oder}} [[Schild des Ritters Ravix von Vierhorn]] (Questbelohnung aus ""[[Gesänge eines Ritterherzens]]"")

''{{color|orange|Hinweis}}: Die Bilder lassen sich erst aufhängen, wenn die Renovierungsarbeiten am Haus beendet sind.''
*Sonstige:
** [[Reginald-Statuette]] (Questbelohnung aus ""[[Oh mächtige Eier aus Granit!]]""). Die Statuette kann auf einem Sockel vor dem Haus (neben dem Kellereingang) plaziert werden.
** Nach Abschluss der Quests ""Und sei es noch so bescheiden ..."" sowie ""Pomp und seltsame Umstände"" wird Geralt ein kleines Geschenk in seinem Schlafzimmer vorfinden: Sein Freund [[Regis]] hinterließ ihm einen [[Brief von Regis|Brief]] sowie einen [[Mutagenerator]], ein Gerät zum Erzeugen von [[The Witcher 3 Fertigkeiten#Mutagene|Mutagenen]].

===Gäste===
* Im Zuge der Quest ""[[La Cage au Fou]]""/""[[Das Hunger-Spiel]]"" ist es möglich, die alte [[Marlene de Trastamara|Marlene]] auf das Weingut zu bringen und nach ihrer Genesung als Köchin im Haus anzustellen.
* Je nach Ausgang des Hauptspiels und der Entscheidungen in ""Blood and Wine"" können unaufgefordert (d.h. man kann sie nicht direkt einladen), vier verschiedene Personen das Gästezimmer beziehen:
** [[Yennefer]], wenn Geralt sich für sie als Partner fürs Leben entschieden hat
** [[Triss Merigold]], wenn Geralt sich für sie entschieden hat
** [[Ciri]], sofern:
*** sie den Kampf gegen die [[Weiße Kälte]] gewonnen hat und Hexerin ODER Kaiserin von [[Nilfgaard]] geworden ist
*** Geralt sich auf keine der beiden Zauberinnen (Yennefer oder Triss) eingelassen hat bzw. mit beiden gleichzeitig angebandelt und später von beiden ebenso abgewiesen wird
** [[Rittersporn]], sofern:
*** Geralt sich mit beiden bzw. keiner der beiden Zauberinnen (Yennefer und Triss) eingelassen hat
*** Ciri den Kampf gegen die Weiße Kälte gewann und Kaiserin bzw. Hexerin wurde ODER sie verlor gegen die Weiße Kälte und kehrte nicht zurück
*** [[Syanna]] tot ist, Geralt im Kerker landet und Rittersporn nach Toussaint kommt, um bei der Herzogin [[Anna Henrietta]] Geralts Freilassung zu erwirken

;Videos:
Das Ciri-Ende, mit Ciri als Kaiserin
{{#ev:youtube|BDyVMepUNyo}}

Das Rittersporn-Ende
{{#ev:youtube|cd-3s4ozRps}}

===Siehe auch===
* [[The Witcher 3 Auszeichnungen|Auszeichnung]] (Steam/GOG): [[The Witcher 3 Auszeichnungen#Zu Hause ist es am schönsten|Zu Hause ist es am schönsten]]
* [[Die Geschichte Corvo Biancos]] (Buch)

=== Notizen ===
* Nachdem Geralt Liam und Mathilda in der Quest ""[[Weinfehden: Belgaard]]"" geholfen hat, benennen sie zu seiner Ehre einen Wein nach ihm. Wie von ihnen versprochen, trifft kurze Zeit später eine Lieferung des besagten Weines im Keller von Corvo Bianco ein (10+15+10 Flaschen).
* Nach der Quest ""[[Und sei es noch so bescheiden ...]]"" findet Geralt ein kleines Geschenk in seinem Schlafzimmer, auf das [[Regis]] ihn am Ende der Quest ""[[Pomp und seltsame Umstände]]"" hingewiesen hat: einen [[Brief von Regis]] zusammen mit einem [[Mutagenerator]].
* Angeblich hat die Herzogin Geralt während der Quest ""[[Pomp und seltsame Umstände]]"" einige Fässer ihres speziellen Weines versprochen, jedoch fehlt davon auf Corvo Bianco jede Spur.
* [[Börse mit Florin]] findet man Keller bei einer Leiche.

==Randnotizen==
* ""Corvo Bianco"" ist ein italienischer klassischer Weißwein aus Sizilien.[http://www.duca.it/en/vino-corvo/corvo-bianco/]

== Galerie ==
<gallery widths=""250px"">
Tw3 bw corvo bianco house before.jpg|Das Hauptgebäude vor der Renovierung
Tw3 bw corvo bianco house renovations.jpg|Während der Renovierung
Tw3_bw_corvo_bianco_house_finished.jpg|Renovierte Fassade
</gallery>

[[Kategorie:Weingüter]]

[[en:Corvo Bianco]]
[[es:Corvo Bianco]]
[[fr:Corvo Bianco]]
[[it:Corvo Bianco]]
[[pl:Corvo Bianco]]
[[pt-br:Corvo Bianco]]
[[ru:Корво Бьянко]]
[[uk:Корво-Б'янко]]","{'batchcomplete': True, 'query': {'normalized': [{'fromencoded': False, 'from': 'Corvo_Bianco', 'to': 'Corvo Bianco'}], 'pages': [{'pageid': 5216, 'ns': 0, 'title': 'Corvo Bianco', 'revisions': [{'slots': {'main': {'contentmodel': 'wikitext', 'contentformat': 'text/x-wiki', 'content': '__NOTOC__\n\'\'\'Corvo Bianco\'\'\' (dt. \'\'Weißer Rabe\'\') ist eines der berühmten Weinanbaugebiete in [[Toussaint]]. Das Weingut ist ebenfalls bekannt unter dem Namen \'\'Gwyn Cerbin\'\', was auf eine frühere Besiedlung durch [[Elfen]] schließen lässt.{{refkurz|DS|23}}\n\nCorvo Bianco ist ein Ort, der kurz im Roman ""[[Die Dame vom See]]"" (""Pani jeziora"") erwähnt wird. Er ist ein Haupthandlungsort in der Erweiterung \'\'[[Blood and Wine]]\'\' des Computerspiels \'\'[[The Witcher 3: Wild Hunt]]\'\'.\n\n== {{BaW}} ==\n{{Infoboxorte3\n| name = Corvo Bianco\n| bild = Tw3_bw_corvo_bianco_panorama.jpg\n| art = [[:Kategorie:Weingüter|Weingut]]\n| lage = [[Sansretour-Tal]]\n| region = [[Toussaint]]\n| schnellreisen = j\n| lager = y\n| wetzstein = y\n| werkbank = y\n| alchemielabor = y\n| alchemietisch = y\n| bibliothek = y\n| bett = j\n| erweiterung = baw\n}}\n{{schnellreisen}}\n\nIn der zweiten Erweiterung ""Blood and Wine"" heißt es, dass das Corvo-Bianco-Weingut das Anwesen von [[Baron Rossell]] gewesen sei. Er verlor das Weingut hochverschuldet und zog zu seinem Bruder nach [[Vicovaro]]. Damit das Gelände nicht weiter verfiel, wurde es von der herzoglichen Kanzlei von [[Toussaint]] gekauft. Die Herzogin [[Anna Henrietta]] persönlich vermachte das Gut dem Hexer [[Geralt von Riva]] als Anzahlung für die Annahme eines [[Das Biest von Toussaint|Auftrags]].\n\n{{Kurzes Zitat|\'\'Die Ursprünge von Corvo Bianco sind im Laufe der Zeit in Vergessenheit geraten. Wir kennen lediglich die Legende, dass das Weingut vom enterbten Sohn des Eigentümers des [[Pomerol]]-Weinguts mit einem einzigen [[Carvanere]]-Ableger gegründet wurde.<br>Die moderne Geschichte Corvo Biancos beginnt mit [[Familie Bolius|Herrn Bolius]], der sich im Alter auf dem Weingut niederließ. Als er noch jung war, führte Bolius eine Division Pioniere an, die im hohen Norden kämpfte. Für seine Dienste wurde er in den Adelsstand erhoben und erhielt eine ordentliche Bezahlung. Er baute Corvo Bianco mit großer Hingabe wieder auf. Die meiste Energie steckte er in den wunderschönen Garten, den er für seine Frau anlegte, und löste dadurch einen regelrechten Kräuterwahn in ganz Toussaint aus. Bolius\' zweite große Liebe nach seiner Frau waren die Olivenbäume, deshalb pflanzte er viele von ihnen auf ganz Corvo Bianco.<br>Als Bolius\' Frau starb, verlor das Leben für ihn an Bedeutung und er dachte fortwährend über den Tod nach. Er verkaufte sein Anwesen an [[Graf Crespi]] und an dem Tag, als das letzte Dokument unterzeichnet war, starb er.\'\'|[[Barnabas-Basilius Faulty]] zu Geralt in ""Blood and Wine""}}\n\nDas Weingut befindet sich nicht weit vom Turniergelände bei [[Beauclair]]. Zum Weingut gehört auch der [[Barnabas-Basilius Faulty|Haushofmeister]] Barnabas-Basilius Faulty, der mit der Organisation und Überwachung von Sanierungsarbeiten und zusätzlichem Inventar beauftragt werden kann.\n\n=== Kartenbeschreibung ===\n:\'\'Corvo Bianco steht auf [[Elfen]]ruinen. In der [[Alte Sprache|Älteren Rede]] ist es als Gwyn Cerbin bekannt. Es gehört zu den ältesten Weingütern des Herzogtums und produziert den einzigartigen [[Sepremento]]. Leider hat der ausschweifende Lebensstil des letzten Sprosses der Familie Bolius das Weingut in den Ruin getrieben. Der nächste Besitzer war Baron Rossell. Er versuchte, dem Gut wieder zu seinem einstigen Ruhm zu verhelfen, doch er scheiterte. Corvo Bianco kam unter den Hammer und fiel schließlich der Aufsicht der herzoglichen Schatzkammer anheim.\'\'\n\n=== Quests ===\n{{cols|2|\n* [[Und sei es noch so bescheiden ...]]\n* [[Zu Hause ist es am schönsten (Blood and Wine)|Zu Hause ist es am schönsten]]\n* [[Die Bruxa von Corvo Bianco]]\n* [[Das Hunger-Spiel]] (optional)\n* [[Pomp und seltsame Umstände]]\n}}\n\n=== [[Datei:Tw3 bw renovation.svg|32px|Renovierungen]] Renovierungen ===\n{{cols|2|\n* [[Tisch des Rüstungsschmieds|Rüstungstisch]] (1000 {{kronen}})\n* [[Wetzstein]] (1000 {{kronen}})\n* [[Corvo Bianco - Gewächshaus|Kräutergarten]] (2000 {{kronen}})\n* Überholung des Wohnraums (5000 {{kronen}}, erste Ausbaustufe)\n* Ordentliche Ställe (2000 {{kronen}}, verleiht der Pferdeausdauer einen Bonus)\n* Zwei zusätzliche Rüstungsständer (500 {{kronen}})\n* Zwei zusätzliche Waffenständer (500 {{kronen}})\n* Ein neues [[Bett]] (1000 {{kronen}}, gewährt einen Vitalitätsbonus)\n* Renovierung des Gästezimmers (1000 {{kronen}})\n}}\n\n;Andere Annehmlichkeiten:\n* [[Bibliothek (Corvo Bianco)|Bibliothek]] (im Schlafzimmer)\n* [[Alchemielabor]] (bei den anfänglichen Renovierungsarbeiten im Keller entdeckt)\n** [[Alchemietisch]]\n\n\'\'{{color|orange|Hinweis}}: Die Nutzung der Annehmlichkeiten bringt einige Vorteile mit sich:\'\'\n* \'\'\'Bettstufe ""Königlich""\'\'\': erhöht Geralts maximale Vitalität um 1000 Punkte für 120 Minuten\n* \'\'\'Bibliothek\'\'\': gewährt einen Bonus von 5 % Erfahrungsgewinn im Kampf für 60 Minuten\n* \'\'\'Alchemielabor\'\'\': Bomben und Tränke, die dort hergestellt werden, erhalten eine zusätzliche Ladung\n* \'\'\'Ställe\'\'\': erhöht Plötzes Ausdauer um 100 % für 60 Minuten\n\n===Dekorationen===\nDas Weingut lässt sich nicht nur mit Waffen- und Rüstungsständern ausrüsten, sondern auch mit Gemälden und anderen dekorativen Gegenständen verschönern. Hierzu gehören:\n*Gemälde:\n** als Questbelohnung aus [[Großwildjäger]], wenn Geralt den Grafen später bei seiner Ausstellung besucht und mit ihm spricht (Bild mit dem Titel ""[[Der Weiße Wolf, von Graf Beledal]]"")\n** [[Porträt von Geralt]] (wahlweise käuflich beim [[Maler]] nach der Quest ""[[Ein Porträt des Hexers als alter Mann]]"")\n** käufliche Gemälde beim [[Kaufmann (Dupont & Söhne)]] in [[Beauclair]] (im Stadtzentrum, nicht weit vom normalen Rüstungsschmied; hat einen Goldenen Hahn als Zeichen über seinem Geschäft hängen)\n* Dekorationen in Geralts Schlafzimmer:\n** [[Siegerpokal]] aus dem Gwintturnier (Questbelohung aus ""[[Gwint: Das große Turnier von Beauclair]]"")\n** [[Trophäe der Faustkampfmeisterschaft]] (Questbelohnung in ""[[Fliegende Fäuste: Toussaint]]"" nach Sieg über den amtierenden Champion).\n** [[Goldener Stab der Freude]] (Questbelohnung aus ""[[Das Hunger-Spiel]]"").\n** [[Schild des Ritters Geralt von Riva]] {{auswahl|oder}} [[Schild des Ritters Ravix von Vierhorn]] (Questbelohnung aus ""[[Gesänge eines Ritterherzens]]"")\n\n\'\'{{color|orange|Hinweis}}: Die Bilder lassen sich erst aufhängen, wenn die Renovierungsarbeiten am Haus beendet sind.\'\'\n*Sonstige:\n** [[Reginald-Statuette]] (Questbelohnung aus ""[[Oh mächtige Eier aus Granit!]]""). Die Statuette kann auf einem Sockel vor dem Haus (neben dem Kellereingang) plaziert werden.\n** Nach Abschluss der Quests ""Und sei es noch so bescheiden ..."" sowie ""Pomp und seltsame Umstände"" wird Geralt ein kleines Geschenk in seinem Schlafzimmer vorfinden: Sein Freund [[Regis]] hinterließ ihm einen [[Brief von Regis|Brief]] sowie einen [[Mutagenerator]], ein Gerät zum Erzeugen von [[The Witcher 3 Fertigkeiten#Mutagene|Mutagenen]].\n\n===Gäste===\n* Im Zuge der Quest ""[[La Cage au Fou]]""/""[[Das Hunger-Spiel]]"" ist es möglich, die alte [[Marlene de Trastamara|Marlene]] auf das Weingut zu bringen und nach ihrer Genesung als Köchin im Haus anzustellen.\n* Je nach Ausgang des Hauptspiels und der Entscheidungen in ""Blood and Wine"" können unaufgefordert (d.h. man kann sie nicht direkt einladen), vier verschiedene Personen das Gästezimmer beziehen:\n** [[Yennefer]], wenn Geralt sich für sie als Partner fürs Leben entschieden hat\n** [[Triss Merigold]], wenn Geralt sich für sie entschieden hat\n** [[Ciri]], sofern:\n*** sie den Kampf gegen die [[Weiße Kälte]] gewonnen hat und Hexerin ODER Kaiserin von [[Nilfgaard]] geworden ist\n*** Geralt sich auf keine der beiden Zauberinnen (Yennefer oder Triss) eingelassen hat bzw. mit beiden gleichzeitig angebandelt und später von beiden ebenso abgewiesen wird\n** [[Rittersporn]], sofern:\n*** Geralt sich mit beiden bzw. keiner der beiden Zauberinnen (Yennefer und Triss) eingelassen hat\n*** Ciri den Kampf gegen die Weiße Kälte gewann und Kaiserin bzw. Hexerin wurde ODER sie verlor gegen die Weiße Kälte und kehrte nicht zurück\n*** [[Syanna]] tot ist, Geralt im Kerker landet und Rittersporn nach Toussaint kommt, um bei der Herzogin [[Anna Henrietta]] Geralts Freilassung zu erwirken\n\n;Videos:\nDas Ciri-Ende, mit Ciri als Kaiserin\n{{#ev:youtube|BDyVMepUNyo}}\n\nDas Rittersporn-Ende\n{{#ev:youtube|cd-3s4ozRps}}\n\n===Siehe auch===\n* [[The Witcher 3 Auszeichnungen|Auszeichnung]] (Steam/GOG): [[The Witcher 3 Auszeichnungen#Zu Hause ist es am schönsten|Zu Hause ist es am schönsten]]\n* [[Die Geschichte Corvo Biancos]] (Buch)\n\n=== Notizen ===\n* Nachdem Geralt Liam und Mathilda in der Quest ""[[Weinfehden: Belgaard]]"" geholfen hat, benennen sie zu seiner Ehre einen Wein nach ihm. Wie von ihnen versprochen, trifft kurze Zeit später eine Lieferung des besagten Weines im Keller von Corvo Bianco ein (10+15+10 Flaschen).\n* Nach der Quest ""[[Und sei es noch so bescheiden ...]]"" findet Geralt ein kleines Geschenk in seinem Schlafzimmer, auf das [[Regis]] ihn am Ende der Quest ""[[Pomp und seltsame Umstände]]"" hingewiesen hat: einen [[Brief von Regis]] zusammen mit einem [[Mutagenerator]].\n* Angeblich hat die Herzogin Geralt während der Quest ""[[Pomp und seltsame Umstände]]"" einige Fässer ihres speziellen Weines versprochen, jedoch fehlt davon auf Corvo Bianco jede Spur.\n* [[Börse mit Florin]] findet man Keller bei einer Leiche.\n\n==Randnotizen==\n* ""Corvo Bianco"" ist ein italienischer klassischer Weißwein aus Sizilien.[http://www.duca.it/en/vino-corvo/corvo-bianco/]\n\n== Galerie ==\n<gallery widths=""250px"">\nTw3 bw corvo bianco house before.jpg|Das Hauptgebäude vor der Renovierung\nTw3 bw corvo bianco house renovations.jpg|Während der Renovierung\nTw3_bw_corvo_bianco_house_finished.jpg|Renovierte Fassade\n</gallery>\n\n[[Kategorie:Weingüter]]\n\n[[en:Corvo Bianco]]\n[[es:Corvo Bianco]]\n[[fr:Corvo Bianco]]\n[[it:Corvo Bianco]]\n[[pl:Corvo Bianco]]\n[[pt-br:Corvo Bianco]]\n[[ru:Корво Бьянко]]\n[[uk:Корво-Б\'янко]]'}}}]}]}}"
Corvo_Bianco_-_Gewaechshaus,Error: 'revisions',
Cutterin-Anwesen,"{{Infoboxorte3
| name = Cutterin-Anwesen
| bild = tw3_bw_cutterin_manor.jpg
| bildgröße = 
| beschreibung = 
| karte = 
| aka = 
| art = 
| stufe = 
| lage = [[Gorgo-Ausläufer]], westlich der [[Chuchote-Höhle]]
| region = [[Toussaint]]
| einwohner =
| erweiterung = baw
}}
{{Verlassene Stätte}}

Das '''Cutterin-Anwesen''' ist ein Gutshof in der Erweiterung ''[[Blood and Wine]]'' des Computerspiels ''{{tw3}}''.

Dieser Ort ist verlassen, da [[Erscheinungen#The Witcher 3: Wild Hunt|Erscheinungen]] und [[Waldteufel]] dort ihr Unwesen treiben.

== Quests ==
* [[Ritter zu Diensten]]
* [[Die Leiden des jungen François]]

== Siehe auch ==
* [[Achtung!#Aushang beim Castell Ravello|Achtung!]] - Aushang beim [[Castell Ravello]]
* [[Charlottes Tagebuch]] - Aufzeichnungen der Charlotte Cutterin
* [[Bericht des Kämmerers zur Befreiung des Cutterin-Anwesens]]
* [[Tagebuch eines Verzweifelten]] - Aufzeichnungen des unglücklich Verliebten François

== Randnotizen ==
* In der englischen Version spricht ein NPC eine Warnung aus, das Cutterin Manor zu betreten ''Did you hear about the monster that attacked the {{color|orange|Cutterin estate}}? They say it slaughtered them all!''.<br> - In der deutschen Version spricht er vom Anwesen der ''Karajans'': ''Schon gehört? Ein Monster hat das {{color|orange|Anwesen der Karajans}} angegriffen und die ganze Familie umgebracht!''. Hierbei handelt es sich augenscheinlich um eine Inkonsistenz bei der Lokalisierung.

[[en:Cutterin Manor]]
[[fr:Manoir Cutterin]]
[[it:Maniero Cutterin]]
[[pl:Dwór Karajanów]]","{'batchcomplete': True, 'query': {'pages': [{'pageid': 38953, 'ns': 0, 'title': 'Cutterin-Anwesen', 'revisions': [{'slots': {'main': {'contentmodel': 'wikitext', 'contentformat': 'text/x-wiki', 'content': ""{{Infoboxorte3\n| name = Cutterin-Anwesen\n| bild = tw3_bw_cutterin_manor.jpg\n| bildgröße = \n| beschreibung = \n| karte = \n| aka = \n| art = \n| stufe = \n| lage = [[Gorgo-Ausläufer]], westlich der [[Chuchote-Höhle]]\n| region = [[Toussaint]]\n| einwohner =\n| erweiterung = baw\n}}\n{{Verlassene Stätte}}\n\nDas '''Cutterin-Anwesen''' ist ein Gutshof in der Erweiterung ''[[Blood and Wine]]'' des Computerspiels ''{{tw3}}''.\n\nDieser Ort ist verlassen, da [[Erscheinungen#The Witcher 3: Wild Hunt|Erscheinungen]] und [[Waldteufel]] dort ihr Unwesen treiben.\n\n== Quests ==\n* [[Ritter zu Diensten]]\n* [[Die Leiden des jungen François]]\n\n== Siehe auch ==\n* [[Achtung!#Aushang beim Castell Ravello|Achtung!]] - Aushang beim [[Castell Ravello]]\n* [[Charlottes Tagebuch]] - Aufzeichnungen der Charlotte Cutterin\n* [[Bericht des Kämmerers zur Befreiung des Cutterin-Anwesens]]\n* [[Tagebuch eines Verzweifelten]] - Aufzeichnungen des unglücklich Verliebten François\n\n== Randnotizen ==\n* In der englischen Version spricht ein NPC eine Warnung aus, das Cutterin Manor zu betreten ''Did you hear about the monster that attacked the {{color|orange|Cutterin estate}}? They say it slaughtered them all!''.<br> - In der deutschen Version spricht er vom Anwesen der ''Karajans'': ''Schon gehört? Ein Monster hat das {{color|orange|Anwesen der Karajans}} angegriffen und die ganze Familie umgebracht!''. Hierbei handelt es sich augenscheinlich um eine Inkonsistenz bei der Lokalisierung.\n\n[[en:Cutterin Manor]]\n[[fr:Manoir Cutterin]]\n[[it:Maniero Cutterin]]\n[[pl:Dwór Karajanów]]""}}}]}]}}"
Dalvik,"{{Infoboxorte3
| name         = Dalvik
| bild         = Tw3 dalvik.jpg
| beschreibung = Dalvik in The Witcher 3, von der Wilden Jagd gebrandschatzt
| art          = [[:Kategorie:Dörfer|Dorf]]
| stufe        = 
| lage         = [[Skellige]]<ref name = ""pcgames"" />
}}
'''{{PAGENAME}}''' ist ein Dorf auf den [[Skellige]]-Inseln<ref name=""pcgames"">Quelle: [http://www.pcgameshardware.de/The-Witcher-3-PC-237266/Specials/The-Witcher-3-Wild-Hunt-E3-Vorschau-1074492/ PCgames The Witcher 3 Wild Hunt E3 Vorschau]. Zuletzt besucht am 18.04.2014</ref>. In ''[[The Witcher 3: Wild Hunt]]'' wird dieser Ort von den Reitern der [[Wilde Jagd|Wilden Jagd]] heimgesucht und niedergebrannt, es gab nur 1 Überlebenden. Der Dörfler erzählt [[Geralt von Riva]] von den Geschehnissen und hilft damit dem [[Hexer]], denn dieser ist selbst auf der Jagd nach den Reitern. 

==Anmerkung==
Dalvik kommt in der Endfassung von ""The Witcher 3"" nicht mehr vor. Auch nicht Bjorn, der bis dato namentlich als einziger Überlebender des Dorfes genannt wurde. Es ist anzunehmen, dass das früher geplante Dalvik letztendlich zu dem Dorf [[Heidfelde]] wurde, denn auch dieses Dorf wurde von der Wilden Jagd heimgesucht und es gibt dort ebenfalls nur noch 1 (namemlosen) [[Überlebender|Überlebenden]].<ref>[https://www.reddit.com/r/witcher/comments/4jgc9t/want_to_definitively_know_what_happens_to/ Analyse eines Reddit-Nutzers] zu den verworfenen Dialogen im Trailer</ref>

==Fußnoten==
<references />

[[en:Dalvik]]
[[es:Dalvik]]

[[Kategorie:The Witcher 3 Orte]]","{'batchcomplete': True, 'query': {'pages': [{'pageid': 27065, 'ns': 0, 'title': 'Dalvik', 'revisions': [{'slots': {'main': {'contentmodel': 'wikitext', 'contentformat': 'text/x-wiki', 'content': '{{Infoboxorte3\n| name         = Dalvik\n| bild         = Tw3 dalvik.jpg\n| beschreibung = Dalvik in The Witcher 3, von der Wilden Jagd gebrandschatzt\n| art          = [[:Kategorie:Dörfer|Dorf]]\n| stufe        = \n| lage         = [[Skellige]]<ref name = ""pcgames"" />\n}}\n\'\'\'{{PAGENAME}}\'\'\' ist ein Dorf auf den [[Skellige]]-Inseln<ref name=""pcgames"">Quelle: [http://www.pcgameshardware.de/The-Witcher-3-PC-237266/Specials/The-Witcher-3-Wild-Hunt-E3-Vorschau-1074492/ PCgames The Witcher 3 Wild Hunt E3 Vorschau]. Zuletzt besucht am 18.04.2014</ref>. In \'\'[[The Witcher 3: Wild Hunt]]\'\' wird dieser Ort von den Reitern der [[Wilde Jagd|Wilden Jagd]] heimgesucht und niedergebrannt, es gab nur 1 Überlebenden. Der Dörfler erzählt [[Geralt von Riva]] von den Geschehnissen und hilft damit dem [[Hexer]], denn dieser ist selbst auf der Jagd nach den Reitern. \n\n==Anmerkung==\nDalvik kommt in der Endfassung von ""The Witcher 3"" nicht mehr vor. Auch nicht Bjorn, der bis dato namentlich als einziger Überlebender des Dorfes genannt wurde. Es ist anzunehmen, dass das früher geplante Dalvik letztendlich zu dem Dorf [[Heidfelde]] wurde, denn auch dieses Dorf wurde von der Wilden Jagd heimgesucht und es gibt dort ebenfalls nur noch 1 (namemlosen) [[Überlebender|Überlebenden]].<ref>[https://www.reddit.com/r/witcher/comments/4jgc9t/want_to_definitively_know_what_happens_to/ Analyse eines Reddit-Nutzers] zu den verworfenen Dialogen im Trailer</ref>\n\n==Fußnoten==\n<references />\n\n[[en:Dalvik]]\n[[es:Dalvik]]\n\n[[Kategorie:The Witcher 3 Orte]]'}}}]}]}}"
Ddiddiwedht,"{{Infoboxorte3
| name = Ddiddiwedht
| bild = Tw3 ddiddiwedht desert.jpg
| art = Parallelwelt
| lage = Erste Welt nach Betreten des Portals im Keller des [[Das Spukhaus (The Witcher 3)|Spukhauses]]
| region = [[Die Spirale]]
}}

'''Ddiddiwedht''' ist eine Wüste, die Teil einer verlassenen und ausgetrockneten Welt ist. Sie wird nur noch von Wüstenkreaturen wie [[Sandwurm|Sandwürmern]] bewohnt, die lange ohne Wasser auskommen können.

Die Wüste Ddiddiwedht ist die erste Welt, in die [[Geralt]] während seiner Reise durch mehrere [[Portal]]e auf unterschiedlichen Welten nach [[Tir ná Lia]] gelangt.
Es ist Teil einer verlassenen und trockenen Welt, die von Sandkrabben bewohnt wird. Es ist die erste Welt, durch die er während '' Durch Zeit und Raum '' reist.


== Notes ==
* Vor langer Zeit war diese Welt von einem Meer mit intelligenten Lebensformen bedeckt. ''Aber wie es aussieht, hat sie das auch nicht davon abgehalten, alle Ressourcen ihrer Welt auszubeuten. Bis zum letzten Tropfen.'' Der ""intelligente Ozean"" ist wahrscheinlich eine Anspielung auf den Roman ''{{W|Solaris (Roman)|Solaris}}'' des polnischen Science-fiction-Autors {{W|Stanisław Lem}}.

== Galerie ==
<gallery widths=""250px"">
Tw3 ddiddiwedht desert 2.jpg|Elfenruinen
Tw3 ddiddiwedht desert 3.jpg|Ankunftspunkt
Tw3 ddiddiwedht desert portal.jpg|Das Portal
</gallery>

{{tw3region}}

[[Kategorie:Wüsten]]

[[en:Ddiddiwedht Desert]]
[[fr:Désert de Ddiddiwedht]]
[[it:Deserto di Ddiddiwedht]]
[[pl:Pustyni Ddiddiwedht]]
[[pt-br:Deserto Ddiddiwedht]]
[[ru:Песчаный мир (Ddiddiwedht)]]","{'batchcomplete': True, 'query': {'pages': [{'pageid': 32296, 'ns': 0, 'title': 'Ddiddiwedht', 'revisions': [{'slots': {'main': {'contentmodel': 'wikitext', 'contentformat': 'text/x-wiki', 'content': '{{Infoboxorte3\n| name = Ddiddiwedht\n| bild = Tw3 ddiddiwedht desert.jpg\n| art = Parallelwelt\n| lage = Erste Welt nach Betreten des Portals im Keller des [[Das Spukhaus (The Witcher 3)|Spukhauses]]\n| region = [[Die Spirale]]\n}}\n\n\'\'\'Ddiddiwedht\'\'\' ist eine Wüste, die Teil einer verlassenen und ausgetrockneten Welt ist. Sie wird nur noch von Wüstenkreaturen wie [[Sandwurm|Sandwürmern]] bewohnt, die lange ohne Wasser auskommen können.\n\nDie Wüste Ddiddiwedht ist die erste Welt, in die [[Geralt]] während seiner Reise durch mehrere [[Portal]]e auf unterschiedlichen Welten nach [[Tir ná Lia]] gelangt.\nEs ist Teil einer verlassenen und trockenen Welt, die von Sandkrabben bewohnt wird. Es ist die erste Welt, durch die er während \'\' Durch Zeit und Raum \'\' reist.\n\n\n== Notes ==\n* Vor langer Zeit war diese Welt von einem Meer mit intelligenten Lebensformen bedeckt. \'\'Aber wie es aussieht, hat sie das auch nicht davon abgehalten, alle Ressourcen ihrer Welt auszubeuten. Bis zum letzten Tropfen.\'\' Der ""intelligente Ozean"" ist wahrscheinlich eine Anspielung auf den Roman \'\'{{W|Solaris (Roman)|Solaris}}\'\' des polnischen Science-fiction-Autors {{W|Stanisław Lem}}.\n\n== Galerie ==\n<gallery widths=""250px"">\nTw3 ddiddiwedht desert 2.jpg|Elfenruinen\nTw3 ddiddiwedht desert 3.jpg|Ankunftspunkt\nTw3 ddiddiwedht desert portal.jpg|Das Portal\n</gallery>\n\n{{tw3region}}\n\n[[Kategorie:Wüsten]]\n\n[[en:Ddiddiwedht Desert]]\n[[fr:Désert de Ddiddiwedht]]\n[[it:Deserto di Ddiddiwedht]]\n[[pl:Pustyni Ddiddiwedht]]\n[[pt-br:Deserto Ddiddiwedht]]\n[[ru:Песчаный мир (Ddiddiwedht)]]'}}}]}]}}"
Deireadh-Gefaengnis,Error: 'revisions',
Delenfer-Pass,"{{stub}}
{{Infoboxorte3
| name = Delenfer-Pass
| bild = Tw3 baw - delenfer pass.png
| art = [[:Kategorie:Gebirgspass|Gebirgspass]]
| lage = Östliches Toussaint
| region = [[Toussaint]]
| erweiterung = bw
}}

== Quests ==
* [[Person(en) in Not]]

== Notizen ==
* Der Name dieses Gebirgspasses kommt von dem französischen ''de l'enfer'' und bedeutet ""aus der Hölle"".

[[Kategorie:Gebirgspass]]

[[en:Delenfer Pass]]
[[fr:Col de l'Enfer]]
[[it:Passo di Delenfer]]
[[pl:Czarcie Wrota]]","{'batchcomplete': True, 'query': {'pages': [{'pageid': 40828, 'ns': 0, 'title': 'Delenfer-Pass', 'revisions': [{'slots': {'main': {'contentmodel': 'wikitext', 'contentformat': 'text/x-wiki', 'content': '{{stub}}\n{{Infoboxorte3\n| name = Delenfer-Pass\n| bild = Tw3 baw - delenfer pass.png\n| art = [[:Kategorie:Gebirgspass|Gebirgspass]]\n| lage = Östliches Toussaint\n| region = [[Toussaint]]\n| erweiterung = bw\n}}\n\n== Quests ==\n* [[Person(en) in Not]]\n\n== Notizen ==\n* Der Name dieses Gebirgspasses kommt von dem französischen \'\'de l\'enfer\'\' und bedeutet ""aus der Hölle"".\n\n[[Kategorie:Gebirgspass]]\n\n[[en:Delenfer Pass]]\n[[fr:Col de l\'Enfer]]\n[[it:Passo di Delenfer]]\n[[pl:Czarcie Wrota]]'}}}]}]}}"
Denkmal_des_Propheten_Majoran,"{{Infoboxorte3
| name = Denkmal des Propheten Majoran
| bild = Tw3 bw prophet lebioda statue.jpg
| bildgröße = 
| beschreibung = 
| karte = <!-- optional, sofern es eine Karte in Ergänzung des Screenshots gibt -->
| aka = 
| art = Denkmal
| stufe = 
| lage = Westufer des [[Sansretour]], nordwestlich der [[Plegmund-Brücke]], [[Sansretour-Tal]]
| region = [[Toussaint]]
| einwohner =
| erweiterung = baw
| schnellreisen = j
| boot = j
}}
{{schnellreisen}} {{boot}}

Die '''Denkmal des Propheten Majoran''' ist eine riesige Statue des [[Prophet Majoran|Propheten Majoran]], das am Westufer des [[Sansretour]] errichtet wird. 

Der Platz, auf dem im Zuge der Questreihe ""Große Fußstapfen"" das Denkmal errichtet wird, ist zu Anfang eine große Baustelle. [[Geralt]] kann den Baufortschritt maßgeblich unterstützen, indem er den Händlern und Architekten Banditen vom Leibe hält, die Lieferungen überfallen und damit das Vorhaben aufhalten. Die Statue wird in 5 Schritten erstehen.

== Kartenbeschreibung ==
:''Während der Regentschaft Herzogin [[Carolina Roberta|Carobertas]] suchte ein gewisser Jünger des Propheten Majoran namens [[Plegmund]] Toussaint auf. Seine Worte und Taten, zu welchen auch Wunder gehörten, waren dermaßen überzeugend, dass praktisch das gesamte Herzogtum zum neuen Glauben wechselte. Dieser Ausbruch der Frömmigkeit wurde von einem Tempelbau für den Propheten gekrönt, doch das reichte Plegmund nicht. Er überredete die Herzogin, zu Ehren Majorans ein Denkmal zu errichten, das seinesgleichen suchte.''

== Quests ==
* [[Die Worte der Propheten auf den Sarkophagen]]
* [[Große Fußstapfen: Die erste Gruppe]]
* [[Große Fußstapfen: Die zweite Gruppe]]
* [[Große Fußstapfen: Die dritte Gruppe]]
* [[Große Fußstapfen: Die vierte Gruppe]]
* [[Große Fußstapfen: Die fünfte Gruppe]]
* [[Auftrag: Rinderwahn]], für das Beenden des Baus

== Anmerkungen ==
* Je nach Reihenfolge der erfüllten Quests, wird die vierte Gruppe fehlschlagen, falls die Arbeiter da schon tot sind, was den Anschein macht, dass die Statue nicht vollendet werden kann. Wenn jedoch schlussendlich noch der ""[[Auftrag: Rinderwahn]]"" erfüllt wird, kann der Bau fortgeführt und die Statue zu Ende gebaut werden.
* Die Statue ist eine Anspielung auf ein Denkmal in Polen namens {{W|Christus-König-Statue (Świebodzin)|Christus König}} in {{W|Świebodzin}}, Polen (poln.: ''Figura Jezusa Chrystusa Króla Wszechświata'', auf Deutsch: ''Figur des Jesus Christus König des Universums''), die höchste Christusfigur der Welt. In der polnischen Version des Spiels, spielen einige Poster und Aushänge auf den Propheten als ""der König des Universums"" an.

==Galerie==
<gallery>
File:Tw3_baw_prophet_lebioda_statue_(1).jpg|Die Statue im Sonnenuntergang
File:Tw3 baw prophet lebioda statue (2).jpg|Überblick über die gesamte Baustelle
</gallery>

[[en:Prophet Lebioda Statue]]
[[fr:Statue du prophète Lebioda]]
[[it:Statua del profeta Lebioda]]
[[pl:Posąg Proroka Lebiody]]
[[ru:Статуя Пророка Лебеды]]","{'batchcomplete': True, 'query': {'normalized': [{'fromencoded': False, 'from': 'Denkmal_des_Propheten_Majoran', 'to': 'Denkmal des Propheten Majoran'}], 'pages': [{'pageid': 39733, 'ns': 0, 'title': 'Denkmal des Propheten Majoran', 'revisions': [{'slots': {'main': {'contentmodel': 'wikitext', 'contentformat': 'text/x-wiki', 'content': '{{Infoboxorte3\n| name = Denkmal des Propheten Majoran\n| bild = Tw3 bw prophet lebioda statue.jpg\n| bildgröße = \n| beschreibung = \n| karte = <!-- optional, sofern es eine Karte in Ergänzung des Screenshots gibt -->\n| aka = \n| art = Denkmal\n| stufe = \n| lage = Westufer des [[Sansretour]], nordwestlich der [[Plegmund-Brücke]], [[Sansretour-Tal]]\n| region = [[Toussaint]]\n| einwohner =\n| erweiterung = baw\n| schnellreisen = j\n| boot = j\n}}\n{{schnellreisen}} {{boot}}\n\nDie \'\'\'Denkmal des Propheten Majoran\'\'\' ist eine riesige Statue des [[Prophet Majoran|Propheten Majoran]], das am Westufer des [[Sansretour]] errichtet wird. \n\nDer Platz, auf dem im Zuge der Questreihe ""Große Fußstapfen"" das Denkmal errichtet wird, ist zu Anfang eine große Baustelle. [[Geralt]] kann den Baufortschritt maßgeblich unterstützen, indem er den Händlern und Architekten Banditen vom Leibe hält, die Lieferungen überfallen und damit das Vorhaben aufhalten. Die Statue wird in 5 Schritten erstehen.\n\n== Kartenbeschreibung ==\n:\'\'Während der Regentschaft Herzogin [[Carolina Roberta|Carobertas]] suchte ein gewisser Jünger des Propheten Majoran namens [[Plegmund]] Toussaint auf. Seine Worte und Taten, zu welchen auch Wunder gehörten, waren dermaßen überzeugend, dass praktisch das gesamte Herzogtum zum neuen Glauben wechselte. Dieser Ausbruch der Frömmigkeit wurde von einem Tempelbau für den Propheten gekrönt, doch das reichte Plegmund nicht. Er überredete die Herzogin, zu Ehren Majorans ein Denkmal zu errichten, das seinesgleichen suchte.\'\'\n\n== Quests ==\n* [[Die Worte der Propheten auf den Sarkophagen]]\n* [[Große Fußstapfen: Die erste Gruppe]]\n* [[Große Fußstapfen: Die zweite Gruppe]]\n* [[Große Fußstapfen: Die dritte Gruppe]]\n* [[Große Fußstapfen: Die vierte Gruppe]]\n* [[Große Fußstapfen: Die fünfte Gruppe]]\n* [[Auftrag: Rinderwahn]], für das Beenden des Baus\n\n== Anmerkungen ==\n* Je nach Reihenfolge der erfüllten Quests, wird die vierte Gruppe fehlschlagen, falls die Arbeiter da schon tot sind, was den Anschein macht, dass die Statue nicht vollendet werden kann. Wenn jedoch schlussendlich noch der ""[[Auftrag: Rinderwahn]]"" erfüllt wird, kann der Bau fortgeführt und die Statue zu Ende gebaut werden.\n* Die Statue ist eine Anspielung auf ein Denkmal in Polen namens {{W|Christus-König-Statue (Świebodzin)|Christus König}} in {{W|Świebodzin}}, Polen (poln.: \'\'Figura Jezusa Chrystusa Króla Wszechświata\'\', auf Deutsch: \'\'Figur des Jesus Christus König des Universums\'\'), die höchste Christusfigur der Welt. In der polnischen Version des Spiels, spielen einige Poster und Aushänge auf den Propheten als ""der König des Universums"" an.\n\n==Galerie==\n<gallery>\nFile:Tw3_baw_prophet_lebioda_statue_(1).jpg|Die Statue im Sonnenuntergang\nFile:Tw3 baw prophet lebioda statue (2).jpg|Überblick über die gesamte Baustelle\n</gallery>\n\n[[en:Prophet Lebioda Statue]]\n[[fr:Statue du prophète Lebioda]]\n[[it:Statua del profeta Lebioda]]\n[[pl:Posąg Proroka Lebiody]]\n[[ru:Статуя Пророка Лебеды]]'}}}]}]}}"
Der_Kahle_Berg_(Ort),"{{stub}}
'''Kahler Berg''' ist die deutsche Bezeichnung für '''Łysa Góra''', einen Berg in Polen. Im polnischen Volksglauben des Mittelalters war der Berg eine heilige Stätte heidnischer Religionen. Vor allem heißt es, dass sich auf diesem öden Berg, auf dem kein Baum, kein Strauch und kein Gras wachsen, Hexen für ihre Sabbate treffen. Mit ""Kahler Berg"" bzw. ""Łysa Góra"" werden in Legenden Berge bezeichnet, an denen Zauberer, Hexen und Magier sich zu ihren Treffen versammeln. Im Deutschen ist der Kahle Berg mit der Legende um den {{W|Blocksberg_(Berg)|Blocksberg}} zu vergleichen.

Im Roman ''[[Feuertaufe]]'' (''Chrzest ognia'') verwenden der Märchenerzähler [[Pfiffer]] und das kleine Mädchen [[Nimue]] die Bezeichnung ""Kahler Berg"" und meinen damit Schloss [[Montecalvo]], wo sich die [[Loge der Zauberinnen]] zu ihren Treffen versammelt.

=={{tw3}}==
{{Infoboxorte3
| name	   = Der Kahle Berg
| bild = tw3_bald_mountain_(location).jpg
| beschriftung  = Screenshot des Kahlen Bergs in ""The Witcher 3""
| art = [[:Kategorie:Gebirge|Berg]]
| lage = Südliches [[Velen]]
| region   = [[Velen]]
}}'''Der Kahle Berg''' im südlichen [[Velen]] wird von einer uralten Eiche gekrönt. Jedes Jahr veranstalten die [[Muhmen]] dort ihren Sabbat. Am Fuß des Berges befindet sich ein [[Straßen zum Kahlen Berg|kleines Dorf]]. Das umgebende Areal ist vom gleichen Namen, es gibt verschiedene Schnellreisepunkte.

=== Schnellreisepunkte ===
* [[Wegkreuzung (Velen)|Wegkreuzung]]
* [[Zerstörte Bastion]]
* [[Straßen zum Kahlen Berg]]

=== Quests ===
* [[Der Kahle Berg (Quest)|Der Kahle Berg]]

[[Kategorie:Kultur]]
[[Kategorie:Gebirge]]

[[en:Bald Mountain (location)]]
[[es:Montaña Calva (lugar)]]
[[pl:Łysa Góra]]
[[pt-br:Montanha Careca]]
[[ru:Лысая гора]]
[[tr:Çıplak Dağ (yer)]]","{'batchcomplete': True, 'query': {'normalized': [{'fromencoded': False, 'from': 'Der_Kahle_Berg_(Ort)', 'to': 'Der Kahle Berg (Ort)'}], 'pages': [{'pageid': 6242, 'ns': 0, 'title': 'Der Kahle Berg (Ort)', 'revisions': [{'slots': {'main': {'contentmodel': 'wikitext', 'contentformat': 'text/x-wiki', 'content': '{{stub}}\n\'\'\'Kahler Berg\'\'\' ist die deutsche Bezeichnung für \'\'\'Łysa Góra\'\'\', einen Berg in Polen. Im polnischen Volksglauben des Mittelalters war der Berg eine heilige Stätte heidnischer Religionen. Vor allem heißt es, dass sich auf diesem öden Berg, auf dem kein Baum, kein Strauch und kein Gras wachsen, Hexen für ihre Sabbate treffen. Mit ""Kahler Berg"" bzw. ""Łysa Góra"" werden in Legenden Berge bezeichnet, an denen Zauberer, Hexen und Magier sich zu ihren Treffen versammeln. Im Deutschen ist der Kahle Berg mit der Legende um den {{W|Blocksberg_(Berg)|Blocksberg}} zu vergleichen.\n\nIm Roman \'\'[[Feuertaufe]]\'\' (\'\'Chrzest ognia\'\') verwenden der Märchenerzähler [[Pfiffer]] und das kleine Mädchen [[Nimue]] die Bezeichnung ""Kahler Berg"" und meinen damit Schloss [[Montecalvo]], wo sich die [[Loge der Zauberinnen]] zu ihren Treffen versammelt.\n\n=={{tw3}}==\n{{Infoboxorte3\n| name\t   = Der Kahle Berg\n| bild = tw3_bald_mountain_(location).jpg\n| beschriftung  = Screenshot des Kahlen Bergs in ""The Witcher 3""\n| art = [[:Kategorie:Gebirge|Berg]]\n| lage = Südliches [[Velen]]\n| region   = [[Velen]]\n}}\'\'\'Der Kahle Berg\'\'\' im südlichen [[Velen]] wird von einer uralten Eiche gekrönt. Jedes Jahr veranstalten die [[Muhmen]] dort ihren Sabbat. Am Fuß des Berges befindet sich ein [[Straßen zum Kahlen Berg|kleines Dorf]]. Das umgebende Areal ist vom gleichen Namen, es gibt verschiedene Schnellreisepunkte.\n\n=== Schnellreisepunkte ===\n* [[Wegkreuzung (Velen)|Wegkreuzung]]\n* [[Zerstörte Bastion]]\n* [[Straßen zum Kahlen Berg]]\n\n=== Quests ===\n* [[Der Kahle Berg (Quest)|Der Kahle Berg]]\n\n[[Kategorie:Kultur]]\n[[Kategorie:Gebirge]]\n\n[[en:Bald Mountain (location)]]\n[[es:Montaña Calva (lugar)]]\n[[pl:Łysa Góra]]\n[[pt-br:Montanha Careca]]\n[[ru:Лысая гора]]\n[[tr:Çıplak Dağ (yer)]]'}}}]}]}}"
Die_Gaensemoese,Error: 'revisions',
Doren-Alma-Anwesen,"{{Infoboxorte3
| name = Doren-Alma-Anwesen
| bild = tw3_baw_doren_alma_estate.jpg
| art = Anwesen
| erweiterung = bw
| lage = Südöstlich vom [[Gélenser-Hof]].
| region = [[Toussaint]]
}}

Das '''Doren-Alma-Anwesen''' ist ein luxuriöser Gutshof in der ''[[Blood and Wine]]'' Erweiterung.

== Quest ==
* [[Maskerade für Fortgeschrittene]]

== Notizen ==
* Das Anwesen kann nur während der Quest [[Maskerade für Fortgeschrittene]] betreten werden.

== Galerie ==
<gallery widths=""250px"">
tw3_baw_doren_alma_estate_(1).jpg|Der geschmackvolle Innenhof des Anwesens. Aber nimmt dich in Acht vor den unheimlich lebensecht wirkenden Statuen.
Tw3 bw durand.jpg|Der eher heruntergekommen aussehende Besitzer des Anwesens, Durand de Savarin, hat eine weniger angenehme Erfahrung hinter sich.
</gallery>

[[en:Doren Alma Estate]]
[[fr:Domaine Doren Alma]]
[[it:Tenuta di Doren Alma]]
[[pl:Posiadłość Doren Alma]]
[[ru:Поместье Дорен Альма]]","{'batchcomplete': True, 'query': {'pages': [{'pageid': 40840, 'ns': 0, 'title': 'Doren-Alma-Anwesen', 'revisions': [{'slots': {'main': {'contentmodel': 'wikitext', 'contentformat': 'text/x-wiki', 'content': '{{Infoboxorte3\n| name = Doren-Alma-Anwesen\n| bild = tw3_baw_doren_alma_estate.jpg\n| art = Anwesen\n| erweiterung = bw\n| lage = Südöstlich vom [[Gélenser-Hof]].\n| region = [[Toussaint]]\n}}\n\nDas \'\'\'Doren-Alma-Anwesen\'\'\' ist ein luxuriöser Gutshof in der \'\'[[Blood and Wine]]\'\' Erweiterung.\n\n== Quest ==\n* [[Maskerade für Fortgeschrittene]]\n\n== Notizen ==\n* Das Anwesen kann nur während der Quest [[Maskerade für Fortgeschrittene]] betreten werden.\n\n== Galerie ==\n<gallery widths=""250px"">\ntw3_baw_doren_alma_estate_(1).jpg|Der geschmackvolle Innenhof des Anwesens. Aber nimmt dich in Acht vor den unheimlich lebensecht wirkenden Statuen.\nTw3 bw durand.jpg|Der eher heruntergekommen aussehende Besitzer des Anwesens, Durand de Savarin, hat eine weniger angenehme Erfahrung hinter sich.\n</gallery>\n\n[[en:Doren Alma Estate]]\n[[fr:Domaine Doren Alma]]\n[[it:Tenuta di Doren Alma]]\n[[pl:Posiadłość Doren Alma]]\n[[ru:Поместье Дорен Альма]]'}}}]}]}}"
Dorf_Mohrin,"{{Infoboxorte3
| name = Dorf Mohrin
| bild = Tw3 mohrin village 1.jpg
| beschreibung =
| art = Dorf
| lage = Östliche Sturmfelder, nord-nordwestlich vom [[Château Fraîche]]
| region = [[Sturmfelder]]
| laden = Kaufmann (Dorf Mohrin)
| erweiterung = hos
}}
{{Verlassene Stätte}}

'''Dorf Mohrin''' ist anfangs eine [[Verlassene Stätte]] in der ''[[Hearts of Stone]]'' Erweiterung. Wenn Geralt das Dorf zum ersten Mal betritt, ist es überrannt von abtrünnigen Rittern des [[Orden der Flammenrose]].

Für die Befreiung des Dorfes erhält [[Geralt]] 150 {{exp}} und 50 {{kronen}}. Die Einwohner kehren zurück und bringen einen [[Kaufmann (Dorf Mohrin)|Kaufmann]] mit.

== Galerie ==
<gallery widths=""250px"">
Tw3 mohrin village 2.jpg
</gallery>

[[en:Mohrin Village]]
[[fr:Village de Mohrin]]
[[it:Villaggio di Mohrin]]
[[pl:Wioska Moryń]]
[[ru:Село Морынь]]","{'batchcomplete': True, 'query': {'normalized': [{'fromencoded': False, 'from': 'Dorf_Mohrin', 'to': 'Dorf Mohrin'}], 'pages': [{'pageid': 41209, 'ns': 0, 'title': 'Dorf Mohrin', 'revisions': [{'slots': {'main': {'contentmodel': 'wikitext', 'contentformat': 'text/x-wiki', 'content': '{{Infoboxorte3\n| name = Dorf Mohrin\n| bild = Tw3 mohrin village 1.jpg\n| beschreibung =\n| art = Dorf\n| lage = Östliche Sturmfelder, nord-nordwestlich vom [[Château Fraîche]]\n| region = [[Sturmfelder]]\n| laden = Kaufmann (Dorf Mohrin)\n| erweiterung = hos\n}}\n{{Verlassene Stätte}}\n\n\'\'\'Dorf Mohrin\'\'\' ist anfangs eine [[Verlassene Stätte]] in der \'\'[[Hearts of Stone]]\'\' Erweiterung. Wenn Geralt das Dorf zum ersten Mal betritt, ist es überrannt von abtrünnigen Rittern des [[Orden der Flammenrose]].\n\nFür die Befreiung des Dorfes erhält [[Geralt]] 150 {{exp}} und 50 {{kronen}}. Die Einwohner kehren zurück und bringen einen [[Kaufmann (Dorf Mohrin)|Kaufmann]] mit.\n\n== Galerie ==\n<gallery widths=""250px"">\nTw3 mohrin village 2.jpg\n</gallery>\n\n[[en:Mohrin Village]]\n[[fr:Village de Mohrin]]\n[[it:Villaggio di Mohrin]]\n[[pl:Wioska Moryń]]\n[[ru:Село Морынь]]'}}}]}]}}"
Dorf_Weissgarten,Error: 'revisions',
Drachenmulde,"{{stub}}
{{Infoboxorte3
| name = Drachenmulde
| bild = tw3_draken_hollow.jpg
| beschreibung =
| art =
| lage =
| region = [[Novigrad]]
| erweiterung = hos
}}

Die '''Drachenmulde''' ist eine Region im östlichen [[Novigrad]].

== Interessante Orte ==
* [[Außenposten von Drachenmulde]]
* [[Meister Topicals Hütte]]

== Quests ==
* [[Person(en) in Not]]

[[en:Draken Hollow]]
[[fr:Doline de Draken]]
[[it:Draken Hollow]]
[[pl:Smocza Dolina]]
[[ru:Драконья долина]]","{'batchcomplete': True, 'query': {'pages': [{'pageid': 40849, 'ns': 0, 'title': 'Drachenmulde', 'revisions': [{'slots': {'main': {'contentmodel': 'wikitext', 'contentformat': 'text/x-wiki', 'content': ""{{stub}}\n{{Infoboxorte3\n| name = Drachenmulde\n| bild = tw3_draken_hollow.jpg\n| beschreibung =\n| art =\n| lage =\n| region = [[Novigrad]]\n| erweiterung = hos\n}}\n\nDie '''Drachenmulde''' ist eine Region im östlichen [[Novigrad]].\n\n== Interessante Orte ==\n* [[Außenposten von Drachenmulde]]\n* [[Meister Topicals Hütte]]\n\n== Quests ==\n* [[Person(en) in Not]]\n\n[[en:Draken Hollow]]\n[[fr:Doline de Draken]]\n[[it:Draken Hollow]]\n[[pl:Smocza Dolina]]\n[[ru:Драконья долина]]""}}}]}]}}"
Drachentoetergrotte,Error: 'revisions',
Dreibergtor,"{{Infoboxorte3
| name = Dreibergtor
| bild = tw3_tretogor_gate.jpg
| art = Tor / Wachposten
| lage = [[Novigrad]]
| region = [[Novigrad]]
| schnellreisen = y
}}
{{schnellreisen}}

Das '''Dreibergtor''' ist eines der sechs Stadttore der Freien Stadt von [[Novigrad]]. Es befindet sich zwischen dem [[Tor des Hierarchen]] und dem [[Südtor]] auf der südlichen Seite der Stadt.

== Kartenbeschreibung ==
:''Das Tor wurde mit den finanziellen Mitteln der redanischen Königsfamilie errichtet, die die Gunst der Händler von Novigrad und des Hierarchen erlangen wollte und deshalb einen großen Betrag zu seinem Bau beisteuerte. Außerdem stellte sie die nicht minder wertvolle Arbeitskraft der Meisterarchitektin Gräfin Anna Yaye-Pinkovitz und ihrer erfahrenen Handwerker bereit.''

== Quests ==
* [[Das Dilemma mit den Zwergendokumenten]]
* [[Fechtunterricht]]

[[Kategorie:Novigrad]]

[[en:Tretogor Gate]]
[[fr:Porte de Tretogor]]
[[it:Cancello di Tretogor]]
[[pl:Brama Tretogorska]]
[[ru:Третогорские ворота]]","{'batchcomplete': True, 'query': {'pages': [{'pageid': 41497, 'ns': 0, 'title': 'Dreibergtor', 'revisions': [{'slots': {'main': {'contentmodel': 'wikitext', 'contentformat': 'text/x-wiki', 'content': ""{{Infoboxorte3\n| name = Dreibergtor\n| bild = tw3_tretogor_gate.jpg\n| art = Tor / Wachposten\n| lage = [[Novigrad]]\n| region = [[Novigrad]]\n| schnellreisen = y\n}}\n{{schnellreisen}}\n\nDas '''Dreibergtor''' ist eines der sechs Stadttore der Freien Stadt von [[Novigrad]]. Es befindet sich zwischen dem [[Tor des Hierarchen]] und dem [[Südtor]] auf der südlichen Seite der Stadt.\n\n== Kartenbeschreibung ==\n:''Das Tor wurde mit den finanziellen Mitteln der redanischen Königsfamilie errichtet, die die Gunst der Händler von Novigrad und des Hierarchen erlangen wollte und deshalb einen großen Betrag zu seinem Bau beisteuerte. Außerdem stellte sie die nicht minder wertvolle Arbeitskraft der Meisterarchitektin Gräfin Anna Yaye-Pinkovitz und ihrer erfahrenen Handwerker bereit.''\n\n== Quests ==\n* [[Das Dilemma mit den Zwergendokumenten]]\n* [[Fechtunterricht]]\n\n[[Kategorie:Novigrad]]\n\n[[en:Tretogor Gate]]\n[[fr:Porte de Tretogor]]\n[[it:Cancello di Tretogor]]\n[[pl:Brama Tretogorska]]\n[[ru:Третогорские ворота]]""}}}]}]}}"
Druidenkreis,"{{Infoboxortebuch
| name         = Druidenkreise
| bild         = tw3_gedyneith.jpg
| beschriftung = Screenshot Gedyneith, einer heiligen Eiche in ""The Witcher 3""
| size         =
| bild2        = Places Druids circle.png
| beschriftung2= Druidenzirkel bei Nacht aus ""The Witcher"" (1)
| size2        =
| bild3        = 
| beschriftung3= 
| size3        =
| aka          = 
| art          = Treffpunkt der [[Druiden]]
| lage         = Lichtung eines Hains
| vorkommen    = 
* Bücher:
** [[Das Erbe der Elfen]]
** [[Feuertaufe]]
** [[Der Schwalbenturm]]
** [[Die Dame vom See]]
* Computerspiele:
** [[The Witcher (Computerspiel)|The Witcher]]
** [[The Witcher 3: Wild Hunt]]
| vorkommenklein=
}}
Ein '''Druidenkreis''' ist üblicherweise eine Lichtung auf einem Hain, wo [[Druiden]] leben oder sich versammeln. Der Begriff wird auch verwendet, um sich auf die Gruppe der Druiden selbst zu beziehen.

== In den Büchern ==
In der [[Geralt-Saga]] von [[Andrzej Sapkowski]] werden verschiedene Zirkel genannt:
* [[Caed Myrkvid]], an der Grenze zu [[Toussaint]]
* [[Bleobheris]] - heiliger Baum und Treffpunkt
* [[Caed Dhu]], der Zirkel in [[Angren]]
* Zirkel in [[Kovir]]
* Zirkel bei [[Mayena]] (Mayenaer Druidenkreis), dem auch [[Visenna]] angehört
* [[Loc Monduirn]]

== {{tw1}} ==
In ''{{tw1}}'' befindet sich ein Druidenkreis in [[Trübwasser]]. Auf den weit im Hinterland liegenden [[Felder von Trübwasser|Feldern]] sind große bis an den Horizont reichende Getreidefelder angelegt, deren Ähren sich im Wind wiegen. Irgendwo in den Feldern liegen die malerischen Ruinen eines alten Klosters. Weit im Osten lebt ein [[Einsiedler]] in seiner Hütte und mit ein wenig Geflügelzucht im Vorgarten. Über dem gesamten Gebiet liegt ein märchenhaftes Flair. Seit geraumer Zeit stört allerdings das Auftauchen von [[Mittagserscheinungen]], [[Riesentausendfüssler]]n und [[Verschlinger]]n die Idylle.

=== Quests ===
* [[Jagd auf die Wilde Jagd]]
* [[Die Hitze des Tages]]

===[[The Witcher Journal|Tagebucheintrag]]===
:''Es ist erstaunlich, wie viel alte Magie dieses Land noch birgt. Nahe des Eremitengrundstücks befindet sich der Druidenkreis mit einer Statue. Mit dem Druidenkreis messen die Weisen die Zeit und einigen Theorien zufolge können sie sogar die Zukunft hier voraussagen. Der Eremit berichtet, dass jüngst Erscheinungen und der [[König der Wilden Jagd]] hier ihr Unwesen treiben und sich der Magie bemächtigen wollen.''

=== Tipps ===
* Nachts wird die Kerze am Fuße des Altars angezündet. Geralt kann es mit [[Aard (Zeichen)|Aard]] ausblasen und mit [[Igni (Zeichen)|Igni]] wieder anzünden. (funktioniert wahrscheinlich nicht während der Quest ""Jagd auf die wilde Jagd"".)

== {{tw3}} ==
* [[Gedyneith]], auf [[Ard Skellig]]
* Zirkel auf dem [[Der Kahle Berg (Ort)|Kahlen Berg]] in [[Velen]], vernichtet die [[Muhmen]]

[[Kategorie:Orte]]
[[Kategorie:Organisationen]]
[[Kategorie:The Witcher Orte]]
[[Kategorie:The Witcher Kapitel 4]]
[[Kategorie:The Witcher 3 Orte]]

[[en:Druids' circle]]
[[fr:Cercle des druides]]
[[it:Circolo dei Druidi]]
[[pl:Krąg druidzki]]
[[pt-br:Círculo de Druidas]]","{'batchcomplete': True, 'query': {'pages': [{'pageid': 1985, 'ns': 0, 'title': 'Druidenkreis', 'revisions': [{'slots': {'main': {'contentmodel': 'wikitext', 'contentformat': 'text/x-wiki', 'content': '{{Infoboxortebuch\n| name         = Druidenkreise\n| bild         = tw3_gedyneith.jpg\n| beschriftung = Screenshot Gedyneith, einer heiligen Eiche in ""The Witcher 3""\n| size         =\n| bild2        = Places Druids circle.png\n| beschriftung2= Druidenzirkel bei Nacht aus ""The Witcher"" (1)\n| size2        =\n| bild3        = \n| beschriftung3= \n| size3        =\n| aka          = \n| art          = Treffpunkt der [[Druiden]]\n| lage         = Lichtung eines Hains\n| vorkommen    = \n* Bücher:\n** [[Das Erbe der Elfen]]\n** [[Feuertaufe]]\n** [[Der Schwalbenturm]]\n** [[Die Dame vom See]]\n* Computerspiele:\n** [[The Witcher (Computerspiel)|The Witcher]]\n** [[The Witcher 3: Wild Hunt]]\n| vorkommenklein=\n}}\nEin \'\'\'Druidenkreis\'\'\' ist üblicherweise eine Lichtung auf einem Hain, wo [[Druiden]] leben oder sich versammeln. Der Begriff wird auch verwendet, um sich auf die Gruppe der Druiden selbst zu beziehen.\n\n== In den Büchern ==\nIn der [[Geralt-Saga]] von [[Andrzej Sapkowski]] werden verschiedene Zirkel genannt:\n* [[Caed Myrkvid]], an der Grenze zu [[Toussaint]]\n* [[Bleobheris]] - heiliger Baum und Treffpunkt\n* [[Caed Dhu]], der Zirkel in [[Angren]]\n* Zirkel in [[Kovir]]\n* Zirkel bei [[Mayena]] (Mayenaer Druidenkreis), dem auch [[Visenna]] angehört\n* [[Loc Monduirn]]\n\n== {{tw1}} ==\nIn \'\'{{tw1}}\'\' befindet sich ein Druidenkreis in [[Trübwasser]]. Auf den weit im Hinterland liegenden [[Felder von Trübwasser|Feldern]] sind große bis an den Horizont reichende Getreidefelder angelegt, deren Ähren sich im Wind wiegen. Irgendwo in den Feldern liegen die malerischen Ruinen eines alten Klosters. Weit im Osten lebt ein [[Einsiedler]] in seiner Hütte und mit ein wenig Geflügelzucht im Vorgarten. Über dem gesamten Gebiet liegt ein märchenhaftes Flair. Seit geraumer Zeit stört allerdings das Auftauchen von [[Mittagserscheinungen]], [[Riesentausendfüssler]]n und [[Verschlinger]]n die Idylle.\n\n=== Quests ===\n* [[Jagd auf die Wilde Jagd]]\n* [[Die Hitze des Tages]]\n\n===[[The Witcher Journal|Tagebucheintrag]]===\n:\'\'Es ist erstaunlich, wie viel alte Magie dieses Land noch birgt. Nahe des Eremitengrundstücks befindet sich der Druidenkreis mit einer Statue. Mit dem Druidenkreis messen die Weisen die Zeit und einigen Theorien zufolge können sie sogar die Zukunft hier voraussagen. Der Eremit berichtet, dass jüngst Erscheinungen und der [[König der Wilden Jagd]] hier ihr Unwesen treiben und sich der Magie bemächtigen wollen.\'\'\n\n=== Tipps ===\n* Nachts wird die Kerze am Fuße des Altars angezündet. Geralt kann es mit [[Aard (Zeichen)|Aard]] ausblasen und mit [[Igni (Zeichen)|Igni]] wieder anzünden. (funktioniert wahrscheinlich nicht während der Quest ""Jagd auf die wilde Jagd"".)\n\n== {{tw3}} ==\n* [[Gedyneith]], auf [[Ard Skellig]]\n* Zirkel auf dem [[Der Kahle Berg (Ort)|Kahlen Berg]] in [[Velen]], vernichtet die [[Muhmen]]\n\n[[Kategorie:Orte]]\n[[Kategorie:Organisationen]]\n[[Kategorie:The Witcher Orte]]\n[[Kategorie:The Witcher Kapitel 4]]\n[[Kategorie:The Witcher 3 Orte]]\n\n[[en:Druids\' circle]]\n[[fr:Cercle des druides]]\n[[it:Circolo dei Druidi]]\n[[pl:Krąg druidzki]]\n[[pt-br:Círculo de Druidas]]'}}}]}]}}"
Druidenlager,"{{stub}}
{{Infoboxorte3
| name = Druidenlager
| bild = tw3_druids'_camp.jpg
| beschreibung =
| art = Schnellreisepunkt
| lage = [[Ard Skellig]]
| region = [[Skellige]]
}}
{{schnellreisen}}

Das Lager befindet sich südlich von [[Gedyneith]] und westlich von [[Rotbach]].

== Kartenbeschreibung ==
:''Lager von Druiden, die den magischen Kataklysmus untersuchen, welcher die nahen Wälder verwüstet hat.''

== Quests ==
* [[Echo der Vergangenheit]]

[[en:Druids' Camp]]
[[fr:Campement de druides]]
[[it:Accampamento dei druidi]]
[[pl:Obozowisko druidów]]
[[ru:Лагерь друидов]]","{'batchcomplete': True, 'query': {'pages': [{'pageid': 40861, 'ns': 0, 'title': 'Druidenlager', 'revisions': [{'slots': {'main': {'contentmodel': 'wikitext', 'contentformat': 'text/x-wiki', 'content': ""{{stub}}\n{{Infoboxorte3\n| name = Druidenlager\n| bild = tw3_druids'_camp.jpg\n| beschreibung =\n| art = Schnellreisepunkt\n| lage = [[Ard Skellig]]\n| region = [[Skellige]]\n}}\n{{schnellreisen}}\n\nDas Lager befindet sich südlich von [[Gedyneith]] und westlich von [[Rotbach]].\n\n== Kartenbeschreibung ==\n:''Lager von Druiden, die den magischen Kataklysmus untersuchen, welcher die nahen Wälder verwüstet hat.''\n\n== Quests ==\n* [[Echo der Vergangenheit]]\n\n[[en:Druids' Camp]]\n[[fr:Campement de druides]]\n[[it:Accampamento dei druidi]]\n[[pl:Obozowisko druidów]]\n[[ru:Лагерь друидов]]""}}}]}]}}"
Duchaton-Gipfel,"{{Infoboxorte3
| name = Duchaton-Gipfel
| bild = tw3_baw_duchaton_crest.jpg
| art =
| erweiterung = bw
| lage = Südöstlich vom [[Rioux-Cannes-Außenposten]], [[Gorgo-Ausläufer]]
| region = [[Toussaint]]
| winzer = Weinhändler (Duchaton-Gipfel)
}}

{{Winzerauftrag}}
Der [[Weinhändler (Duchaton-Gipfel)|Weinhändler]] verkauft Essen und Trinken, nachdem die [[Winzerauftrag: Greif in den Reben|Quest]] erledigt wurde.

== Quest ==
* [[Winzerauftrag: Greif in den Reben]]

== Gegenstände ==
* [[Fauna der Nördlichen Reiche, Band 2]], in einem Bündel unter einer der Hütten.

[[en:Duchaton Crest]]
[[fr:Coteau Duchaton]]
[[it:Stemma dei Duchaton]]
[[pl:Koci Grzbiet]]
[[ru:Котий хребет]]","{'batchcomplete': True, 'query': {'pages': [{'pageid': 40870, 'ns': 0, 'title': 'Duchaton-Gipfel', 'revisions': [{'slots': {'main': {'contentmodel': 'wikitext', 'contentformat': 'text/x-wiki', 'content': '{{Infoboxorte3\n| name = Duchaton-Gipfel\n| bild = tw3_baw_duchaton_crest.jpg\n| art =\n| erweiterung = bw\n| lage = Südöstlich vom [[Rioux-Cannes-Außenposten]], [[Gorgo-Ausläufer]]\n| region = [[Toussaint]]\n| winzer = Weinhändler (Duchaton-Gipfel)\n}}\n\n{{Winzerauftrag}}\nDer [[Weinhändler (Duchaton-Gipfel)|Weinhändler]] verkauft Essen und Trinken, nachdem die [[Winzerauftrag: Greif in den Reben|Quest]] erledigt wurde.\n\n== Quest ==\n* [[Winzerauftrag: Greif in den Reben]]\n\n== Gegenstände ==\n* [[Fauna der Nördlichen Reiche, Band 2]], in einem Bündel unter einer der Hütten.\n\n[[en:Duchaton Crest]]\n[[fr:Coteau Duchaton]]\n[[it:Stemma dei Duchaton]]\n[[pl:Koci Grzbiet]]\n[[ru:Котий хребет]]'}}}]}]}}"
Dulcinea-Windmuehle,Error: 'revisions',
Dulevant-Tor,"{{Infoboxorte3
| name = Dulevant-Tor
| bild = tw3_baw_beauclair_dulevant_gate_east.jpg
| art = Tor
| erweiterung = bw
| lage = [[Lolivier-Platz]], [[Beauclair]]
| region = [[Toussaint]]
}}
Das '''Dulevant-Tor''' befindet sich am [[Lolivier-Platz]] in [[Beauclair]] und verbindet die [[Hauteville]] mit dem Arbeiterbezirk [[Saint Sebastian]].

== Notizen ==
* Da das Tor zum Osten der Stadt hinausführt, erhielt es seinen Namen von dem französischen Ausdruck ""du levant"", was ""des Sonnenaufgangs"" bedeutet.

[[en:Dulevant Gate]]
[[fr:Porte du Levant]]
[[it:Porta di Dulevant]]
[[pl:Brama Wschodzącego Słońca]]","{'batchcomplete': True, 'query': {'pages': [{'pageid': 40879, 'ns': 0, 'title': 'Dulevant-Tor', 'revisions': [{'slots': {'main': {'contentmodel': 'wikitext', 'contentformat': 'text/x-wiki', 'content': '{{Infoboxorte3\n| name = Dulevant-Tor\n| bild = tw3_baw_beauclair_dulevant_gate_east.jpg\n| art = Tor\n| erweiterung = bw\n| lage = [[Lolivier-Platz]], [[Beauclair]]\n| region = [[Toussaint]]\n}}\nDas \'\'\'Dulevant-Tor\'\'\' befindet sich am [[Lolivier-Platz]] in [[Beauclair]] und verbindet die [[Hauteville]] mit dem Arbeiterbezirk [[Saint Sebastian]].\n\n== Notizen ==\n* Da das Tor zum Osten der Stadt hinausführt, erhielt es seinen Namen von dem französischen Ausdruck ""du levant"", was ""des Sonnenaufgangs"" bedeutet.\n\n[[en:Dulevant Gate]]\n[[fr:Porte du Levant]]\n[[it:Porta di Dulevant]]\n[[pl:Brama Wschodzącego Słońca]]'}}}]}]}}"
Dun_Tynne,"{{Infoboxorte3
| name = Dun Tynne
| bild = dun_tynne_hill_region.jpg
| art = Subregion
| lage = 
| region = [[Toussaint]]
| schnellreisen = y
| erweiterung = bw
}}

'''Dun Tynne''' ist eine Subregion in [[Toussaint]], die an den [[Marcescent-Wald]] angrenzt. Der gefeierte Barde [[Le Papillon]] verfasste eine [[Geschichte der Festung Dun Tynne, verfasst von Le Papillon|Abhandlung]] über die Geschichte der Gegend.

Die Anlage liegt im [[Blessure]]-Tal, nahe der [[Dulcinea-Windmühle]] und dem Gasthof [[Zum Basilisk]] am Fluss. Sie ist seit kurzem im Besitz von [[Roderick Dun Tynne|Roderick von Dun Tynne]], dem letzten dieses Hauses. [[Sylvia Anna|Syanna]], der Schwester der Herzogin [[Anna Henrietta]], hatte die Burg als Versteck und Basis ihrer Tätigkeiten gegen das Herzogtum verwendet.

Die Anlage war einfach gebaut, mit einer Ringmauer und einem hohen Bergfried, der erst kurz vor den Handlungen in [[Blood and Wine]] erneuert worden war. Roderick, der Burgherr und derzeitige Besitzer der Anlage verfügte neben den von Syanna angeheuerten Schlägern über eigene Soldaten, welche der Familie von Dun Tynne treu ergeben waren und das Wappen der Dun Tynnes, einen Eber auf grünem Grund, trugen.

== Interessante Orte ==
* [[Burg Dun Tynne]]
* [[Kreuzung bei Dun Tynne]]
* [[Hügel von Dun Tynne]]
* [[Eulenaugengrotte]]

== Notizen ==
* Die Geschichte von Waltharius ist ein Hinweis auf die polnische ""[[Wikipedia:pl:Legenda o Helgundzie i Walgierzu Wdałym|Sage von Walther und Helgunde]]"".

== Galerie ==
<gallery>
Dun Tynne.jpg
Dun Tynne Wachen.jpg
Dun Tynne Plan.jpg
</gallery>

[[Kategorie:Regionen]]

[[el:Dun Tynne]]
[[en:Dun Tynne]]
[[es:Dun Tynne]]
[[fr:Dun Tynne]]
[[it:Dun Tynne]]
[[pl:Dun Tynne]]
[[pt-br:Dun Tynne]]
[[ru:Дун Тынне]]","{'batchcomplete': True, 'query': {'normalized': [{'fromencoded': False, 'from': 'Dun_Tynne', 'to': 'Dun Tynne'}], 'pages': [{'pageid': 40882, 'ns': 0, 'title': 'Dun Tynne', 'revisions': [{'slots': {'main': {'contentmodel': 'wikitext', 'contentformat': 'text/x-wiki', 'content': '{{Infoboxorte3\n| name = Dun Tynne\n| bild = dun_tynne_hill_region.jpg\n| art = Subregion\n| lage = \n| region = [[Toussaint]]\n| schnellreisen = y\n| erweiterung = bw\n}}\n\n\'\'\'Dun Tynne\'\'\' ist eine Subregion in [[Toussaint]], die an den [[Marcescent-Wald]] angrenzt. Der gefeierte Barde [[Le Papillon]] verfasste eine [[Geschichte der Festung Dun Tynne, verfasst von Le Papillon|Abhandlung]] über die Geschichte der Gegend.\n\nDie Anlage liegt im [[Blessure]]-Tal, nahe der [[Dulcinea-Windmühle]] und dem Gasthof [[Zum Basilisk]] am Fluss. Sie ist seit kurzem im Besitz von [[Roderick Dun Tynne|Roderick von Dun Tynne]], dem letzten dieses Hauses. [[Sylvia Anna|Syanna]], der Schwester der Herzogin [[Anna Henrietta]], hatte die Burg als Versteck und Basis ihrer Tätigkeiten gegen das Herzogtum verwendet.\n\nDie Anlage war einfach gebaut, mit einer Ringmauer und einem hohen Bergfried, der erst kurz vor den Handlungen in [[Blood and Wine]] erneuert worden war. Roderick, der Burgherr und derzeitige Besitzer der Anlage verfügte neben den von Syanna angeheuerten Schlägern über eigene Soldaten, welche der Familie von Dun Tynne treu ergeben waren und das Wappen der Dun Tynnes, einen Eber auf grünem Grund, trugen.\n\n== Interessante Orte ==\n* [[Burg Dun Tynne]]\n* [[Kreuzung bei Dun Tynne]]\n* [[Hügel von Dun Tynne]]\n* [[Eulenaugengrotte]]\n\n== Notizen ==\n* Die Geschichte von Waltharius ist ein Hinweis auf die polnische ""[[Wikipedia:pl:Legenda o Helgundzie i Walgierzu Wdałym|Sage von Walther und Helgunde]]"".\n\n== Galerie ==\n<gallery>\nDun Tynne.jpg\nDun Tynne Wachen.jpg\nDun Tynne Plan.jpg\n</gallery>\n\n[[Kategorie:Regionen]]\n\n[[el:Dun Tynne]]\n[[en:Dun Tynne]]\n[[es:Dun Tynne]]\n[[fr:Dun Tynne]]\n[[it:Dun Tynne]]\n[[pl:Dun Tynne]]\n[[pt-br:Dun Tynne]]\n[[ru:Дун Тынне]]'}}}]}]}}"
Dunkelwald,"{{stub}}
{{Infoboxorte3
| name = Dunkelwald
| bild = Tw3_bw_murkwood.jpg
| art = [[:Kategorie:Wälder|Wald]]
| lage = [[Caroberta-Wald]]
| region = [[Toussaint]]
| erweiterung = bw
}}

== Interessante Orte ==
* [[Mère-Lachaiselongue-Friedhof]]

[[Kategorie:Wälder]]

[[en:Murkwood]]
[[fr:Bois-cloaque]]
[[it:Foresta oscura]]
[[pl:Sępny Bór]]","{'batchcomplete': True, 'query': {'pages': [{'pageid': 41233, 'ns': 0, 'title': 'Dunkelwald', 'revisions': [{'slots': {'main': {'contentmodel': 'wikitext', 'contentformat': 'text/x-wiki', 'content': '{{stub}}\n{{Infoboxorte3\n| name = Dunkelwald\n| bild = Tw3_bw_murkwood.jpg\n| art = [[:Kategorie:Wälder|Wald]]\n| lage = [[Caroberta-Wald]]\n| region = [[Toussaint]]\n| erweiterung = bw\n}}\n\n== Interessante Orte ==\n* [[Mère-Lachaiselongue-Friedhof]]\n\n[[Kategorie:Wälder]]\n\n[[en:Murkwood]]\n[[fr:Bois-cloaque]]\n[[it:Foresta oscura]]\n[[pl:Sępny Bór]]'}}}]}]}}"
Dupont_&_Soehne,Error: 'revisions',
Duen_Hen,Error: 'revisions',
Ehrendorf,"{{Infoboxorte3
| name = Ehrendorf
| bild = tw3_honorton.jpg
| beschreibung =
| art = [[:Kategorie:Dörfer‎|Dorf]]
| lage = Östlich von [[Erzdorf]], westlich der [[Hütte des Bootsbauers]]
| region = [[Velen]]
}}

'''Ehrendorf''' ist ein Ort in ''[[The Witcher 3: Wild Hunt]]''. Das Dorf befindet sich in der Region [[Velen]], im Wald auf halbem Weg zwischen [[Erzdorf]] und der [[Hütte des Bootsbauers]].

== Persönlichkeiten ==
* [[Millie]]

== Quests ==
* [[Auftrag: Die Bestie von Ehrendorf]]
* [[Wo Katz und Wolf spielen ...]]

[[Kategorie:Dörfer‎]]
[[Kategorie:The Witcher 3 DLC]]

[[en:Honorton]]
[[fr:Havrefier]]
[[it:Honorton]]
[[pl:Dobrowo]]
[[pt-br:Honorton]]
[[ru:Деревня Доброва]]","{'batchcomplete': True, 'query': {'pages': [{'pageid': 41053, 'ns': 0, 'title': 'Ehrendorf', 'revisions': [{'slots': {'main': {'contentmodel': 'wikitext', 'contentformat': 'text/x-wiki', 'content': ""{{Infoboxorte3\n| name = Ehrendorf\n| bild = tw3_honorton.jpg\n| beschreibung =\n| art = [[:Kategorie:Dörfer\u200e|Dorf]]\n| lage = Östlich von [[Erzdorf]], westlich der [[Hütte des Bootsbauers]]\n| region = [[Velen]]\n}}\n\n'''Ehrendorf''' ist ein Ort in ''[[The Witcher 3: Wild Hunt]]''. Das Dorf befindet sich in der Region [[Velen]], im Wald auf halbem Weg zwischen [[Erzdorf]] und der [[Hütte des Bootsbauers]].\n\n== Persönlichkeiten ==\n* [[Millie]]\n\n== Quests ==\n* [[Auftrag: Die Bestie von Ehrendorf]]\n* [[Wo Katz und Wolf spielen ...]]\n\n[[Kategorie:Dörfer\u200e]]\n[[Kategorie:The Witcher 3 DLC]]\n\n[[en:Honorton]]\n[[fr:Havrefier]]\n[[it:Honorton]]\n[[pl:Dobrowo]]\n[[pt-br:Honorton]]\n[[ru:Деревня Доброва]]""}}}]}]}}"
Einsame_Huette,Error: 'revisions',
Einsame_Huette_(Velen),Error: 'revisions',
Eisenmine,"{{Infoboxorte3
| name = Eisenmine
| bild = tw3_iron_mine.jpg
| beschriftung =
| art = Mine
| lage = [[Tal von Kaer Morhen]], süd-südwestlich der Festung
| region = [[Kaer Morhen]]
| schnellreisen = j
}}
{{schnellreisen}} {{höhleneingang}}

Die '''Eisenmine''' ist ein Ort in ''{{tw3}}''. Sie befindet sich süd-südwestlich der Hexerfeste [[Kaer Morhen]]. In ihr haust ein [[Erdgenius]], hinter einer geheimen Wand auch ein [[Ifrit#The Witcher 3: Wild Hunt|Ifrit]].

== Kartenbeschreibung ==
:''Einst wurde an diesem Ort Eisenerz für die Schmieden der Wolfsschule gewonnen.''

== Quests ==
* [[Die Hexerschmiede]]
* [[Schatzsuche: Schemas zur Verbesserung der Wolfsschulenausrüstung - Teil 4]]

== Galerie ==
<gallery widths=""250px"">
tw3_witchers_forge.jpg|Die Hexerschmiede
</gallery>

[[cs:Železný důl]]
[[en:Iron Mine]]
[[fr:Mine de fer]]
[[it:Miniera di ferro]]
[[pl:Kopalnia żelaza]]
[[ru:Железный рудник]]","{'batchcomplete': True, 'query': {'pages': [{'pageid': 32087, 'ns': 0, 'title': 'Eisenmine', 'revisions': [{'slots': {'main': {'contentmodel': 'wikitext', 'contentformat': 'text/x-wiki', 'content': '{{Infoboxorte3\n| name = Eisenmine\n| bild = tw3_iron_mine.jpg\n| beschriftung =\n| art = Mine\n| lage = [[Tal von Kaer Morhen]], süd-südwestlich der Festung\n| region = [[Kaer Morhen]]\n| schnellreisen = j\n}}\n{{schnellreisen}} {{höhleneingang}}\n\nDie \'\'\'Eisenmine\'\'\' ist ein Ort in \'\'{{tw3}}\'\'. Sie befindet sich süd-südwestlich der Hexerfeste [[Kaer Morhen]]. In ihr haust ein [[Erdgenius]], hinter einer geheimen Wand auch ein [[Ifrit#The Witcher 3: Wild Hunt|Ifrit]].\n\n== Kartenbeschreibung ==\n:\'\'Einst wurde an diesem Ort Eisenerz für die Schmieden der Wolfsschule gewonnen.\'\'\n\n== Quests ==\n* [[Die Hexerschmiede]]\n* [[Schatzsuche: Schemas zur Verbesserung der Wolfsschulenausrüstung - Teil\xa04]]\n\n== Galerie ==\n<gallery widths=""250px"">\ntw3_witchers_forge.jpg|Die Hexerschmiede\n</gallery>\n\n[[cs:Železný důl]]\n[[en:Iron Mine]]\n[[fr:Mine de fer]]\n[[it:Miniera di ferro]]\n[[pl:Kopalnia żelaza]]\n[[ru:Железный рудник]]'}}}]}]}}"
Eisige_Hoehen,Error: 'revisions',
Der_Eisvogel,"{{Infoboxorte3
| name = Der Eisvogel
| bild = tw3_the_kingfisher.jpg
| art = [[:Kategorie:Gasthäuser und Kneipen|Taverne]]
| lage = [[Platz des Hierarchen]] in [[Novigrad]]
| region = [[Novigrad]]
| tavernenwirt = Olivier
}}

'''Der Eisvogel''' ist eine Taverne in [[Novigrad]] in ''[[The Witcher 3: Wild Hunt]]''. Sie befindet sich in der nordöstlichen Ecke auf dem [[Platz des Hierarchen]].

== Quests ==
* [[Die Mätressenliste]]
* [[Sammle sie alle]]
* [[Auftrag: Türen werden zugeschlagen]]
* [[Gwint: Spiele gegen Wirte]]
* [[Hohe Einsätze]]
* [[Aller guten Dinge sind drei]]
* [[Eine lebenswichtige Angelegenheit]]

{{SORTIERUNG:Eisvogel}}

[[Kategorie:Gasthäuser und Kneipen]]
[[Kategorie:Novigrad]]

[[en:The Kingfisher]]
[[fr:Le Martin-pêcheur]]
[[it:Il Martin Pescatore]]
[[pl:Karczma Zimorodek]]
[[ru:Корчма «Зимородок»]]
[[uk:Зимородок]]","{'batchcomplete': True, 'query': {'normalized': [{'fromencoded': False, 'from': 'Der_Eisvogel', 'to': 'Der Eisvogel'}], 'pages': [{'pageid': 41437, 'ns': 0, 'title': 'Der Eisvogel', 'revisions': [{'slots': {'main': {'contentmodel': 'wikitext', 'contentformat': 'text/x-wiki', 'content': ""{{Infoboxorte3\n| name = Der Eisvogel\n| bild = tw3_the_kingfisher.jpg\n| art = [[:Kategorie:Gasthäuser und Kneipen|Taverne]]\n| lage = [[Platz des Hierarchen]] in [[Novigrad]]\n| region = [[Novigrad]]\n| tavernenwirt = Olivier\n}}\n\n'''Der Eisvogel''' ist eine Taverne in [[Novigrad]] in ''[[The Witcher 3: Wild Hunt]]''. Sie befindet sich in der nordöstlichen Ecke auf dem [[Platz des Hierarchen]].\n\n== Quests ==\n* [[Die Mätressenliste]]\n* [[Sammle sie alle]]\n* [[Auftrag: Türen werden zugeschlagen]]\n* [[Gwint: Spiele gegen Wirte]]\n* [[Hohe Einsätze]]\n* [[Aller guten Dinge sind drei]]\n* [[Eine lebenswichtige Angelegenheit]]\n\n{{SORTIERUNG:Eisvogel}}\n\n[[Kategorie:Gasthäuser und Kneipen]]\n[[Kategorie:Novigrad]]\n\n[[en:The Kingfisher]]\n[[fr:Le Martin-pêcheur]]\n[[it:Il Martin Pescatore]]\n[[pl:Karczma Zimorodek]]\n[[ru:Корчма «Зимородок»]]\n[[uk:Зимородок]]""}}}]}]}}"
Elfenruinen,"__NOTOC__
Es gibt viele '''Elfenruinen''' auf dem [[Kontinent]] der Welt des [[Hexer]]s. Bei vielen von ihnen bauten später [[Menschen]] ihre eigenen [[Städte und Festungen#Städte auf früherem Elfenterritorium|Städte auf diesen Ruinen]], sehr zum Verdruss der [[Elfen]]. So sehr, dass die Elfen begannen, nach Verlassen ihrer Städte, diese zu zerstören, sodass nichts mehr davon von den Menschen genutzt werden konnte.

== Bekannte Ruinen ==
* [[Shaerrawedd]] (im Roman ""[[Das Erbe der Elfen]]"")
* [[Cáelmewedd]] (in ''The Witcher 2'')

== In {{tw1}} ==
[[Datei:Places Elven Ruins.png|right|350px|Elfenruinen in den Kloaken von Wyzima]]
Die Stadt [[Wyzima]] wurde auf Grund und Boden errichtet, der einst den [[Elfen]] gehörte. Unter dem [[Händlerbezirk]] verläuft ein weit verzweigtes Tunnelsystem der [[Kloaken]], in dem sich auch die Ruine einer antiken [[Tempelruinen der Elfen|Tempelanlage der Elfen]] befindet.

=== Quests ===
:* [[Echos von gestern]]

=== Randnotizen ===
:* In einem Nebenraum befindet sich ein [[Kreis der Elemente#Kreis der rächenden Flamme|Kreis der rächenden Flamme]] (Igni).
:* In einem anderen Raum befindet sich ein [[Teleportation|Teleportations Portal]], das zu drei verschiedenen Portalen führen kann: zum [[Magierturm]], ins [[Haus von Triss]] oder ins [[Haus von Kalkstein]].

=== Karte ===
<gallery>
File:Map Elven ruins circle.png|die Elfenruinen
</gallery>

==In {{tw2}} ==
Es gibt die [[Ruinen der Elfenbäder]] bei [[Flotsam]].

==In {{tw3}} ==
Es gibt verschiedene Elfenruinen, die über die gesamte Spielwelt verstreut sind:
* [[Elfenruinen beim Sturmsee]]
* [[Elfenruinen nordöstlich von Kleinweg]]
* [[Elfenruinen nordwestlich von Kleinweg]]
* [[Elfenruinen südöstlich von Kleinweg]]
* [[Alte Gruft]] auf [[Ard Skellig]]
* [[Est Tayiar]] in der [[Sturmfelder]] Region in [[Velen]]

[[Kategorie:Architektur]]
[[Kategorie:The Witcher Orte]]
[[Kategorie:The Witcher Kapitel 3]]
[[Kategorie:The Witcher 3 Orte]]

[[cs:Elfích ruin]]
[[en:Elven ruins]]
[[el:Ξωτικοειδή ερείπια]]
[[fr:Ruines elfiques]]
[[it:Rovine elfiche]]
[[pl:Elfich ruinach]]
[[ru:Эльфийские руины (Ведьмак)]]","{'batchcomplete': True, 'query': {'pages': [{'pageid': 8136, 'ns': 0, 'title': 'Elfenruinen', 'revisions': [{'slots': {'main': {'contentmodel': 'wikitext', 'contentformat': 'text/x-wiki', 'content': '__NOTOC__\nEs gibt viele \'\'\'Elfenruinen\'\'\' auf dem [[Kontinent]] der Welt des [[Hexer]]s. Bei vielen von ihnen bauten später [[Menschen]] ihre eigenen [[Städte und Festungen#Städte auf früherem Elfenterritorium|Städte auf diesen Ruinen]], sehr zum Verdruss der [[Elfen]]. So sehr, dass die Elfen begannen, nach Verlassen ihrer Städte, diese zu zerstören, sodass nichts mehr davon von den Menschen genutzt werden konnte.\n\n== Bekannte Ruinen ==\n* [[Shaerrawedd]] (im Roman ""[[Das Erbe der Elfen]]"")\n* [[Cáelmewedd]] (in \'\'The Witcher 2\'\')\n\n== In {{tw1}} ==\n[[Datei:Places Elven Ruins.png|right|350px|Elfenruinen in den Kloaken von Wyzima]]\nDie Stadt [[Wyzima]] wurde auf Grund und Boden errichtet, der einst den [[Elfen]] gehörte. Unter dem [[Händlerbezirk]] verläuft ein weit verzweigtes Tunnelsystem der [[Kloaken]], in dem sich auch die Ruine einer antiken [[Tempelruinen der Elfen|Tempelanlage der Elfen]] befindet.\n\n=== Quests ===\n:* [[Echos von gestern]]\n\n=== Randnotizen ===\n:* In einem Nebenraum befindet sich ein [[Kreis der Elemente#Kreis der rächenden Flamme|Kreis der rächenden Flamme]] (Igni).\n:* In einem anderen Raum befindet sich ein [[Teleportation|Teleportations Portal]], das zu drei verschiedenen Portalen führen kann: zum [[Magierturm]], ins [[Haus von Triss]] oder ins [[Haus von Kalkstein]].\n\n=== Karte ===\n<gallery>\nFile:Map Elven ruins circle.png|die Elfenruinen\n</gallery>\n\n==In {{tw2}} ==\nEs gibt die [[Ruinen der Elfenbäder]] bei [[Flotsam]].\n\n==In {{tw3}} ==\nEs gibt verschiedene Elfenruinen, die über die gesamte Spielwelt verstreut sind:\n* [[Elfenruinen beim Sturmsee]]\n* [[Elfenruinen nordöstlich von Kleinweg]]\n* [[Elfenruinen nordwestlich von Kleinweg]]\n* [[Elfenruinen südöstlich von Kleinweg]]\n* [[Alte Gruft]] auf [[Ard Skellig]]\n* [[Est Tayiar]] in der [[Sturmfelder]] Region in [[Velen]]\n\n[[Kategorie:Architektur]]\n[[Kategorie:The Witcher Orte]]\n[[Kategorie:The Witcher Kapitel 3]]\n[[Kategorie:The Witcher 3 Orte]]\n\n[[cs:Elfích ruin]]\n[[en:Elven ruins]]\n[[el:Ξωτικοειδή ερείπια]]\n[[fr:Ruines elfiques]]\n[[it:Rovine elfiche]]\n[[pl:Elfich ruinach]]\n[[ru:Эльфийские руины (Ведьмак)]]'}}}]}]}}"
Elfenruinen_beim_Sturmsee,"{{Infoboxorte3
| name = Elfenruinen beim Sturmsee
| bild = tw3_elven_ruins_near_lake_wyndamer.jpg
| art = Elfenruinen
| lage = Ein Zugang befindet sich südöstlich von [[Kleinweg]]
| region = [[Velen]]
}}
{{Höhleneingang}}{{Ort der Macht}}{{Versteckter Schatz}}{{Bewachter Schatz}}

Die '''Elfenruinen beim Sturmsee''' befinden sich im Untergrund um das ganze Dorf [[Kleinweg]] herum. Es gibt drei Hauptgegenden, wo die Ruinen an die Oberfläche treten: [[Elfenruinen nordwestlich von Kleinweg|nordwestlich]], [[Elfenruinen südöstlich von Kleinweg|südöstlich]] und [[Elfenruinen nordöstlich von Kleinweg|nordöstlich]] vom Dorf. In ihrem Innern hausen einige Monster wie ein [[Golem]], [[Hund der Wilden Jagd|Hunde der Wilden Jagd]] und [[Nithral]].

== Quests ==
* [[Wanderung im Dunkeln]]
* [[Mit Göttern spielt man nicht]]
* [[Schatzsuche: Schemas zur Verbesserung der Wolfsschulenausrüstung - Teil 5]]

== Galerie ==
<gallery widths=""250px"">
Tw3 elven ruins northwest of byways.jpg|Ruinen nordwestlich von Kleinweg
Tw3 elven ruins northeast of byways.jpg|Ruinen nordöstlich von Kleinweg
Tw3 elven ruins southeast of byways.jpg|Ruinen südöstlich von Kleinweg
tw3_elven_ruins_lake_access.jpg|Höhleneingang beim [[Sturmsee]]
</gallery>

[[en:Elven ruins near Lake Wyndamer]]
[[fr:Ruines elfes près du lac de Wyndamer]]
[[it:Rovine elfiche nei pressi del Lago Wyndamer]]
[[pl:Elfie ruiny nad jeziorem Morzycko]]","{'batchcomplete': True, 'query': {'normalized': [{'fromencoded': False, 'from': 'Elfenruinen_beim_Sturmsee', 'to': 'Elfenruinen beim Sturmsee'}], 'pages': [{'pageid': 40897, 'ns': 0, 'title': 'Elfenruinen beim Sturmsee', 'revisions': [{'slots': {'main': {'contentmodel': 'wikitext', 'contentformat': 'text/x-wiki', 'content': '{{Infoboxorte3\n| name = Elfenruinen beim Sturmsee\n| bild = tw3_elven_ruins_near_lake_wyndamer.jpg\n| art = Elfenruinen\n| lage = Ein Zugang befindet sich südöstlich von [[Kleinweg]]\n| region = [[Velen]]\n}}\n{{Höhleneingang}}{{Ort der Macht}}{{Versteckter Schatz}}{{Bewachter Schatz}}\n\nDie \'\'\'Elfenruinen beim Sturmsee\'\'\' befinden sich im Untergrund um das ganze Dorf [[Kleinweg]] herum. Es gibt drei Hauptgegenden, wo die Ruinen an die Oberfläche treten: [[Elfenruinen nordwestlich von Kleinweg|nordwestlich]], [[Elfenruinen südöstlich von Kleinweg|südöstlich]] und [[Elfenruinen nordöstlich von Kleinweg|nordöstlich]] vom Dorf. In ihrem Innern hausen einige Monster wie ein [[Golem]], [[Hund der Wilden Jagd|Hunde der Wilden Jagd]] und [[Nithral]].\n\n== Quests ==\n* [[Wanderung im Dunkeln]]\n* [[Mit Göttern spielt man nicht]]\n* [[Schatzsuche: Schemas zur Verbesserung der Wolfsschulenausrüstung - Teil\xa05]]\n\n== Galerie ==\n<gallery widths=""250px"">\nTw3 elven ruins northwest of byways.jpg|Ruinen nordwestlich von Kleinweg\nTw3 elven ruins northeast of byways.jpg|Ruinen nordöstlich von Kleinweg\nTw3 elven ruins southeast of byways.jpg|Ruinen südöstlich von Kleinweg\ntw3_elven_ruins_lake_access.jpg|Höhleneingang beim [[Sturmsee]]\n</gallery>\n\n[[en:Elven ruins near Lake Wyndamer]]\n[[fr:Ruines elfes près du lac de Wyndamer]]\n[[it:Rovine elfiche nei pressi del Lago Wyndamer]]\n[[pl:Elfie ruiny nad jeziorem Morzycko]]'}}}]}]}}"
Elfenruinen_nordwestlich_von_Kleinweg,"{{Infoboxorte3
| name = Elfenruinen nordwestlich von Kleinweg
| bild = Tw3 elven ruins northwest of byways.jpg
| art = Elfenruinen
| lage = Nordwestlich von [[Kleinweg]]
| region = [[Velen]]
}}
{{Höhleneingang}}

An diesem Ort betritt [[Keira Metz]] mit Geralt die [[Elfenruinen beim Sturmsee]].

== Quest ==
* [[Wanderung im Dunkeln]]

== Siehe auch ==
* [[Elfenruinen beim Sturmsee]]
* [[Elfenruinen nordöstlich von Kleinweg]]
* [[Elfenruinen südöstlich von Kleinweg]]

[[en:Elven ruins northwest of Byways]]","{'batchcomplete': True, 'query': {'normalized': [{'fromencoded': False, 'from': 'Elfenruinen_nordwestlich_von_Kleinweg', 'to': 'Elfenruinen nordwestlich von Kleinweg'}], 'pages': [{'pageid': 40903, 'ns': 0, 'title': 'Elfenruinen nordwestlich von Kleinweg', 'revisions': [{'slots': {'main': {'contentmodel': 'wikitext', 'contentformat': 'text/x-wiki', 'content': '{{Infoboxorte3\n| name = Elfenruinen nordwestlich von Kleinweg\n| bild = Tw3 elven ruins northwest of byways.jpg\n| art = Elfenruinen\n| lage = Nordwestlich von [[Kleinweg]]\n| region = [[Velen]]\n}}\n{{Höhleneingang}}\n\nAn diesem Ort betritt [[Keira Metz]] mit Geralt die [[Elfenruinen beim Sturmsee]].\n\n== Quest ==\n* [[Wanderung im Dunkeln]]\n\n== Siehe auch ==\n* [[Elfenruinen beim Sturmsee]]\n* [[Elfenruinen nordöstlich von Kleinweg]]\n* [[Elfenruinen südöstlich von Kleinweg]]\n\n[[en:Elven ruins northwest of Byways]]'}}}]}]}}"
Elfenruinen_nordoestlich_von_Kleinweg,Error: 'revisions',
Elfenruinen_suedoestlich_von_Kleinweg,Error: 'revisions',
Epona-Platz,"{{Infoboxorte3
| name = Epona-Platz
| bild = tw3_baw_epona_square.jpg
| art = Platz
| erweiterung = bw
| lage = Südlich des Schnellreisepunktes [[Nilfgaardische Botschaft]] in der [[Hauteville]].
| region = [[Toussaint]]
}}

Der kleine '''Epona-Platz''' liegt im östlichen Teil der [[Hauteville]] von [[Beauclair]] in der ''[[Blood and Wine]]'' Erweiterung.

== Quests ==
* [[Wilder Wolf]]
* [[Von Hexern und Barbieren]]

== Notizen ==
* Die mythische [[Wikipedia:Epona (Mythologie)|Epona]] ist eine keltische Göttin, deren Kult im Römischen Reich weit verbreitet war. Neben anderen wurde sie als Beschützerin der Pferde und Patronin der Fruchtbarkeit verehrt - womit sie gut zum fruchtbaren Land Toussaints mit seinen starken ritterlichen Traditionen passt.

[[Kategorie:Beauclair]]

[[en:Epona Square]]
[[fr:Place Épona]]
[[it:Piazza Epona]]
[[pl:Plac Epony]]
[[ru:Площадь Эпоны]]","{'batchcomplete': True, 'query': {'pages': [{'pageid': 40912, 'ns': 0, 'title': 'Epona-Platz', 'revisions': [{'slots': {'main': {'contentmodel': 'wikitext', 'contentformat': 'text/x-wiki', 'content': ""{{Infoboxorte3\n| name = Epona-Platz\n| bild = tw3_baw_epona_square.jpg\n| art = Platz\n| erweiterung = bw\n| lage = Südlich des Schnellreisepunktes [[Nilfgaardische Botschaft]] in der [[Hauteville]].\n| region = [[Toussaint]]\n}}\n\nDer kleine '''Epona-Platz''' liegt im östlichen Teil der [[Hauteville]] von [[Beauclair]] in der ''[[Blood and Wine]]'' Erweiterung.\n\n== Quests ==\n* [[Wilder Wolf]]\n* [[Von Hexern und Barbieren]]\n\n== Notizen ==\n* Die mythische [[Wikipedia:Epona (Mythologie)|Epona]] ist eine keltische Göttin, deren Kult im Römischen Reich weit verbreitet war. Neben anderen wurde sie als Beschützerin der Pferde und Patronin der Fruchtbarkeit verehrt - womit sie gut zum fruchtbaren Land Toussaints mit seinen starken ritterlichen Traditionen passt.\n\n[[Kategorie:Beauclair]]\n\n[[en:Epona Square]]\n[[fr:Place Épona]]\n[[it:Piazza Epona]]\n[[pl:Plac Epony]]\n[[ru:Площадь Эпоны]]""}}}]}]}}"
Erde,"{{Infoboxorte3
| name        = Erde
| bild = tw3_erde.jpg
| beschriftung =
| art = Dorf
| lage = südöstlich von [[Außenposten von Drachenmulde]] und südwestlich von [[Burg Zuetzer]]
| region      = [[Sturmfelder]]
| erweiterung = hos
| schnellreisen = j
}}
{{schnellreisen}}

'''Erde''' ist ein nahezu verlassenes Dorf. Nur ein älteres Paar ist dort verblieben.

== Kartenbeschriftung ==
:''Diese Waldsiedlung ist nahezu vollständig entvölkert, und ihre Nähe zum [[Totenwald]] schreckt potenzielle neue Siedler ab.''

== Quests ==
* [[Spurlos]]

[[en:Erde]]
[[fr:Erde]]
[[it:Erde]]
[[ru:Деревня Эрде]]","{'batchcomplete': True, 'query': {'pages': [{'pageid': 31955, 'ns': 0, 'title': 'Erde', 'revisions': [{'slots': {'main': {'contentmodel': 'wikitext', 'contentformat': 'text/x-wiki', 'content': ""{{Infoboxorte3\n| name        = Erde\n| bild = tw3_erde.jpg\n| beschriftung =\n| art = Dorf\n| lage = südöstlich von [[Außenposten von Drachenmulde]] und südwestlich von [[Burg Zuetzer]]\n| region      = [[Sturmfelder]]\n| erweiterung = hos\n| schnellreisen = j\n}}\n{{schnellreisen}}\n\n'''Erde''' ist ein nahezu verlassenes Dorf. Nur ein älteres Paar ist dort verblieben.\n\n== Kartenbeschriftung ==\n:''Diese Waldsiedlung ist nahezu vollständig entvölkert, und ihre Nähe zum [[Totenwald]] schreckt potenzielle neue Siedler ab.''\n\n== Quests ==\n* [[Spurlos]]\n\n[[en:Erde]]\n[[fr:Erde]]\n[[it:Erde]]\n[[ru:Деревня Эрде]]""}}}]}]}}"
Erzdorf,"{{Infoboxorte3
| name = Erzdorf
| bild = Tw3-oreton-01.png
| beschreibung = 
| karte = Witcher 3 Oreton.jpg
| art = Dorf
| region = [[Velen]]
| anschlagbrett = y
| schnellreisen = y
| laden = Händler (Erzdorf)
| waffenschmied = Waffenschmied (Erzdorf)
}}
 {{schnellreisen}} {{boot}}
'''Erzdorf''' ist ein Fischerdorf in ''[[The Witcher 3: Wild Hunt]]''. In [[Velen]] gelegen, befindet es sich unter [[nilfgaard]]ischer Kontrolle.

Erzdorf wurde von Graf [[Primislavus don Stessa]] gegründet, der in dieser Gegend gern Wagenrennen stattfinden ließ.

== Kartenbeschreibung ==
:''Ein Dorf, das von manchen auch Rudnik<ref>""Rudnik"" ist die polnische Bezeichnung von ""Erzdorf"" in ''The Witcher 3''.</ref> genannt wird und das von Graf Primislavus don Stessa gegründet wurde, einem entfernten Cousin von König [[Foltest]] von [[Temerien]]. Der Graf war für seine leidenschaftlichen Wagenrennen entlang der geschlängelten Waldwege und schmalen Landstraßen bekannt. Durch dieses Spektakel erfreute er die Schaulustigen, eroberte die Herzen der Damen aus der Nachbarschaft und beschwor den Hass seiner Rivalen herauf.''

== Persönlichkeiten ==
* [[Bootsbauer]]
* [[Graham]]
* [[Milan Noran]]
* [[Händler (Erzdorf)|Händler]]

== Quests ==
* [[Gwint: Spieler in Velen]]
* [[Ein Turm voller Ratten]]
* [[Wo Katz und Wolf spielen ...]]
* [[Auftrag: Das Rätsel der Morde von Kleinweg]]

==Fußnoten==
<references />

[[en:Oreton]]
[[es:Oreton]]
[[fr:Oreton]]
[[it:Oreton]]
[[tr:Oreton]]
[[pl:Wieś Rudnik]]
[[pt-br:Oreton]]
[[ru:Деревня Рудник]]","{'batchcomplete': True, 'query': {'pages': [{'pageid': 41263, 'ns': 0, 'title': 'Erzdorf', 'revisions': [{'slots': {'main': {'contentmodel': 'wikitext', 'contentformat': 'text/x-wiki', 'content': '{{Infoboxorte3\n| name = Erzdorf\n| bild = Tw3-oreton-01.png\n| beschreibung = \n| karte = Witcher 3 Oreton.jpg\n| art = Dorf\n| region = [[Velen]]\n| anschlagbrett = y\n| schnellreisen = y\n| laden = Händler (Erzdorf)\n| waffenschmied = Waffenschmied (Erzdorf)\n}}\n {{schnellreisen}} {{boot}}\n\'\'\'Erzdorf\'\'\' ist ein Fischerdorf in \'\'[[The Witcher 3: Wild Hunt]]\'\'. In [[Velen]] gelegen, befindet es sich unter [[nilfgaard]]ischer Kontrolle.\n\nErzdorf wurde von Graf [[Primislavus don Stessa]] gegründet, der in dieser Gegend gern Wagenrennen stattfinden ließ.\n\n== Kartenbeschreibung ==\n:\'\'Ein Dorf, das von manchen auch Rudnik<ref>""Rudnik"" ist die polnische Bezeichnung von ""Erzdorf"" in \'\'The Witcher 3\'\'.</ref> genannt wird und das von Graf Primislavus don Stessa gegründet wurde, einem entfernten Cousin von König [[Foltest]] von [[Temerien]]. Der Graf war für seine leidenschaftlichen Wagenrennen entlang der geschlängelten Waldwege und schmalen Landstraßen bekannt. Durch dieses Spektakel erfreute er die Schaulustigen, eroberte die Herzen der Damen aus der Nachbarschaft und beschwor den Hass seiner Rivalen herauf.\'\'\n\n== Persönlichkeiten ==\n* [[Bootsbauer]]\n* [[Graham]]\n* [[Milan Noran]]\n* [[Händler (Erzdorf)|Händler]]\n\n== Quests ==\n* [[Gwint: Spieler in Velen]]\n* [[Ein Turm voller Ratten]]\n* [[Wo Katz und Wolf spielen ...]]\n* [[Auftrag: Das Rätsel der Morde von Kleinweg]]\n\n==Fußnoten==\n<references />\n\n[[en:Oreton]]\n[[es:Oreton]]\n[[fr:Oreton]]\n[[it:Oreton]]\n[[tr:Oreton]]\n[[pl:Wieś Rudnik]]\n[[pt-br:Oreton]]\n[[ru:Деревня Рудник]]'}}}]}]}}"
Est_Tayiar,"{{Infoboxorte3
| name = Est Tayiar
| bild = tw3_est_tayiar.jpg
| beschriftung =
| art = [[Städte und Festungen#Elfensiedlungen|Elfenruine]]
| lage = östlich vom [[Versteck temerischer Freischärler]]
| region = [[Sturmfelder]] ([[Velen]])
| schnellreisen = j
}}
{{schnellreisen}}

'''Est Tayiar''' ist die Ruine einer einst prächtigen [[Elfen]]stadt. König [[Maeglor]] war der letzte bekannte Herrscher. Der Legende nach versenkte er nach einer tödlichen Epedemie die Stadt zum Schutz vor fremden Zugriff. Jahrhunderte später versuchten viele Gelehrte, zuletzt unter Leitung von [[Notizen von Professor Sigismund Gloger|Professor Gloger]], das Geheimnis der Elfenruine zu lüften, keiner kehrte jemals zurück.

== Kartenbeschriftung ==
:''Lange, bevor dieses Land von den Menschen besiedelt wurde, erhob sich an dieser Stelle eine prosperierende Elfenstadt und darin der Palast des Königs Maeglor. Eines Tages begann unter den Einwohnern ein mysteriöses Massensterben. Der Legende nach wirkte König Maeglor, als er spürte, dass auch bald tot sein würde, einen mächtigen Zauber, und die Erde verschluckte die Stadt, damit kein Fremder sie jemals würde entweihen können. Jahrhunderte später begannen Gelehrte der [[Akademie Oxenfurt|Akademie von Oxenfurt]], den Palasts von König Maeglor auszugraben, um die Ursache der Katastrophe zu ermitteln. Doch die Arbeit wurde eingestellt, nachdem drei Expeditionen nacheinander in die Tiefen der Ruine vorgedrungen und nicht zurückgekehrt waren.''

== Quests ==
* [[Schatzsuche: Katzenschulenausrüstung]]

[[en:Est Tayiar]]
[[fr:Tayiar est]]
[[it:Est Tayiar]]
[[pl:Est Tayiar]]
[[ru:Эст Тайяр]]","{'batchcomplete': True, 'query': {'normalized': [{'fromencoded': False, 'from': 'Est_Tayiar', 'to': 'Est Tayiar'}], 'pages': [{'pageid': 32108, 'ns': 0, 'title': 'Est Tayiar', 'revisions': [{'slots': {'main': {'contentmodel': 'wikitext', 'contentformat': 'text/x-wiki', 'content': ""{{Infoboxorte3\n| name = Est Tayiar\n| bild = tw3_est_tayiar.jpg\n| beschriftung =\n| art = [[Städte und Festungen#Elfensiedlungen|Elfenruine]]\n| lage = östlich vom [[Versteck temerischer Freischärler]]\n| region = [[Sturmfelder]] ([[Velen]])\n| schnellreisen = j\n}}\n{{schnellreisen}}\n\n'''Est Tayiar''' ist die Ruine einer einst prächtigen [[Elfen]]stadt. König [[Maeglor]] war der letzte bekannte Herrscher. Der Legende nach versenkte er nach einer tödlichen Epedemie die Stadt zum Schutz vor fremden Zugriff. Jahrhunderte später versuchten viele Gelehrte, zuletzt unter Leitung von [[Notizen von Professor Sigismund Gloger|Professor Gloger]], das Geheimnis der Elfenruine zu lüften, keiner kehrte jemals zurück.\n\n== Kartenbeschriftung ==\n:''Lange, bevor dieses Land von den Menschen besiedelt wurde, erhob sich an dieser Stelle eine prosperierende Elfenstadt und darin der Palast des Königs Maeglor. Eines Tages begann unter den Einwohnern ein mysteriöses Massensterben. Der Legende nach wirkte König Maeglor, als er spürte, dass auch bald tot sein würde, einen mächtigen Zauber, und die Erde verschluckte die Stadt, damit kein Fremder sie jemals würde entweihen können. Jahrhunderte später begannen Gelehrte der [[Akademie Oxenfurt|Akademie von Oxenfurt]], den Palasts von König Maeglor auszugraben, um die Ursache der Katastrophe zu ermitteln. Doch die Arbeit wurde eingestellt, nachdem drei Expeditionen nacheinander in die Tiefen der Ruine vorgedrungen und nicht zurückgekehrt waren.''\n\n== Quests ==\n* [[Schatzsuche: Katzenschulenausrüstung]]\n\n[[en:Est Tayiar]]\n[[fr:Tayiar est]]\n[[it:Est Tayiar]]\n[[pl:Est Tayiar]]\n[[ru:Эст Тайяр]]""}}}]}]}}"
Eulenaugengrotte,"{{Infoboxorte3
| name = Eulenaugengrotte
| bild = tw3_baw_owl_eye_grottos.jpg
| art = Höhle
| erweiterung = bw
| lage = Nord-nordwest von [[Flovive]].
| region = [[Marcescent-Wald]] / [[Dun Tynne]]
}}

Die '''Eulenaugengrotte''' ist ein Höhlensystem, welches den Schlupfwinkel des [[Monster von Tufo|Monsters von Tufo]] in der ''[[Blood and Wine]]'' Erweiterung beherbergt. Im [[Marcescent-Wald]] gelegen, können die Höhlen durch zwei Zugänge betreten werden, wobei sich der östliche erst nach der Erledigung des [[Auftrag: Das Monster auf Tufo|Auftrags]] öffnet. Der westliche Eingang befindet sich am östlichen Ende vom [[Filament-Fluss]].

== Quests ==
* [[Schatzsuche: Großmeister-Bärenschulenausrüstung]]
* [[Auftrag: Das Monster auf Tufo]]

== Galerie ==
<gallery widths=""250px"">
tw3_baw_scavenger_hunt_grandmaster_ursine_gear.jpg|Kleiner Wasserfall in die Grotte am westlichen Eingang.
tw3_baw_scavenger_hunt_grandmaster_ursine_gear_(1).jpg|In der Eulenaugengrotte, hinter einem Stein, findet Geralt eine [[Warnung]].
</gallery>


[[en:Owl Eye Grottos]]
[[fr:Grottes de l'Œil de chouette]]
[[it:Grotta dell'Occhio di gufo]]
[[pl:Sowie groty]]
[[ru:Совиные гроты]]","{'batchcomplete': True, 'query': {'pages': [{'pageid': 41269, 'ns': 0, 'title': 'Eulenaugengrotte', 'revisions': [{'slots': {'main': {'contentmodel': 'wikitext', 'contentformat': 'text/x-wiki', 'content': '{{Infoboxorte3\n| name = Eulenaugengrotte\n| bild = tw3_baw_owl_eye_grottos.jpg\n| art = Höhle\n| erweiterung = bw\n| lage = Nord-nordwest von [[Flovive]].\n| region = [[Marcescent-Wald]] / [[Dun Tynne]]\n}}\n\nDie \'\'\'Eulenaugengrotte\'\'\' ist ein Höhlensystem, welches den Schlupfwinkel des [[Monster von Tufo|Monsters von Tufo]] in der \'\'[[Blood and Wine]]\'\' Erweiterung beherbergt. Im [[Marcescent-Wald]] gelegen, können die Höhlen durch zwei Zugänge betreten werden, wobei sich der östliche erst nach der Erledigung des [[Auftrag: Das Monster auf Tufo|Auftrags]] öffnet. Der westliche Eingang befindet sich am östlichen Ende vom [[Filament-Fluss]].\n\n== Quests ==\n* [[Schatzsuche: Großmeister-Bärenschulenausrüstung]]\n* [[Auftrag: Das Monster auf Tufo]]\n\n== Galerie ==\n<gallery widths=""250px"">\ntw3_baw_scavenger_hunt_grandmaster_ursine_gear.jpg|Kleiner Wasserfall in die Grotte am westlichen Eingang.\ntw3_baw_scavenger_hunt_grandmaster_ursine_gear_(1).jpg|In der Eulenaugengrotte, hinter einem Stein, findet Geralt eine [[Warnung]].\n</gallery>\n\n\n[[en:Owl Eye Grottos]]\n[[fr:Grottes de l\'Œil de chouette]]\n[[it:Grotta dell\'Occhio di gufo]]\n[[pl:Sowie groty]]\n[[ru:Совиные гроты]]'}}}]}]}}"
Faehranleger_der_Liebenden,Error: 'revisions',
Faehrhaus,Error: 'revisions',
Fakultaet_fuer_Angewandte_Archaeologie,Error: 'revisions',
Fakultaet_fuer_Zeitgenoessische_Geschichte,Error: 'revisions',
Familienkrypta_der_von_Everecs,"{{Infoboxorte3
| name = Familienkrypta der von Everecs
| bild = Tw3_hos_von_everec_crypt.jpg
| beschreibung = 
| art =Mausoleum
| lage = [[Von-Everec-Anwesen]], östlich vom [[Außenposten von Drachenmulde]]
| region = [[Sturmfelder]]
| erweiterung = hos
}}

Diese monumentale Familienkrypta befindet sich auf dem [[Von-Everec-Anwesen]].

== Gegenstände ==
* [[Ophirischer Kilidsch]]

== Quests ==
* [[Die Sause des toten Mannes]]

[[en:Von Everec family crypt]]
[[fr:Crypte des von Everec]]
[[it:Cripta di famiglia dei von Everec]]
[[pl:Krypty rodziny Evereców]]
[[ru:Фамильный склеп фон Эвереков]]","{'batchcomplete': True, 'query': {'normalized': [{'fromencoded': False, 'from': 'Familienkrypta_der_von_Everecs', 'to': 'Familienkrypta der von Everecs'}], 'pages': [{'pageid': 41545, 'ns': 0, 'title': 'Familienkrypta der von Everecs', 'revisions': [{'slots': {'main': {'contentmodel': 'wikitext', 'contentformat': 'text/x-wiki', 'content': '{{Infoboxorte3\n| name = Familienkrypta der von Everecs\n| bild = Tw3_hos_von_everec_crypt.jpg\n| beschreibung = \n| art =Mausoleum\n| lage = [[Von-Everec-Anwesen]], östlich vom [[Außenposten von Drachenmulde]]\n| region = [[Sturmfelder]]\n| erweiterung = hos\n}}\n\nDiese monumentale Familienkrypta befindet sich auf dem [[Von-Everec-Anwesen]].\n\n== Gegenstände ==\n* [[Ophirischer Kilidsch]]\n\n== Quests ==\n* [[Die Sause des toten Mannes]]\n\n[[en:Von Everec family crypt]]\n[[fr:Crypte des von Everec]]\n[[it:Cripta di famiglia dei von Everec]]\n[[pl:Krypty rodziny Evereców]]\n[[ru:Фамильный склеп фон Эвереков]]'}}}]}]}}"
Faroe,"[[Datei:Icon Island.png|link=:Kategorie:Inseln|Insel]]
{{Infoboxortebuch
| name = Faroe
| bild = Tw3_map_faroe.png
| beschreibung = Karte aus ''[[The Witcher 3]]''
| art = [[:Kategorie:Inseln|Insel]]
| lage = südliches [[Skellige]]
| region = [[Skellige]]
}}
'''Faroe''' ist eine der kleineren Inseln des [[Skellige]]-Archipels. Sie ist südlich der Hauptinsel [[Ard Skellig]] gelegen.

Faroe wird nur ein Mal in der [[Geralt-Saga]] erwähnt: bei Einfahrt von [[Crach an Craite]]s Drachenboot-Flotte in den Hafen von [[Kaer Trolde]].

{{Zitat|ST|dtv 2010|/Kap.9|Wäre man indes bis zur Spitze eines der Türme von Kaer Trolde hinaufgestiegen und hätte in südliche Richtung geschaut, so hätte man die einsame, von den anderen abgeschiedene Insel Faroe erblickt, die aus dem Wasser ragte wie der Rücken eines riesigen Fisches, dem der Ozean zu flach ist.}}

=={{tw3}}==
'''Faroe''' ist in ''The Witcher 3: Wild Hunt'' das Territorium des [[Clan Dimun|Clans Dimun]].

{{Kurzes Zitat|Den südlichsten Teil des Skellige-Archipels bildet die wilde, ungezähmte Insel Faroe. Der Besuch dort ist ein Muss für erfahrene Reisende, die eine unerforschte und bisweilen gefährliche Wildnis nicht schreckt. Natürlich ist Faroe nicht unbesiedelt. Dennoch sind es die wilde Natur und die urtümlichen Landschaften, die den Reiz der Insel ausmachen.<br><br>Die einzige Ausnahme bildet der Hafen von Harviken, Heimatdorf des Clans Dimun. Hier bekommt der Abenteurer alles für sein leibliches Wohl. Mit etwas Glück erlebt er sogar die Rückkehr der Clankrieger von einer Plünderfahrt und das Aufteilen der Beute. Dann findet zu Ehren der Krieger ein Fest statt, das mehrere Tage währt und die ideale Gelegenheit ist, die lokalen Delikatessen und Bräuche kennenzulernen. Mehr dazu findet sich im Kapitel ""Feste und Feiern"".|""[[Einsame-Welt-Reiseführer: Faroe]]""}}

=== Schnellreisepunkte ===
* [[Harviken]]
* [[Trottheim]]

==Randnotizen==
* Die {{W|Färöer}}-Inseln sind eine zu Dänemark gehörende Insel-Gruppe im Nordatlantik. Alle außer der kleinsten Insel, Lítla Dímun, sind durchgehend bewohnt. 

[[Kategorie:Inseln]]
[[Kategorie:The Witcher 3 Orte]]

[[en:Faroe]]
[[es:Faroe]]
[[fr:Faroe]]
[[it:Faroe]]
[[pl:Faroe]]
[[pt-br:Faroe]]
[[ru:Фареры]]
[[sk:Faroe]]
[[uk:Фаре]]","{'batchcomplete': True, 'query': {'pages': [{'pageid': 4076, 'ns': 0, 'title': 'Faroe', 'revisions': [{'slots': {'main': {'contentmodel': 'wikitext', 'contentformat': 'text/x-wiki', 'content': '[[Datei:Icon Island.png|link=:Kategorie:Inseln|Insel]]\n{{Infoboxortebuch\n| name = Faroe\n| bild = Tw3_map_faroe.png\n| beschreibung = Karte aus \'\'[[The Witcher 3]]\'\'\n| art = [[:Kategorie:Inseln|Insel]]\n| lage = südliches [[Skellige]]\n| region = [[Skellige]]\n}}\n\'\'\'Faroe\'\'\' ist eine der kleineren Inseln des [[Skellige]]-Archipels. Sie ist südlich der Hauptinsel [[Ard Skellig]] gelegen.\n\nFaroe wird nur ein Mal in der [[Geralt-Saga]] erwähnt: bei Einfahrt von [[Crach an Craite]]s Drachenboot-Flotte in den Hafen von [[Kaer Trolde]].\n\n{{Zitat|ST|dtv 2010|/Kap.9|Wäre man indes bis zur Spitze eines der Türme von Kaer Trolde hinaufgestiegen und hätte in südliche Richtung geschaut, so hätte man die einsame, von den anderen abgeschiedene Insel Faroe erblickt, die aus dem Wasser ragte wie der Rücken eines riesigen Fisches, dem der Ozean zu flach ist.}}\n\n=={{tw3}}==\n\'\'\'Faroe\'\'\' ist in \'\'The Witcher 3: Wild Hunt\'\' das Territorium des [[Clan Dimun|Clans Dimun]].\n\n{{Kurzes Zitat|Den südlichsten Teil des Skellige-Archipels bildet die wilde, ungezähmte Insel Faroe. Der Besuch dort ist ein Muss für erfahrene Reisende, die eine unerforschte und bisweilen gefährliche Wildnis nicht schreckt. Natürlich ist Faroe nicht unbesiedelt. Dennoch sind es die wilde Natur und die urtümlichen Landschaften, die den Reiz der Insel ausmachen.<br><br>Die einzige Ausnahme bildet der Hafen von Harviken, Heimatdorf des Clans Dimun. Hier bekommt der Abenteurer alles für sein leibliches Wohl. Mit etwas Glück erlebt er sogar die Rückkehr der Clankrieger von einer Plünderfahrt und das Aufteilen der Beute. Dann findet zu Ehren der Krieger ein Fest statt, das mehrere Tage währt und die ideale Gelegenheit ist, die lokalen Delikatessen und Bräuche kennenzulernen. Mehr dazu findet sich im Kapitel ""Feste und Feiern"".|""[[Einsame-Welt-Reiseführer: Faroe]]""}}\n\n=== Schnellreisepunkte ===\n* [[Harviken]]\n* [[Trottheim]]\n\n==Randnotizen==\n* Die {{W|Färöer}}-Inseln sind eine zu Dänemark gehörende Insel-Gruppe im Nordatlantik. Alle außer der kleinsten Insel, Lítla Dímun, sind durchgehend bewohnt. \n\n[[Kategorie:Inseln]]\n[[Kategorie:The Witcher 3 Orte]]\n\n[[en:Faroe]]\n[[es:Faroe]]\n[[fr:Faroe]]\n[[it:Faroe]]\n[[pl:Faroe]]\n[[pt-br:Faroe]]\n[[ru:Фареры]]\n[[sk:Faroe]]\n[[uk:Фаре]]'}}}]}]}}"
Fasanerie,"Die ""'''Fasanerie'''"" ist ein gut besuchtes Gasthaus in [[Beauclair]]. [[Geralt von Riva]] und sein Ritterfreund [[Reynart de Bois-Fresnes]] kehrten dort gern für ein gutes Essen und einen erlesenen Wein ein.

Die ""Fasanerie"" ist ein Handlungsort aus dem Roman ""[[Die Dame vom See]]"" (""Pani jeziora"").

=={{tw3}}==
{{Infoboxorte3
| name = Fasanerie
| bild = tw3_baw_the_pheasantry.jpg
| art = [[:Kategorie:Gasthäuser und Kneipen|Gasthaus]]
| erweiterung = bw
| ort = Nord-Nordöstlich der [[Nilfgaardische Botschaft|Nilfgaardischen Botschaft]] beim Flussufer.
| region      = [[Toussaint]]
| tavernenwirt = Tavernenwirtin (Fasanerie)
}}
In der Erweiterung [[Blood and Wine]] kann dieses renommierte Gasthaus in [[Beauclair]] ebenfalls besucht werden. Der Zugang erfolgt über eine Außentreppe auf der Rückseite des Gebäudes.

=== Quests ===
* [[Gwint: Hurra, hurra, Skellige ist da]], Questgeber [[Graf Monnier]] kann auf der Sonnenterrasse gefunden werden. Durch ein Gespräch mit ihm kann Geralt auch am Turnier teilnehmen.
* [[Gwint: Das große Turnier von Beauclair]]
* [[Spontane Profite]]

=== Bibliothek ===
* [[Brief von Gegnern der neuen Gwint-Fraktion]], am Boden nahe der Laubenterrasse.
* [[Brief vom Bruder des Grafen Monnier]], auf einer Steinbank auf der Sonnenterrasse.
* Der [[Siegerpokal]] für den Gewinner des Gwint-Turniers ist in einer Glasvitrine auf der Sonnenterrasse ausgestellt.

== Orte in der Umgebung ==
* [[Spital Michelle d'Arossa]] nördlich

== Galerie ==
<gallery widths=""250px"">
tw3_baw_the_pheasantry_(1).jpg|Die Laubenterrasse der Fasanerie.
tw3_baw_the_pheasantry_(2).jpg|Die Sonnenterrasse mit Blick aufs Wasser.
</gallery>

[[Kategorie:Beauclair]]
[[Kategorie:Gasthäuser und Kneipen‎]]
[[Kategorie:Romane Orte]]

[[en:The Pheasantry]]
[[fr:La Faisanderie]]
[[it:Vecchio Fagiano]]
[[pl:Bażanciarnia]]
[[pt-br:O Faisão]]","{'batchcomplete': True, 'query': {'pages': [{'pageid': 30746, 'ns': 0, 'title': 'Fasanerie', 'revisions': [{'slots': {'main': {'contentmodel': 'wikitext', 'contentformat': 'text/x-wiki', 'content': 'Die ""\'\'\'Fasanerie\'\'\'"" ist ein gut besuchtes Gasthaus in [[Beauclair]]. [[Geralt von Riva]] und sein Ritterfreund [[Reynart de Bois-Fresnes]] kehrten dort gern für ein gutes Essen und einen erlesenen Wein ein.\n\nDie ""Fasanerie"" ist ein Handlungsort aus dem Roman ""[[Die Dame vom See]]"" (""Pani jeziora"").\n\n=={{tw3}}==\n{{Infoboxorte3\n| name = Fasanerie\n| bild = tw3_baw_the_pheasantry.jpg\n| art = [[:Kategorie:Gasthäuser und Kneipen|Gasthaus]]\n| erweiterung = bw\n| ort = Nord-Nordöstlich der [[Nilfgaardische Botschaft|Nilfgaardischen Botschaft]] beim Flussufer.\n| region      = [[Toussaint]]\n| tavernenwirt = Tavernenwirtin (Fasanerie)\n}}\nIn der Erweiterung [[Blood and Wine]] kann dieses renommierte Gasthaus in [[Beauclair]] ebenfalls besucht werden. Der Zugang erfolgt über eine Außentreppe auf der Rückseite des Gebäudes.\n\n=== Quests ===\n* [[Gwint: Hurra, hurra, Skellige ist da]], Questgeber [[Graf Monnier]] kann auf der Sonnenterrasse gefunden werden. Durch ein Gespräch mit ihm kann Geralt auch am Turnier teilnehmen.\n* [[Gwint: Das große Turnier von Beauclair]]\n* [[Spontane Profite]]\n\n=== Bibliothek ===\n* [[Brief von Gegnern der neuen Gwint-Fraktion]], am Boden nahe der Laubenterrasse.\n* [[Brief vom Bruder des Grafen Monnier]], auf einer Steinbank auf der Sonnenterrasse.\n* Der [[Siegerpokal]] für den Gewinner des Gwint-Turniers ist in einer Glasvitrine auf der Sonnenterrasse ausgestellt.\n\n== Orte in der Umgebung ==\n* [[Spital Michelle d\'Arossa]] nördlich\n\n== Galerie ==\n<gallery widths=""250px"">\ntw3_baw_the_pheasantry_(1).jpg|Die Laubenterrasse der Fasanerie.\ntw3_baw_the_pheasantry_(2).jpg|Die Sonnenterrasse mit Blick aufs Wasser.\n</gallery>\n\n[[Kategorie:Beauclair]]\n[[Kategorie:Gasthäuser und Kneipen\u200e]]\n[[Kategorie:Romane Orte]]\n\n[[en:The Pheasantry]]\n[[fr:La Faisanderie]]\n[[it:Vecchio Fagiano]]\n[[pl:Bażanciarnia]]\n[[pt-br:O Faisão]]'}}}]}]}}"
Fassbindertor,"{{Infoboxorte3
| name = Fassbindertor
| bild = tw3_baw_coopers'_gate.jpg
| art = Tor
| erweiterung = bw
| lage = Am nordöstlichen Ende der [[Hauteville]].
| region = [[Toussaint]]
| schnellreisen = y
}}
{{schnellreisen}}

== Kartenbeschreibung ==
:''Experten wissen, dass das Geheimnis der Toussainter Weine weniger in seinen Weinbergen als vielmehr in den Eichen seiner Wälder besteht. Fässer aus Eichenholz sind dermaßen begehrt, dass die Holzfäller das Herzogtum kahlgeschoren hätten, wenn ihnen nicht die erbosten Druiden in den Arm gefallen wären. Nach jahrelangen Verhandlungen wurde ein Kompromiss erzielt und ein besonderer Verband ins Leben gerufen: die Böttcherzunft. Dank der strengen Überwachung der Branche durch die Zunft wurde die Forstwirtschaft nachhaltig, und die Zunft wurde zur reichsten der ganzen Stadt. Davon zeugt auch das von ihr finanzierte stolze Tor.''

== Quest ==
* [[Wilder Wolf]], in einer Arena im Nordosten.

== Galerie ==
<gallery widths=""250px"">
tw3_baw_coopers'_gate_(1).jpg|Schnellreisepunkt des Fassbindertors mit Blick zur [[Hauteville]].
</gallery>

[[Kategorie:Beauclair]]

[[en:Coopers' Gate]]
[[fr:Porte du tonnelier]]
[[it:Porta dei Bottai]]
[[pl:Brama Bednarzy]]
[[ru:Бочарные ворота]]","{'batchcomplete': True, 'query': {'pages': [{'pageid': 40792, 'ns': 0, 'title': 'Fassbindertor', 'revisions': [{'slots': {'main': {'contentmodel': 'wikitext', 'contentformat': 'text/x-wiki', 'content': '{{Infoboxorte3\n| name = Fassbindertor\n| bild = tw3_baw_coopers\'_gate.jpg\n| art = Tor\n| erweiterung = bw\n| lage = Am nordöstlichen Ende der [[Hauteville]].\n| region = [[Toussaint]]\n| schnellreisen = y\n}}\n{{schnellreisen}}\n\n== Kartenbeschreibung ==\n:\'\'Experten wissen, dass das Geheimnis der Toussainter Weine weniger in seinen Weinbergen als vielmehr in den Eichen seiner Wälder besteht. Fässer aus Eichenholz sind dermaßen begehrt, dass die Holzfäller das Herzogtum kahlgeschoren hätten, wenn ihnen nicht die erbosten Druiden in den Arm gefallen wären. Nach jahrelangen Verhandlungen wurde ein Kompromiss erzielt und ein besonderer Verband ins Leben gerufen: die Böttcherzunft. Dank der strengen Überwachung der Branche durch die Zunft wurde die Forstwirtschaft nachhaltig, und die Zunft wurde zur reichsten der ganzen Stadt. Davon zeugt auch das von ihr finanzierte stolze Tor.\'\'\n\n== Quest ==\n* [[Wilder Wolf]], in einer Arena im Nordosten.\n\n== Galerie ==\n<gallery widths=""250px"">\ntw3_baw_coopers\'_gate_(1).jpg|Schnellreisepunkt des Fassbindertors mit Blick zur [[Hauteville]].\n</gallery>\n\n[[Kategorie:Beauclair]]\n\n[[en:Coopers\' Gate]]\n[[fr:Porte du tonnelier]]\n[[it:Porta dei Bottai]]\n[[pl:Brama Bednarzy]]\n[[ru:Бочарные ворота]]'}}}]}]}}"
Fayrlund,"{{Infoboxorte3
| name = Fayrlund
| bild = tw3_fayrlund.jpg
| beschreibung =
| art = [[:Kategorie:Dörfer‎|Dorf]]
| lage = [[Ard Skellig]]
| region = [[Skellige]]
| schnellreisen = y
| waffenschmied = Waffenschmied (Fayrlund)
| laden = Kaufmann (Fayrlund)
}}
{{schnellreisen}}

== Kartenbeschreibung ==
:''Dieses kleine Dorf hat sich den Ruhm erworben, die besten Jäger Skelliges zu beherbergen.''

== Persönlichkeiten ==
* [[Sven von Fayrlund|Sven]]
* [[Harald von Fayrlund|Harald]]
* [[Waffenschmied (Fayrlund)|Waffenschmied]]
* [[Kaufmann (Fayrlund)|Kaufmann]]

== Quests ==
* [[Heldenrennen: Fayrlund]]
* [[Das Herz des Waldes]]

[[en:Fayrlund]]
[[fr:Fayrlund]]
[[it:Fayrlund]]
[[pl:Wieś Ferlund]]
[[ru:Деревня Ферлунд]]","{'batchcomplete': True, 'query': {'pages': [{'pageid': 40924, 'ns': 0, 'title': 'Fayrlund', 'revisions': [{'slots': {'main': {'contentmodel': 'wikitext', 'contentformat': 'text/x-wiki', 'content': ""{{Infoboxorte3\n| name = Fayrlund\n| bild = tw3_fayrlund.jpg\n| beschreibung =\n| art = [[:Kategorie:Dörfer\u200e|Dorf]]\n| lage = [[Ard Skellig]]\n| region = [[Skellige]]\n| schnellreisen = y\n| waffenschmied = Waffenschmied (Fayrlund)\n| laden = Kaufmann (Fayrlund)\n}}\n{{schnellreisen}}\n\n== Kartenbeschreibung ==\n:''Dieses kleine Dorf hat sich den Ruhm erworben, die besten Jäger Skelliges zu beherbergen.''\n\n== Persönlichkeiten ==\n* [[Sven von Fayrlund|Sven]]\n* [[Harald von Fayrlund|Harald]]\n* [[Waffenschmied (Fayrlund)|Waffenschmied]]\n* [[Kaufmann (Fayrlund)|Kaufmann]]\n\n== Quests ==\n* [[Heldenrennen: Fayrlund]]\n* [[Das Herz des Waldes]]\n\n[[en:Fayrlund]]\n[[fr:Fayrlund]]\n[[it:Fayrlund]]\n[[pl:Wieś Ferlund]]\n[[ru:Деревня Ферлунд]]""}}}]}]}}"
Felsen_der_Ertrunkenen,"{{stub}}
{{Infoboxorte3
| name = Felsen der Ertrunkenen
| bild = 
| beschreibung = 
| art = 
| lage = [[Hindarsfjall]]
| region = [[Skellige]]
}}

'''Felsen der Ertrunkenen''' ist der Ort an dem [[Ciri]] den [[Avallac'h|Mysteriösen Elf]] treffen sollte. Es ist auch der Ort wo [[ein geheimnisvoller Passagier]] zuerst gesehen wurde.

== Quests ==
* [[Die Ruhe vor dem Sturm]]

[[en:Drowned Dead Rock]]
[[fr:Rocher du noyadé]]
[[it:Roccia del Morto Affogato]]
[[pl:Skały Topielców]]","{'batchcomplete': True, 'query': {'normalized': [{'fromencoded': False, 'from': 'Felsen_der_Ertrunkenen', 'to': 'Felsen der Ertrunkenen'}], 'pages': [{'pageid': 40855, 'ns': 0, 'title': 'Felsen der Ertrunkenen', 'revisions': [{'slots': {'main': {'contentmodel': 'wikitext', 'contentformat': 'text/x-wiki', 'content': ""{{stub}}\n{{Infoboxorte3\n| name = Felsen der Ertrunkenen\n| bild = \n| beschreibung = \n| art = \n| lage = [[Hindarsfjall]]\n| region = [[Skellige]]\n}}\n\n'''Felsen der Ertrunkenen''' ist der Ort an dem [[Ciri]] den [[Avallac'h|Mysteriösen Elf]] treffen sollte. Es ist auch der Ort wo [[ein geheimnisvoller Passagier]] zuerst gesehen wurde.\n\n== Quests ==\n* [[Die Ruhe vor dem Sturm]]\n\n[[en:Drowned Dead Rock]]\n[[fr:Rocher du noyadé]]\n[[it:Roccia del Morto Affogato]]\n[[pl:Skały Topielców]]""}}}]}]}}"
Ferneck,"{{stub}}
{{Infoboxorte3
| name = Ferneck
| bild = tw3_map_farcorners.jpg
| art = Stadtteil
| lage = Im südöstlichen Außenbezirk von [[Novigrad]]
| region = [[Novigrad]]
}}

== Quests ==
* [[Auftrag: Die Weiße Dame]]

[[Kategorie:Novigrad]]

[[fr:Les Faubourgs]]
[[en:Farcorners]]
[[it:Oltremura]]
[[pl:Zamurze]]
[[ru:Застенье]]","{'batchcomplete': True, 'query': {'pages': [{'pageid': 40921, 'ns': 0, 'title': 'Ferneck', 'revisions': [{'slots': {'main': {'contentmodel': 'wikitext', 'contentformat': 'text/x-wiki', 'content': '{{stub}}\n{{Infoboxorte3\n| name = Ferneck\n| bild = tw3_map_farcorners.jpg\n| art = Stadtteil\n| lage = Im südöstlichen Außenbezirk von [[Novigrad]]\n| region = [[Novigrad]]\n}}\n\n== Quests ==\n* [[Auftrag: Die Weiße Dame]]\n\n[[Kategorie:Novigrad]]\n\n[[fr:Les Faubourgs]]\n[[en:Farcorners]]\n[[it:Oltremura]]\n[[pl:Zamurze]]\n[[ru:Застенье]]'}}}]}]}}"
Festung_Kaer_Trolde,"{{Infoboxorte3
| name = Festung Kaer Trolde
| bild = tw3_kaer_trolde_keep.jpg
| beschriftung =
| art = [[:Kategorie:Festungen|Festung]]
| lage = [[Ard Skellig]]
| region = [[Skellige]]
| rüstungsschmied = Rüstungsschmied (Festung Kaer Trolde)
| waffenschmied = Janne
| wetzstein = j
| werkbank = j
| schnellreisen = j
}}
{{schnellreisen}}

Die '''Festung Kaer Trolde''' ist der Stammsitz des [[Clan an Craite]] im Nordwesten der Hauptinsel der [[Skellige]], [[Ard Skellig]]. Es heißt, der legendäre Held [[Grymmdjarr]] hätte den Fels, auf dem die Burg heute steht, eigenhändig aus dem Meer gezogen und sie in nur sieben Tagen aus dem Felsgetein herausgeschlagen.

Der Schnellreisepunkt direkt vor der Burg heißt ""''Brücke nach Kaer Trolde''"".

== Kartenbeschreibung ==
:''Diese Steinbrücke wurde der Legende nach einhändig von [[Grymmdjarr]] gehauen, dem heldenhaften Begründer des [[Clan an Craite]].''

== Bekannte Bewohner ==
* [[Crach an Craite]]
* [[Cerys|Cerys an Craite]]
* [[Hjalmar|Hjalmar an Craite]]
* [[Arnvald]], Mundschenk und Seneschall der an Craites
* [[Birna|Birna Bran]]
* [[Svanrige|Svanrige Bran]]
* [[Rüstungsschmied (Festung Kaer Trolde)|Rüstungsschmied]]
* [[Janne]], der Waffenschmied

== Quests ==
* [[Waffenbrüder: Skellige]]
* [[Die Familienklinge]]
* [[Gwint: Skelliger Stil]]
* [[Harte Zeiten]]
* [[Der König ist tot - lang lebe der König!]]
* [[Die List des Königs]]

[[en:Kaer Trolde keep]]
[[fr:Donjon de Kaer Trolde]]
[[it:Fortezza di Kaer Trolde]]
[[pl:Twierdza Kaer Trolde]]","{'batchcomplete': True, 'query': {'normalized': [{'fromencoded': False, 'from': 'Festung_Kaer_Trolde', 'to': 'Festung Kaer Trolde'}], 'pages': [{'pageid': 32183, 'ns': 0, 'title': 'Festung Kaer Trolde', 'revisions': [{'slots': {'main': {'contentmodel': 'wikitext', 'contentformat': 'text/x-wiki', 'content': '{{Infoboxorte3\n| name = Festung Kaer Trolde\n| bild = tw3_kaer_trolde_keep.jpg\n| beschriftung =\n| art = [[:Kategorie:Festungen|Festung]]\n| lage = [[Ard Skellig]]\n| region = [[Skellige]]\n| rüstungsschmied = Rüstungsschmied (Festung Kaer Trolde)\n| waffenschmied = Janne\n| wetzstein = j\n| werkbank = j\n| schnellreisen = j\n}}\n{{schnellreisen}}\n\nDie \'\'\'Festung Kaer Trolde\'\'\' ist der Stammsitz des [[Clan an Craite]] im Nordwesten der Hauptinsel der [[Skellige]], [[Ard Skellig]]. Es heißt, der legendäre Held [[Grymmdjarr]] hätte den Fels, auf dem die Burg heute steht, eigenhändig aus dem Meer gezogen und sie in nur sieben Tagen aus dem Felsgetein herausgeschlagen.\n\nDer Schnellreisepunkt direkt vor der Burg heißt ""\'\'Brücke nach Kaer Trolde\'\'"".\n\n== Kartenbeschreibung ==\n:\'\'Diese Steinbrücke wurde der Legende nach einhändig von [[Grymmdjarr]] gehauen, dem heldenhaften Begründer des [[Clan an Craite]].\'\'\n\n== Bekannte Bewohner ==\n* [[Crach an Craite]]\n* [[Cerys|Cerys an Craite]]\n* [[Hjalmar|Hjalmar an Craite]]\n* [[Arnvald]], Mundschenk und Seneschall der an Craites\n* [[Birna|Birna Bran]]\n* [[Svanrige|Svanrige Bran]]\n* [[Rüstungsschmied (Festung Kaer Trolde)|Rüstungsschmied]]\n* [[Janne]], der Waffenschmied\n\n== Quests ==\n* [[Waffenbrüder: Skellige]]\n* [[Die Familienklinge]]\n* [[Gwint: Skelliger Stil]]\n* [[Harte Zeiten]]\n* [[Der König ist tot - lang lebe der König!]]\n* [[Die List des Königs]]\n\n[[en:Kaer Trolde keep]]\n[[fr:Donjon de Kaer Trolde]]\n[[it:Fortezza di Kaer Trolde]]\n[[pl:Twierdza Kaer Trolde]]'}}}]}]}}"
Festung_von_Lugos_dem_Irren,"{{stub}}
{{Infoboxorte3
| name = Festung von Lugos dem Irren
| bild = Tw3 madman lugos keep.jpg
| beschreibung = 
| art = [[:Kategorie:Dörfer‎|Dorf]]
| lage = [[Kaer Muire]] / [[Ard Skellig]]
| region = [[Skellige]]
}}

== Persönlichkeiten ==
* [[Lugos der Irre]]
* [[Simun Bergfink]] (Gefangener)

== Quests ==
* [[Die Höhle der Träume]]
* [[Eine unbeglichene Schuld]]
* [[Fremder in einem seltsamen Land]]

[[en:Madman Lugos' keep]]
[[fr:Donjon de Lugos le Dingue]]
[[it:Fortezza di Lugos il Pazzo]]
[[pl:Twierdza Lugosa Szalonego]]","{'batchcomplete': True, 'query': {'normalized': [{'fromencoded': False, 'from': 'Festung_von_Lugos_dem_Irren', 'to': 'Festung von Lugos dem Irren'}], 'pages': [{'pageid': 41173, 'ns': 0, 'title': 'Festung von Lugos dem Irren', 'revisions': [{'slots': {'main': {'contentmodel': 'wikitext', 'contentformat': 'text/x-wiki', 'content': ""{{stub}}\n{{Infoboxorte3\n| name = Festung von Lugos dem Irren\n| bild = Tw3 madman lugos keep.jpg\n| beschreibung = \n| art = [[:Kategorie:Dörfer\u200e|Dorf]]\n| lage = [[Kaer Muire]] / [[Ard Skellig]]\n| region = [[Skellige]]\n}}\n\n== Persönlichkeiten ==\n* [[Lugos der Irre]]\n* [[Simun Bergfink]] (Gefangener)\n\n== Quests ==\n* [[Die Höhle der Träume]]\n* [[Eine unbeglichene Schuld]]\n* [[Fremder in einem seltsamen Land]]\n\n[[en:Madman Lugos' keep]]\n[[fr:Donjon de Lugos le Dingue]]\n[[it:Fortezza di Lugos il Pazzo]]\n[[pl:Twierdza Lugosa Szalonego]]""}}}]}]}}"
Feuerklippen,"{{stub}}
{{Infoboxorte3
| name = Feuerklippen
| bild = 
| beschreibung = 
| art = Region
| lage = Westküste von [[Velen]]
| region = [[Velen]]
}}

Die '''Feuerklippen''' bezeichnen eine Region im westlichen [[Velen]] in ''[[The Witcher 3: Wild Hunt]]''. Sie beherbergen mehrere Schnellreisepunkte.

== Fast-travel points ==
* [[Wrackküste]]
* [[Kondylus]]

== Quests ==
* [[Wrackküste (Quest)|Wrackküste]]
* [[Ein kostspieliger Fehler]]
* [[Grausame Fallen der Liebe]]
* [[Eine ignorierte Bitte]]
* [[Die Schätze der Königin Suleyka]]
* [[Schatzsuche: Schemas zur Verbesserung der Greifenschulenausrüstung - Teil 1]]

[[en:Spitfire Bluff]]
[[fr:Falaise du Tumulte]]
[[it:Promontorio del Fuoco]]
[[pl:Piekielnik]]","{'batchcomplete': True, 'query': {'pages': [{'pageid': 41389, 'ns': 0, 'title': 'Feuerklippen', 'revisions': [{'slots': {'main': {'contentmodel': 'wikitext', 'contentformat': 'text/x-wiki', 'content': ""{{stub}}\n{{Infoboxorte3\n| name = Feuerklippen\n| bild = \n| beschreibung = \n| art = Region\n| lage = Westküste von [[Velen]]\n| region = [[Velen]]\n}}\n\nDie '''Feuerklippen''' bezeichnen eine Region im westlichen [[Velen]] in ''[[The Witcher 3: Wild Hunt]]''. Sie beherbergen mehrere Schnellreisepunkte.\n\n== Fast-travel points ==\n* [[Wrackküste]]\n* [[Kondylus]]\n\n== Quests ==\n* [[Wrackküste (Quest)|Wrackküste]]\n* [[Ein kostspieliger Fehler]]\n* [[Grausame Fallen der Liebe]]\n* [[Eine ignorierte Bitte]]\n* [[Die Schätze der Königin Suleyka]]\n* [[Schatzsuche: Schemas zur Verbesserung der Greifenschulenausrüstung - Teil\xa01]]\n\n[[en:Spitfire Bluff]]\n[[fr:Falaise du Tumulte]]\n[[it:Promontorio del Fuoco]]\n[[pl:Piekielnik]]""}}}]}]}}"
Feuersbrunsthafen,"{{Infoboxorte3
| name = Feuersbrunsthafen
| bild = Tw3-fireburst-harbor-01.png
| beschreibung = 
| art = Ort
| lage = Südlich der [[Teufelsgrube]], am Fluss
| region = [[Novigrad]]
}}
{{Hafen}}

Der '''Feuerbrunsthafen''' ist ein Ort in ''[[The Witcher 3: Wild Hunt]]''. Anfangs ist er überrannt von [[Ertrunkener|Ertrunkenen]]. Wenn Geralt diese tötet, kehren die Leute zurück. Der Hafen besitzt weder einen Schnellreisepunkt noch eine Beschreibung auf der Karte.

== Quests ==
* [[Eine unglückliche Wendung]]

== Galerie ==
[[Datei:Tw3-fireburst-harbor-location.png|left|thumb|300px|Fireburst Harbor location]]

[[en:Fireburst Harbor]]
[[fr:Port de Boutefeu]]
[[it:Molo dell'Esplosione]]
[[pl:Przystań Rozgorze]]
[[ru:Пристань Всполох]]","{'batchcomplete': True, 'query': {'pages': [{'pageid': 40933, 'ns': 0, 'title': 'Feuersbrunsthafen', 'revisions': [{'slots': {'main': {'contentmodel': 'wikitext', 'contentformat': 'text/x-wiki', 'content': ""{{Infoboxorte3\n| name = Feuersbrunsthafen\n| bild = Tw3-fireburst-harbor-01.png\n| beschreibung = \n| art = Ort\n| lage = Südlich der [[Teufelsgrube]], am Fluss\n| region = [[Novigrad]]\n}}\n{{Hafen}}\n\nDer '''Feuerbrunsthafen''' ist ein Ort in ''[[The Witcher 3: Wild Hunt]]''. Anfangs ist er überrannt von [[Ertrunkener|Ertrunkenen]]. Wenn Geralt diese tötet, kehren die Leute zurück. Der Hafen besitzt weder einen Schnellreisepunkt noch eine Beschreibung auf der Karte.\n\n== Quests ==\n* [[Eine unglückliche Wendung]]\n\n== Galerie ==\n[[Datei:Tw3-fireburst-harbor-location.png|left|thumb|300px|Fireburst Harbor location]]\n\n[[en:Fireburst Harbor]]\n[[fr:Port de Boutefeu]]\n[[it:Molo dell'Esplosione]]\n[[pl:Przystań Rozgorze]]\n[[ru:Пристань Всполох]]""}}}]}]}}"
Filament-Fluss,"{{stub}}
{{Infoboxorte3
| name = Filament-Fluss
| bild = 
| art = [[:Kategorie:Flüsse|Fluss]]
| lage = [[Sansretour-Marsch]]
| region = [[Toussaint]]
| erweiterung = bw
}}

Der '''Filament-Fluss''' verläuft durch den [[Sansretour-Marsch]] und mündet in die [[Eulenaugengrotte]].

[[Kategorie:Flüsse]]

[[en:Filament Stream]]
[[fr:Ru du Filament]]
[[it:Ruscello sottile]]
[[pl:Strumień Nitka]]
[[ru:Ручей Нитка]]
[[uk:Струмок Нитка]]","{'batchcomplete': True, 'query': {'pages': [{'pageid': 40930, 'ns': 0, 'title': 'Filament-Fluss', 'revisions': [{'slots': {'main': {'contentmodel': 'wikitext', 'contentformat': 'text/x-wiki', 'content': ""{{stub}}\n{{Infoboxorte3\n| name = Filament-Fluss\n| bild = \n| art = [[:Kategorie:Flüsse|Fluss]]\n| lage = [[Sansretour-Marsch]]\n| region = [[Toussaint]]\n| erweiterung = bw\n}}\n\nDer '''Filament-Fluss''' verläuft durch den [[Sansretour-Marsch]] und mündet in die [[Eulenaugengrotte]].\n\n[[Kategorie:Flüsse]]\n\n[[en:Filament Stream]]\n[[fr:Ru du Filament]]\n[[it:Ruscello sottile]]\n[[pl:Strumień Nitka]]\n[[ru:Ручей Нитка]]\n[[uk:Струмок Нитка]]""}}}]}]}}"
Finstersenke,"{{stub}}
{{Infoboxorte3
| name = Finstersenke
| bild = tw3_baw_scavenger_hunt_grandmaster_manticore_gear.jpg
| art = Höhle
| lage = [[Seidhe Llygad]]
| region = [[Gorgo-Ausläufer]]
| erweiterung = bw
}}
{{Höhleneingang}}

Die '''Finstersenke''' ist eine Höhle am westlichen Ufer des [[Seidhe Llygad]] Sees in der [[Gorgo-Ausläufer]] Region.

== Quest ==
* [[Schatzsuche: Großmeister-Ausrüstung der Mantikor-Schule]]

[[en:Murky Delve]]
[[fr:Combe boueuse]]
[[it:Fossa fangosa]]
[[pl:Czarny Wykrot]]
[[ru:Черная Впадина]]","{'batchcomplete': True, 'query': {'pages': [{'pageid': 41236, 'ns': 0, 'title': 'Finstersenke', 'revisions': [{'slots': {'main': {'contentmodel': 'wikitext', 'contentformat': 'text/x-wiki', 'content': ""{{stub}}\n{{Infoboxorte3\n| name = Finstersenke\n| bild = tw3_baw_scavenger_hunt_grandmaster_manticore_gear.jpg\n| art = Höhle\n| lage = [[Seidhe Llygad]]\n| region = [[Gorgo-Ausläufer]]\n| erweiterung = bw\n}}\n{{Höhleneingang}}\n\nDie '''Finstersenke''' ist eine Höhle am westlichen Ufer des [[Seidhe Llygad]] Sees in der [[Gorgo-Ausläufer]] Region.\n\n== Quest ==\n* [[Schatzsuche: Großmeister-Ausrüstung der Mantikor-Schule]]\n\n[[en:Murky Delve]]\n[[fr:Combe boueuse]]\n[[it:Fossa fangosa]]\n[[pl:Czarny Wykrot]]\n[[ru:Черная Впадина]]""}}}]}]}}"
Fischmarkt,"{{stub}}
{{Infoboxorte3
| name = Fischmarkt
| bild = tw3_fish_market.jpg
| art = Stadtteil
| lage = Südwestlich vom [[Platz des Hierarchen]]
| region = [[Novigrad]]
| laden = Kaufmann (Fischmarkt)
}}

Der '''Fischmarkt''' ist ein Stadtbezirk der Freien Stadt [[Novigrad]].

== Quests ==
* [[Auftrag: Tödliche Wonnen]]
* [[Eine lebenswichtige Angelegenheit]]

[[Kategorie:Novigrad]]

[[en:Fish Market]]
[[fr:La Criée]]
[[it:Mercato del Pesce (Novigrad)]]
[[pl:Targ rybny]]
[[ru:Рыбный рынок]]","{'batchcomplete': True, 'query': {'pages': [{'pageid': 40936, 'ns': 0, 'title': 'Fischmarkt', 'revisions': [{'slots': {'main': {'contentmodel': 'wikitext', 'contentformat': 'text/x-wiki', 'content': ""{{stub}}\n{{Infoboxorte3\n| name = Fischmarkt\n| bild = tw3_fish_market.jpg\n| art = Stadtteil\n| lage = Südwestlich vom [[Platz des Hierarchen]]\n| region = [[Novigrad]]\n| laden = Kaufmann (Fischmarkt)\n}}\n\nDer '''Fischmarkt''' ist ein Stadtbezirk der Freien Stadt [[Novigrad]].\n\n== Quests ==\n* [[Auftrag: Tödliche Wonnen]]\n* [[Eine lebenswichtige Angelegenheit]]\n\n[[Kategorie:Novigrad]]\n\n[[en:Fish Market]]\n[[fr:La Criée]]\n[[it:Mercato del Pesce (Novigrad)]]\n[[pl:Targ rybny]]\n[[ru:Рыбный рынок]]""}}}]}]}}"
Fleischerei,"{{Infoboxorte3
| name = Fleischerei
| bild = tw3_baw_butcher's_shop.jpg
| art = Fleischerei
| erweiterung = bw
| lage = [[Hafen von Beauclair]]
| region = [[Toussaint]]
| laden = Schlachter
}}
:[[Datei:Tw3 bw sign butcher shop.png|200px|Fleischerei]]

Die '''Fleischerei''' scheint die einzige Quelle für Fleisch im [[Hafen von Beauclair]] zu sein.

== Quest ==
* [[Gwint: Hurra, hurra, Skellige ist da]], der Schlachter spielt [[Gwent]].

== Galerie ==
<gallery widths=""250px"">
tw3_baw_butcher's_shop_(1).jpg|Ladenschild der Fleischerei.
tw3_baw_butcher's_shop_(2).jpg|Der Ort sieht wenig hygienisch aus.
</gallery>

[[Kategorie:Beauclair]]

[[en:Butcher's Shop]]
[[fr:Boucherie]]
[[it:Macelleria]]
[[pl:Masarnia]]","{'batchcomplete': True, 'query': {'pages': [{'pageid': 40762, 'ns': 0, 'title': 'Fleischerei', 'revisions': [{'slots': {'main': {'contentmodel': 'wikitext', 'contentformat': 'text/x-wiki', 'content': '{{Infoboxorte3\n| name = Fleischerei\n| bild = tw3_baw_butcher\'s_shop.jpg\n| art = Fleischerei\n| erweiterung = bw\n| lage = [[Hafen von Beauclair]]\n| region = [[Toussaint]]\n| laden = Schlachter\n}}\n:[[Datei:Tw3 bw sign butcher shop.png|200px|Fleischerei]]\n\nDie \'\'\'Fleischerei\'\'\' scheint die einzige Quelle für Fleisch im [[Hafen von Beauclair]] zu sein.\n\n== Quest ==\n* [[Gwint: Hurra, hurra, Skellige ist da]], der Schlachter spielt [[Gwent]].\n\n== Galerie ==\n<gallery widths=""250px"">\ntw3_baw_butcher\'s_shop_(1).jpg|Ladenschild der Fleischerei.\ntw3_baw_butcher\'s_shop_(2).jpg|Der Ort sieht wenig hygienisch aus.\n</gallery>\n\n[[Kategorie:Beauclair]]\n\n[[en:Butcher\'s Shop]]\n[[fr:Boucherie]]\n[[it:Macelleria]]\n[[pl:Masarnia]]'}}}]}]}}"
Fliegender_Hirsch,"{{Infoboxorte3
| name = Fliegender Hirsch
| bild = tw3_flying_stag.jpg
| art = [[:Kategorie:Schiffe|Schiffswrack]]
| lage = bei einer kleinen Insel südwestlich des [[Leuchtturm]]s
| region = [[Novigrad]]
}}
Der '''Fliegende Hirsch''' ist ein Schiffswrack vor der Küste [[Novigrad]]. Sein Kapitän hieß [[Jacob von Dembich]]<ref>aus: [[Prinz Adriens Tagebuch]]</ref>.

Auf seiner letzten Fahrt transportierte das Schiff Frauen nach Novigrad (möglicherwise Sklavinnen). Des Weiteren waren der [[Hexer]] [[Kiyan]] sowie der [[Zauberer und Magier|Magier]] [[Ireneus var Steingard]] mit an Bord. Der Hexer wurde von dem Alten entführt - als Ablenkungsmanöver beschwor er einen Sturm herauf, welcher das Schiff an den Felsen der Küste [[Grashügel]]s zerschellen ließ, während der Magier sich mit seinem Opfer in sein Laboratorium unter der [[Tempelinsel]] teleportierte. 

== Quests ==
* [[Schatzsuche: Katzenschulenausrüstung]]

== Map ==
[[Datei:Tw3 wreck of the flying stag map.jpg|thumb|left|450px|Lage des Wracks des Fliegenden Hirschs (Markierung)]]
{{clear}}
==Fußnoten==
<references />
[[Kategorie:Schiffe]]

[[en:Flying Stag]]
[[fr:Cerf volant]]
[[it:Cervo Volante]]
[[pl:Latającego Jelenia]]
[[ru:Остов «Летучего оленя»]]","{'batchcomplete': True, 'query': {'normalized': [{'fromencoded': False, 'from': 'Fliegender_Hirsch', 'to': 'Fliegender Hirsch'}], 'pages': [{'pageid': 32088, 'ns': 0, 'title': 'Fliegender Hirsch', 'revisions': [{'slots': {'main': {'contentmodel': 'wikitext', 'contentformat': 'text/x-wiki', 'content': ""{{Infoboxorte3\n| name = Fliegender Hirsch\n| bild = tw3_flying_stag.jpg\n| art = [[:Kategorie:Schiffe|Schiffswrack]]\n| lage = bei einer kleinen Insel südwestlich des [[Leuchtturm]]s\n| region = [[Novigrad]]\n}}\nDer '''Fliegende Hirsch''' ist ein Schiffswrack vor der Küste [[Novigrad]]. Sein Kapitän hieß [[Jacob von Dembich]]<ref>aus: [[Prinz Adriens Tagebuch]]</ref>.\n\nAuf seiner letzten Fahrt transportierte das Schiff Frauen nach Novigrad (möglicherwise Sklavinnen). Des Weiteren waren der [[Hexer]] [[Kiyan]] sowie der [[Zauberer und Magier|Magier]] [[Ireneus var Steingard]] mit an Bord. Der Hexer wurde von dem Alten entführt - als Ablenkungsmanöver beschwor er einen Sturm herauf, welcher das Schiff an den Felsen der Küste [[Grashügel]]s zerschellen ließ, während der Magier sich mit seinem Opfer in sein Laboratorium unter der [[Tempelinsel]] teleportierte. \n\n== Quests ==\n* [[Schatzsuche: Katzenschulenausrüstung]]\n\n== Map ==\n[[Datei:Tw3 wreck of the flying stag map.jpg|thumb|left|450px|Lage des Wracks des Fliegenden Hirschs (Markierung)]]\n{{clear}}\n==Fußnoten==\n<references />\n[[Kategorie:Schiffe]]\n\n[[en:Flying Stag]]\n[[fr:Cerf volant]]\n[[it:Cervo Volante]]\n[[pl:Latającego Jelenia]]\n[[ru:Остов «Летучего оленя»]]""}}}]}]}}"
Flovive,"__NOTOC__
{{Infoboxorte3
| name = Flovive
| bild = tw3_baw_flovive.jpg
| art = Village
| erweiterung = bw
| lage = [[Sansretour-Marsch]], südöstlich vom ""[[Zum Basilisk]]""
| region = [[Toussaint]]
| schnellreisen = j
| anschlagbrett = j
| boot = j
| laden = Kaufmann (Flovive)
| tavernenwirt = Tavernenwirtin (Zum Fass & Zapfen)
}}

{{schnellreisen}} {{boot}}
'''Flovive''' ist eine Ortschaft in den [[Sansretour-Marsch]]en von [[Toussaint]]. Es liegt direkt am Ufer des Flusses [[Sansretour]] und hat daher auch einen kleinen Hafen. Des Weiteren ist es bekannt für seine Taverne ""[[Zum Fass & Zapfen]]"". Dort werden u. a. regionale Weine angeboten, wie von dem nördlich gelegegenen Weingut [[Tufo]]. Sein Besitzer, [[Monsieur de Bourbeau]], ist der Herr über das Land um das Dorf herum.

== Kartenbeschreibung ==
:''Einst wurde die Sansretour-Marsch von einer Froschplage heimgesucht. Herzogin Ademarta setzte einen Preis darauf aus, das Land von den verfluchten Amphibien zu befreien. Doch weder die Ritter noch die Druiden vermochten dies zu vollbringen. Bis eines Tages ein armer Flößer namens Flovive eine Möglichkeit fand. Er bezirzte die Frösche mit seiner Geige, und sie folgten seiner Melodie wie in Trance. Er führte sie aus dem Herzogtum hinaus. Als Erinnerung daran trägt die Siedlung der Flößer von Toussaint bis heute seinen Namen.''

==Bekannte Personen==
* [[Tavernenwirtin (Zum Fass & Zapfen)|Tavernenwirtin]] des ""[[Zum Fass & Zapfen]]""
* [[Kaufmann (Flovive)|Kaufmann]] auf dem Markplatz

== Gegenstände ==
* Bücher in einem Haus nordwestlich der Taverne ""[[Zum Fass & Zapfen]]"":
** [[Die Kikimora: Wahrheit und Mythos über das infame Insekt]]
** [[Der Panther und ich - von Abigail Lette]]
** [[Die wundervolle Welt der Insektoiden - Zusatz]]
** [[Die Abenteuer von Stachli und Franconi dem Wicht]]
* Bücher in einem Haus neben dem Anschlagbrett in Flovive:
** [[Von Grotts wunderbare Lösung gegen Flatterer]]
** [[Der Panther und ich - von Abigail Lette]]

== Galerie ==
<gallery widths=""250px"">
tw3_baw_flovive_(1).jpg|Marktplatz in Flovive
tw3_baw_flovive_(2).jpg|Ansicht vom Süden
tw3_baw_flovive_(3).jpg|Taverne ""[[Zum Fass & Zapfen]]""
</gallery>

==Randnotizen==
* In der Ortsbeschreibung wird der Flößer ""Flovive"" erwähnt, der die Region von einer Froschplage befreite. Diese Geschichte erinnert an die Legende vom {{W|Rattenfänger von Hameln}}, der mit seinem Flötenspiel alle Ratten und Mäuse aus der Stadt führte.

== Anschlagtafel ==
* [[Sie hat meine Katze geheilt!]]
* [[Suche Flößer]]

[[en:Flovive]]
[[fr:Flot-vif]]
[[it:Flovive]]
[[pl:Flovive]]
[[pt-br:Flovive]]
[[ru:Деревня Фловив]]","{'batchcomplete': True, 'query': {'pages': [{'pageid': 40939, 'ns': 0, 'title': 'Flovive', 'revisions': [{'slots': {'main': {'contentmodel': 'wikitext', 'contentformat': 'text/x-wiki', 'content': '__NOTOC__\n{{Infoboxorte3\n| name = Flovive\n| bild = tw3_baw_flovive.jpg\n| art = Village\n| erweiterung = bw\n| lage = [[Sansretour-Marsch]], südöstlich vom ""[[Zum Basilisk]]""\n| region = [[Toussaint]]\n| schnellreisen = j\n| anschlagbrett = j\n| boot = j\n| laden = Kaufmann (Flovive)\n| tavernenwirt = Tavernenwirtin (Zum Fass & Zapfen)\n}}\n\n{{schnellreisen}} {{boot}}\n\'\'\'Flovive\'\'\' ist eine Ortschaft in den [[Sansretour-Marsch]]en von [[Toussaint]]. Es liegt direkt am Ufer des Flusses [[Sansretour]] und hat daher auch einen kleinen Hafen. Des Weiteren ist es bekannt für seine Taverne ""[[Zum Fass & Zapfen]]"". Dort werden u. a. regionale Weine angeboten, wie von dem nördlich gelegegenen Weingut [[Tufo]]. Sein Besitzer, [[Monsieur de Bourbeau]], ist der Herr über das Land um das Dorf herum.\n\n== Kartenbeschreibung ==\n:\'\'Einst wurde die Sansretour-Marsch von einer Froschplage heimgesucht. Herzogin Ademarta setzte einen Preis darauf aus, das Land von den verfluchten Amphibien zu befreien. Doch weder die Ritter noch die Druiden vermochten dies zu vollbringen. Bis eines Tages ein armer Flößer namens Flovive eine Möglichkeit fand. Er bezirzte die Frösche mit seiner Geige, und sie folgten seiner Melodie wie in Trance. Er führte sie aus dem Herzogtum hinaus. Als Erinnerung daran trägt die Siedlung der Flößer von Toussaint bis heute seinen Namen.\'\'\n\n==Bekannte Personen==\n* [[Tavernenwirtin (Zum Fass & Zapfen)|Tavernenwirtin]] des ""[[Zum Fass & Zapfen]]""\n* [[Kaufmann (Flovive)|Kaufmann]] auf dem Markplatz\n\n== Gegenstände ==\n* Bücher in einem Haus nordwestlich der Taverne ""[[Zum Fass & Zapfen]]"":\n** [[Die Kikimora: Wahrheit und Mythos über das infame Insekt]]\n** [[Der Panther und ich - von Abigail Lette]]\n** [[Die wundervolle Welt der Insektoiden - Zusatz]]\n** [[Die Abenteuer von Stachli und Franconi dem Wicht]]\n* Bücher in einem Haus neben dem Anschlagbrett in Flovive:\n** [[Von Grotts wunderbare Lösung gegen Flatterer]]\n** [[Der Panther und ich - von Abigail Lette]]\n\n== Galerie ==\n<gallery widths=""250px"">\ntw3_baw_flovive_(1).jpg|Marktplatz in Flovive\ntw3_baw_flovive_(2).jpg|Ansicht vom Süden\ntw3_baw_flovive_(3).jpg|Taverne ""[[Zum Fass & Zapfen]]""\n</gallery>\n\n==Randnotizen==\n* In der Ortsbeschreibung wird der Flößer ""Flovive"" erwähnt, der die Region von einer Froschplage befreite. Diese Geschichte erinnert an die Legende vom {{W|Rattenfänger von Hameln}}, der mit seinem Flötenspiel alle Ratten und Mäuse aus der Stadt führte.\n\n== Anschlagtafel ==\n* [[Sie hat meine Katze geheilt!]]\n* [[Suche Flößer]]\n\n[[en:Flovive]]\n[[fr:Flot-vif]]\n[[it:Flovive]]\n[[pl:Flovive]]\n[[pt-br:Flovive]]\n[[ru:Деревня Фловив]]'}}}]}]}}"
Fluechtlingslager_(Velen),Error: 'revisions',
Foltests_Burg,"__NOTOC__
{{stub}}
[[Datei:Icon Fortress.png|link=Städte und Festungen#Festungen und Burgen|Burg]]
{{Infoboxortebuch
| name         = Foltests Burg / Königliche Burg Wyzima
| bild         = Foltest's castle from outside.jpg
| beschriftung = Screenshot der Burg aus ""{{tw1}}""
| size         =
| bild2        = Places Foltests Castle.png
| beschriftung2= Thronsaal in ""The Witcher""
| size2        =
| bild3        = 
| beschriftung3= 
| size3        =
| art          = [[:Kategorie:Festungen|Burg]]
| lage         = Königliches Viertel von [[Wyzima]]<ref name=""tw1"">im Computerspiel ''{{tw1}}''</ref>
| vorkommen    = <br style=""float:right;"">
*Bücher:
**[[Der letzte Wunsch]] (erstes Vorkommen)
*Comics:
**[[Geralt (Comic-Ausgabe)|Geralt]]
*Computerspiele:
**[[The Witcher (Computerspiel)|The Witcher]]
**[[The Witcher 3: Wild Hunt]]
| vorkommenklein=n
}}
'''Foltests Burg''' wurde von König Foltest vollendet etwa zu der Zeit, als sein vorheriger Sitz von einer [[Striege]] übernommen wurde, einer Frucht der inzestuösen Beziehung des Herrschers mit seiner eigenen [[Adda (Foltests Schwester)|Schwester]]. Geräumige Hallen aus Stein, Buntglasfenster und Gewölbedecken zeigen, dass hier zwergische Baukunst zum Einsatz kam. Im Thronsaal gewährt der Herrscher seinen Untertanen – ob Bittstellern oder geschätzten Ratgebern – Audienz.

==In {{tw1}}==
König [[Foltest]] ist ein sehr aktiver Herrscher und reist oft durch das Land, doch in [[Wyzima]] bewohnt er gern seine Kammern in der Burg mit ihrem benachbarten Hof.

Bei seiner Rückkehr in die Burg von Wyzima sind sämtliche Mitglieder des Könighofs zugegen. Graf [[Roderick de Wett]], der Stadtvogt [[Velerad]] sowie die Zauberin [[Triss Merigold]] als Beraterin. Aristokraten und Höflinge, die sich vom Spiel des Minnesängers verzaubern lassen und auswärtige Adelige wie [[Antoinette]] aus dem Herzogtum [[Toussaint]]. Königliche Elitewachen und [[Temerien|Temerische]] Ritter flankieren den geräumigen Saal.

Wirklich wichtige Dinge bespricht Foltest in seinen Kammern im ersten Stock der Burg. Dort empfängt er [[Geralt von Riva|Geralt]], um mit ihm über das [[Striege|Striegen-Problem]] seiner Tochter [[Adda (Foltests Tochter)|Adda]] zu besprechen sowie Geralts Anliegen, der Spur der [[Salamandra]] zu folgen. Die private Kammer ist außerdem der geeignete Ort für Foltest, sich mit einem ebenbürtigen Gegner zu messen – seiner Leidenschaft für das [[Ein Würfelspiel|Würfelspiel]].

'''{{color|#E57F00|Hinweis}}''': Foltests Burg ist ein Handlungsort in der [[Nicht verwirklichte Quests|nicht verwirklichten Quest]] ""[[Der Putsch]]"".

==In The Witcher 3==
'''Königliche Burg Wyzima''' ist die Bezeichnung von Foltests Burg in ''{{tw3}}''. Nach Foltests Ermordung in ''{{tw2}}'' und der strittigen Nachfolgerschaft ist sein Thron noch immer unbesetzt, und als die [[Nilfgaard]]er Invasoren einmarschieren, fliehen alle Bewohner der Burg. Kaiser [[Emhyr var Emreis]] okkupiert den Palast und nutzt ihn als Basis, solange er in den [[Nördliche Königreiche|Nördlichen Königreichen]] weilt.

''Weitere Details zu ergänzen''

== Galerie==
<gallery mode=packed-hover heights=200px style=""text-align:left"">
FoltestBurg1.jpg|{{color|black|Foltests Burg, Audienzsaal in ''The Witcher''}}
FoltestBurg2.jpg|{{color|black|Foltests Burg, Audienzsaal in ''The Witcher''}}
Map Burg.jpg|{{color|black|Übersichtskarte vom königlichen Schloss von Foltest in ''The Witcher''}}
Tw3-royal-palace.png|{{color|black|Thronsaal, Screenshot aus einem Trailer zu ''The Witcher 3''}}
The-Witcher-3-Concept-4.jpg|{{color|black|Der Garten im Innenhof des Königlichen Palastes in ''The Witcher 3''}}
</gallery>

==Fußnoten==
<references />

[[Kategorie:Festungen]]
[[Kategorie:Romane Orte]]
[[Kategorie:Comics Orte]]
[[Kategorie:The Witcher Orte]]
[[Kategorie:The Witcher 3 Orte]]

[[ar:القصر الملكي (فيزيما)]]
[[cs:Foltestův hrad]]
[[en:Royal Palace (Vizima)]]
[[es:Castillo de Foltest]]
[[fr:Château de Foltest]]
[[it:Castello di Foltest]]
[[hu:Foltest kastélya]]
[[pl:Zamek Foltesta]]
[[ru:Замок Фольтеста]]
[[tr:Kraliyet Sarayı (Vizima)]]","{'batchcomplete': True, 'query': {'normalized': [{'fromencoded': False, 'from': 'Foltests_Burg', 'to': 'Foltests Burg'}], 'pages': [{'pageid': 2039, 'ns': 0, 'title': 'Foltests Burg', 'revisions': [{'slots': {'main': {'contentmodel': 'wikitext', 'contentformat': 'text/x-wiki', 'content': '__NOTOC__\n{{stub}}\n[[Datei:Icon Fortress.png|link=Städte und Festungen#Festungen und Burgen|Burg]]\n{{Infoboxortebuch\n| name         = Foltests Burg / Königliche Burg Wyzima\n| bild         = Foltest\'s castle from outside.jpg\n| beschriftung = Screenshot der Burg aus ""{{tw1}}""\n| size         =\n| bild2        = Places Foltests Castle.png\n| beschriftung2= Thronsaal in ""The Witcher""\n| size2        =\n| bild3        = \n| beschriftung3= \n| size3        =\n| art          = [[:Kategorie:Festungen|Burg]]\n| lage         = Königliches Viertel von [[Wyzima]]<ref name=""tw1"">im Computerspiel \'\'{{tw1}}\'\'</ref>\n| vorkommen    = <br style=""float:right;"">\n*Bücher:\n**[[Der letzte Wunsch]] (erstes Vorkommen)\n*Comics:\n**[[Geralt (Comic-Ausgabe)|Geralt]]\n*Computerspiele:\n**[[The Witcher (Computerspiel)|The Witcher]]\n**[[The Witcher 3: Wild Hunt]]\n| vorkommenklein=n\n}}\n\'\'\'Foltests Burg\'\'\' wurde von König Foltest vollendet etwa zu der Zeit, als sein vorheriger Sitz von einer [[Striege]] übernommen wurde, einer Frucht der inzestuösen Beziehung des Herrschers mit seiner eigenen [[Adda (Foltests Schwester)|Schwester]]. Geräumige Hallen aus Stein, Buntglasfenster und Gewölbedecken zeigen, dass hier zwergische Baukunst zum Einsatz kam. Im Thronsaal gewährt der Herrscher seinen Untertanen – ob Bittstellern oder geschätzten Ratgebern – Audienz.\n\n==In {{tw1}}==\nKönig [[Foltest]] ist ein sehr aktiver Herrscher und reist oft durch das Land, doch in [[Wyzima]] bewohnt er gern seine Kammern in der Burg mit ihrem benachbarten Hof.\n\nBei seiner Rückkehr in die Burg von Wyzima sind sämtliche Mitglieder des Könighofs zugegen. Graf [[Roderick de Wett]], der Stadtvogt [[Velerad]] sowie die Zauberin [[Triss Merigold]] als Beraterin. Aristokraten und Höflinge, die sich vom Spiel des Minnesängers verzaubern lassen und auswärtige Adelige wie [[Antoinette]] aus dem Herzogtum [[Toussaint]]. Königliche Elitewachen und [[Temerien|Temerische]] Ritter flankieren den geräumigen Saal.\n\nWirklich wichtige Dinge bespricht Foltest in seinen Kammern im ersten Stock der Burg. Dort empfängt er [[Geralt von Riva|Geralt]], um mit ihm über das [[Striege|Striegen-Problem]] seiner Tochter [[Adda (Foltests Tochter)|Adda]] zu besprechen sowie Geralts Anliegen, der Spur der [[Salamandra]] zu folgen. Die private Kammer ist außerdem der geeignete Ort für Foltest, sich mit einem ebenbürtigen Gegner zu messen – seiner Leidenschaft für das [[Ein Würfelspiel|Würfelspiel]].\n\n\'\'\'{{color|#E57F00|Hinweis}}\'\'\': Foltests Burg ist ein Handlungsort in der [[Nicht verwirklichte Quests|nicht verwirklichten Quest]] ""[[Der Putsch]]"".\n\n==In The Witcher 3==\n\'\'\'Königliche Burg Wyzima\'\'\' ist die Bezeichnung von Foltests Burg in \'\'{{tw3}}\'\'. Nach Foltests Ermordung in \'\'{{tw2}}\'\' und der strittigen Nachfolgerschaft ist sein Thron noch immer unbesetzt, und als die [[Nilfgaard]]er Invasoren einmarschieren, fliehen alle Bewohner der Burg. Kaiser [[Emhyr var Emreis]] okkupiert den Palast und nutzt ihn als Basis, solange er in den [[Nördliche Königreiche|Nördlichen Königreichen]] weilt.\n\n\'\'Weitere Details zu ergänzen\'\'\n\n== Galerie==\n<gallery mode=packed-hover heights=200px style=""text-align:left"">\nFoltestBurg1.jpg|{{color|black|Foltests Burg, Audienzsaal in \'\'The Witcher\'\'}}\nFoltestBurg2.jpg|{{color|black|Foltests Burg, Audienzsaal in \'\'The Witcher\'\'}}\nMap Burg.jpg|{{color|black|Übersichtskarte vom königlichen Schloss von Foltest in \'\'The Witcher\'\'}}\nTw3-royal-palace.png|{{color|black|Thronsaal, Screenshot aus einem Trailer zu \'\'The Witcher 3\'\'}}\nThe-Witcher-3-Concept-4.jpg|{{color|black|Der Garten im Innenhof des Königlichen Palastes in \'\'The Witcher 3\'\'}}\n</gallery>\n\n==Fußnoten==\n<references />\n\n[[Kategorie:Festungen]]\n[[Kategorie:Romane Orte]]\n[[Kategorie:Comics Orte]]\n[[Kategorie:The Witcher Orte]]\n[[Kategorie:The Witcher 3 Orte]]\n\n[[ar:القصر الملكي (فيزيما)]]\n[[cs:Foltestův hrad]]\n[[en:Royal Palace (Vizima)]]\n[[es:Castillo de Foltest]]\n[[fr:Château de Foltest]]\n[[it:Castello di Foltest]]\n[[hu:Foltest kastélya]]\n[[pl:Zamek Foltesta]]\n[[ru:Замок Фольтеста]]\n[[tr:Kraliyet Sarayı (Vizima)]]'}}}]}]}}"
Fornhala,"{{Infoboxorte3
| name         = Fornhala
| bild         = Tw3_fornhala.jpg
| karte        = Tw3 location ard skellig fornhala.png
| bildgröße    =
| beschreibung = Fornhala auf Ard Skellig
| art          = Dorf
| stufe        = 
| lage         = In den Bergen im Südwesten von [[Ard Skellig]]
| region       = [[Skellige]]
| schnellreisen = j
|}}
'''Fornhala''' ist die Heimat der [[Vildkaarle]], Männern, die ihre Familien verlassen und sich dem Kampf und dem Krieg gewidmet haben. Sie leben unter sich in diesem abgelegenen Dorf auf der Insel [[Ard Skellig]]. Aus unbekannten Gründen flohen die Bewohner aus dem Dorf, sodass es jetzt verlassen liegt.

{{spoiler}}
Es gibt eine Höhle auf der Insel, dessen Eingang in der höchstgelegenen Hütte zu finden ist. Die Höhle wird bzw. wurde für Rituale verwendet - für den verbotenen Kult des [[Svalblod]], der Männer in einen [[Berserker]] umwandeln kann.
{{endspoiler}}

== Kartenbeschreibung ==
:''Mysteriöses Geisterdorf.''

==Persönlichkeiten==
* [[Hallgrim]]
* [[Artis]] (Druide)
* [[Vabjorn]] (im MOBA {{twba}})

== Quests ==
* [[Die List des Königs]] (auf Hjalmars Seite)

[[en:Fornhala]]
[[ru:Деревня Форнхала]]","{'batchcomplete': True, 'query': {'pages': [{'pageid': 29493, 'ns': 0, 'title': 'Fornhala', 'revisions': [{'slots': {'main': {'contentmodel': 'wikitext', 'contentformat': 'text/x-wiki', 'content': ""{{Infoboxorte3\n| name         = Fornhala\n| bild         = Tw3_fornhala.jpg\n| karte        = Tw3 location ard skellig fornhala.png\n| bildgröße    =\n| beschreibung = Fornhala auf Ard Skellig\n| art          = Dorf\n| stufe        = \n| lage         = In den Bergen im Südwesten von [[Ard Skellig]]\n| region       = [[Skellige]]\n| schnellreisen = j\n|}}\n'''Fornhala''' ist die Heimat der [[Vildkaarle]], Männern, die ihre Familien verlassen und sich dem Kampf und dem Krieg gewidmet haben. Sie leben unter sich in diesem abgelegenen Dorf auf der Insel [[Ard Skellig]]. Aus unbekannten Gründen flohen die Bewohner aus dem Dorf, sodass es jetzt verlassen liegt.\n\n{{spoiler}}\nEs gibt eine Höhle auf der Insel, dessen Eingang in der höchstgelegenen Hütte zu finden ist. Die Höhle wird bzw. wurde für Rituale verwendet - für den verbotenen Kult des [[Svalblod]], der Männer in einen [[Berserker]] umwandeln kann.\n{{endspoiler}}\n\n== Kartenbeschreibung ==\n:''Mysteriöses Geisterdorf.''\n\n==Persönlichkeiten==\n* [[Hallgrim]]\n* [[Artis]] (Druide)\n* [[Vabjorn]] (im MOBA {{twba}})\n\n== Quests ==\n* [[Die List des Königs]] (auf Hjalmars Seite)\n\n[[en:Fornhala]]\n[[ru:Деревня Форнхала]]""}}}]}]}}"
Fort_Etnir,"{{Infoboxorte3
| name = Fort Etnir
| bild = tw3_fort_etnir.jpg
| beschreibung =
| art = Ruinen
| lage = Nördlich von [[Rogne]], auf [[Ard Skellig]]
| region = [[Skellige]]
}}
{{Bewachter Schatz}}

Die Ruinen von '''Fort Etnir''' befinden sich nördlich von [[Rogne]], entlang des Flusses hinter einem kleinen See, auf [[Ard Skellig]]. Die verlassene Festung wird von zwei [[Gargoyle]]s und einem [[Eisgenius]] bewacht.

== Quests ==
* [[Schatzsuche: Bärenschulenausrüstung]]

[[en:Fort Etnir]]
[[fr:Fort Etnir]]
[[it:Forte Etnir]]
[[pl:Twierdza Etnir]]","{'batchcomplete': True, 'query': {'normalized': [{'fromencoded': False, 'from': 'Fort_Etnir', 'to': 'Fort Etnir'}], 'pages': [{'pageid': 40951, 'ns': 0, 'title': 'Fort Etnir', 'revisions': [{'slots': {'main': {'contentmodel': 'wikitext', 'contentformat': 'text/x-wiki', 'content': ""{{Infoboxorte3\n| name = Fort Etnir\n| bild = tw3_fort_etnir.jpg\n| beschreibung =\n| art = Ruinen\n| lage = Nördlich von [[Rogne]], auf [[Ard Skellig]]\n| region = [[Skellige]]\n}}\n{{Bewachter Schatz}}\n\nDie Ruinen von '''Fort Etnir''' befinden sich nördlich von [[Rogne]], entlang des Flusses hinter einem kleinen See, auf [[Ard Skellig]]. Die verlassene Festung wird von zwei [[Gargoyle]]s und einem [[Eisgenius]] bewacht.\n\n== Quests ==\n* [[Schatzsuche: Bärenschulenausrüstung]]\n\n[[en:Fort Etnir]]\n[[fr:Fort Etnir]]\n[[it:Forte Etnir]]\n[[pl:Twierdza Etnir]]""}}}]}]}}"
Fort_Grymmdjarr,"{{Infoboxorte3
| name = Fort Grymmdjarr
| bild = tw3_fort_grymmdjarr.jpg
| beschreibung =
| art = Festung
| lage = Südwestlich von [[Fyresdal]] auf [[Ard Skellig]]
| region = [[Skellige]]
}}
{{monsternest}}

'''Fort Grymmdjarr''' ist eine verlassene hölzerne Befestigungsanlage auf [[Ard Skellig]], der Hauptinsel des [[Skellige]]-Archipels, auf halbem Weg zwischen [[Fyresdal]] und der Festung [[Kaer Muire]]. Es wurde nach dem legendären Helden [[Grymmdjarr]] und erstem Herrn auf Ard Skellig.

Fort Grymmdjarr ist nun die Heimstätte einiger [[Harpyie]]n. Für das Zerstören des Harpyien-Nests gibt es 20 {{exp}}.

In einer Truhe auf den Palisadenwehrgängen kann das Schema für die [[Schema: Überlegene Wolfsrüstung|Überlegene Wolfsrüstung]] gefunden werden.

== Quests ==
* [[Die Familienklinge]]
* [[Schatzsuche: Schemas zur Verbesserung der Wolfsschulenausrüstung - Teil 3]]

== Karte ==
[[Datei:Tw3_map_ft_grymmdjarr.jpg|450px]]

[[en:Fort Grymmdjarr]]
[[fr:Fort Grymmdjarr]]
[[it:Forte Grymmdjarr]]
[[nl:Fort Grymmdjar]]
[[pl:Fort Grymmdjarra]]","{'batchcomplete': True, 'query': {'normalized': [{'fromencoded': False, 'from': 'Fort_Grymmdjarr', 'to': 'Fort Grymmdjarr'}], 'pages': [{'pageid': 40954, 'ns': 0, 'title': 'Fort Grymmdjarr', 'revisions': [{'slots': {'main': {'contentmodel': 'wikitext', 'contentformat': 'text/x-wiki', 'content': ""{{Infoboxorte3\n| name = Fort Grymmdjarr\n| bild = tw3_fort_grymmdjarr.jpg\n| beschreibung =\n| art = Festung\n| lage = Südwestlich von [[Fyresdal]] auf [[Ard Skellig]]\n| region = [[Skellige]]\n}}\n{{monsternest}}\n\n'''Fort Grymmdjarr''' ist eine verlassene hölzerne Befestigungsanlage auf [[Ard Skellig]], der Hauptinsel des [[Skellige]]-Archipels, auf halbem Weg zwischen [[Fyresdal]] und der Festung [[Kaer Muire]]. Es wurde nach dem legendären Helden [[Grymmdjarr]] und erstem Herrn auf Ard Skellig.\n\nFort Grymmdjarr ist nun die Heimstätte einiger [[Harpyie]]n. Für das Zerstören des Harpyien-Nests gibt es 20 {{exp}}.\n\nIn einer Truhe auf den Palisadenwehrgängen kann das Schema für die [[Schema: Überlegene Wolfsrüstung|Überlegene Wolfsrüstung]] gefunden werden.\n\n== Quests ==\n* [[Die Familienklinge]]\n* [[Schatzsuche: Schemas zur Verbesserung der Wolfsschulenausrüstung - Teil\xa03]]\n\n== Karte ==\n[[Datei:Tw3_map_ft_grymmdjarr.jpg|450px]]\n\n[[en:Fort Grymmdjarr]]\n[[fr:Fort Grymmdjarr]]\n[[it:Forte Grymmdjarr]]\n[[nl:Fort Grymmdjar]]\n[[pl:Fort Grymmdjarra]]""}}}]}]}}"
Fort_Weisser_Adler,Error: 'revisions',
Francollarts,"__NOTOC__
{{Infoboxorte3
| name = Francollarts
| bild = tw3_baw_francollarts.jpg
| art = [[:Kategorie:Dörfer‎|Dorf]]
| erweiterung = bw
| lage = [[Caroberta-Wald]]
| region = [[Toussaint]]
| schnellreisen = y
| anschlagbrett = y
| tavernenwirt = Tavernenwirtin (Zum Scharlachroten Kardinal)
| rüstungsschmied = Rüstungsschmied (Francollarts)
| laden = Kaufmann (Francollarts)
}}
 {{schnellreisen}}

== Kartenbeschreibung ==
:''Der Caroberta-Wald ist nach der Großmutter der regierenden Herzogin von Toussaint benannt, der Herzogin Carolina Roberta, die nichts mehr liebte als ausgefeilte Versteckspiele in diesem Wald. Aus einem kleinen Fallenstellerposten am Waldesrand ist das ruhige Dörfchen Francollarts entstanden. Hier verkaufen die Jäger, Holzfäller und Imker die Schätze des Waldes. Einmal im Jahr wird das Dorf plötzlich lebendig, wenn Baron Trastamara sein Waldfest gibt und den gesamten Hof zu einem Jagdspektakel einlädt.''

== Quest ==
* [[Großwildjäger]], painting gallery presentation.
* [[Gwint: Hurra, hurra, Skellige ist da]], playing the [[Tavernenwirtin (Zum Scharlachroten Kardinal)|Tavernenwirtin]]

== Gegenstände ==
* In house north-northeast of inn: 
* [[Herzogliche Chroniken, Erstausgabe]]
* [[Herzogliche Chroniken, zweite erweiterte Ausgabe]]
* [[Meister Faramonds Gedanken zu elfischer Architektur]]
* [[Höllenhunde – Vorboten des Untergangs]].

== Anschlagtafel ==
* [[Bekanntmachung der Herzogswache]]
* [[François de Valler, ich fordere dich heraus!]]
* [[Flussführer gesucht]]
* [[Kaufe Bienen]]
* [[Rüstungsmacher sucht Arbeit!]]
* [[Ich habe einen Geist gesehen!]]
* [[Ortskundiger gesucht]]
* [[Bekanntmachung#Bekanntmachung in Francollarts|Bekanntmachung]]
* [[Hortense-Weingut geschlossen]]
* [[Suche Knappen]]
* [[Suche Dame in Not]]


[[en:Francollarts]]
[[es:Francolartes]]
[[fr:Francs-collets]]
[[it:Francollarts]]
[[pl:Wioska Francollarts]]
[[ru:Деревня Франколар]]","{'batchcomplete': True, 'query': {'pages': [{'pageid': 40963, 'ns': 0, 'title': 'Francollarts', 'revisions': [{'slots': {'main': {'contentmodel': 'wikitext', 'contentformat': 'text/x-wiki', 'content': ""__NOTOC__\n{{Infoboxorte3\n| name = Francollarts\n| bild = tw3_baw_francollarts.jpg\n| art = [[:Kategorie:Dörfer\u200e|Dorf]]\n| erweiterung = bw\n| lage = [[Caroberta-Wald]]\n| region = [[Toussaint]]\n| schnellreisen = y\n| anschlagbrett = y\n| tavernenwirt = Tavernenwirtin (Zum Scharlachroten Kardinal)\n| rüstungsschmied = Rüstungsschmied (Francollarts)\n| laden = Kaufmann (Francollarts)\n}}\n {{schnellreisen}}\n\n== Kartenbeschreibung ==\n:''Der Caroberta-Wald ist nach der Großmutter der regierenden Herzogin von Toussaint benannt, der Herzogin Carolina Roberta, die nichts mehr liebte als ausgefeilte Versteckspiele in diesem Wald. Aus einem kleinen Fallenstellerposten am Waldesrand ist das ruhige Dörfchen Francollarts entstanden. Hier verkaufen die Jäger, Holzfäller und Imker die Schätze des Waldes. Einmal im Jahr wird das Dorf plötzlich lebendig, wenn Baron Trastamara sein Waldfest gibt und den gesamten Hof zu einem Jagdspektakel einlädt.''\n\n== Quest ==\n* [[Großwildjäger]], painting gallery presentation.\n* [[Gwint: Hurra, hurra, Skellige ist da]], playing the [[Tavernenwirtin (Zum Scharlachroten Kardinal)|Tavernenwirtin]]\n\n== Gegenstände ==\n* In house north-northeast of inn: \n* [[Herzogliche Chroniken, Erstausgabe]]\n* [[Herzogliche Chroniken, zweite erweiterte Ausgabe]]\n* [[Meister Faramonds Gedanken zu elfischer Architektur]]\n* [[Höllenhunde – Vorboten des Untergangs]].\n\n== Anschlagtafel ==\n* [[Bekanntmachung der Herzogswache]]\n* [[François de Valler, ich fordere dich heraus!]]\n* [[Flussführer gesucht]]\n* [[Kaufe Bienen]]\n* [[Rüstungsmacher sucht Arbeit!]]\n* [[Ich habe einen Geist gesehen!]]\n* [[Ortskundiger gesucht]]\n* [[Bekanntmachung#Bekanntmachung in Francollarts|Bekanntmachung]]\n* [[Hortense-Weingut geschlossen]]\n* [[Suche Knappen]]\n* [[Suche Dame in Not]]\n\n\n[[en:Francollarts]]\n[[es:Francolartes]]\n[[fr:Francs-collets]]\n[[it:Francollarts]]\n[[pl:Wioska Francollarts]]\n[[ru:Деревня Франколар]]""}}}]}]}}"
Freinte-Docks,"{{Infoboxorte3
| name = Freinte-Docks
| bild = tw3_baw_freinte_docks.jpg
| art = Docks
| erweiterung = bw
| lage = Östlich von [[Flovive]].
| region = [[Toussaint]]
| rüstungsschmied = Rüstungsschmied (Freinte-Docks)
}}
{{Verlassene Stätte}}

Die '''Freinte-Docks''' sind anfangs eine [[Verlassene Stätte]] in der ''[[Blood and Wine]]'' Erweiterung, bis Geralt sie von Banditen befreit (126 {{exp}}).

Sind die Docks gesäubert, siedelt sich dort ein [[Rüstungsschmied (Freinte-Docks)|Rüstungsschmied]] an.

== Gegenstände ==
* Einer der Banditen trägt bei sich: [[Befehle, notiert auf einem Stück Schweinshaut]].

[[en:Freinte Docks]]
[[fr:Quais de Freinte]]
[[it:Approdo di Freinte]]
[[pl:Przystań Freinte]]
[[ru:Пристань Фраенте]]","{'batchcomplete': True, 'query': {'pages': [{'pageid': 40966, 'ns': 0, 'title': 'Freinte-Docks', 'revisions': [{'slots': {'main': {'contentmodel': 'wikitext', 'contentformat': 'text/x-wiki', 'content': ""{{Infoboxorte3\n| name = Freinte-Docks\n| bild = tw3_baw_freinte_docks.jpg\n| art = Docks\n| erweiterung = bw\n| lage = Östlich von [[Flovive]].\n| region = [[Toussaint]]\n| rüstungsschmied = Rüstungsschmied (Freinte-Docks)\n}}\n{{Verlassene Stätte}}\n\nDie '''Freinte-Docks''' sind anfangs eine [[Verlassene Stätte]] in der ''[[Blood and Wine]]'' Erweiterung, bis Geralt sie von Banditen befreit (126 {{exp}}).\n\nSind die Docks gesäubert, siedelt sich dort ein [[Rüstungsschmied (Freinte-Docks)|Rüstungsschmied]] an.\n\n== Gegenstände ==\n* Einer der Banditen trägt bei sich: [[Befehle, notiert auf einem Stück Schweinshaut]].\n\n[[en:Freinte Docks]]\n[[fr:Quais de Freinte]]\n[[it:Approdo di Freinte]]\n[[pl:Przystań Freinte]]\n[[ru:Пристань Фраенте]]""}}}]}]}}"
Freyas_Garten,"{{Infoboxorte3
| name         = Freyas Garten
| bild         = tw3_freyas_garden.jpg
| bildgröße    =
| beschreibung = Screenshot aus ""The Witcher 3""
| erweiterung  = 
| art          = Heiliger Hain
| stufe        = 
| lage         = im mittleren Norden von [[Hindarsfjall]]
| region       = [[Skellige]]
| schnellreisen = j
| kräuterhändler =
|}}
{{schnellreisen}}

== Kartenbeschreibung ==
:''Garten, der Göttin [[Freya]] gewidmet. Einst wunderschön und mit Tausenden duftenden Blumen und Kräutern erfüllt, doch heute verlassen und ungepflegt.''

== Bewohner ==
* Schwester [[Josta]]
* [[Kurisu]]

== Quests ==
* [[Im Wolfspelz]]
* [[Namenlos]]
* [[Als Mädchen gefangen]]

==Randnotizen==
* Es ist davon auszugehen, dass der Heilige Hain ""[[Hindar]]"" aus den Büchern ""Freyas Garten"" im Computerspiel ''The Witcher 3'' entspricht.

[[en:Freya's Garden]]
[[fr:Jardin de Freya]]
[[it:Giardino di Freya]]
[[pl:Ogród Freyji]]","{'batchcomplete': True, 'query': {'normalized': [{'fromencoded': False, 'from': 'Freyas_Garten', 'to': 'Freyas Garten'}], 'pages': [{'pageid': 30792, 'ns': 0, 'title': 'Freyas Garten', 'revisions': [{'slots': {'main': {'contentmodel': 'wikitext', 'contentformat': 'text/x-wiki', 'content': '{{Infoboxorte3\n| name         = Freyas Garten\n| bild         = tw3_freyas_garden.jpg\n| bildgröße    =\n| beschreibung = Screenshot aus ""The Witcher 3""\n| erweiterung  = \n| art          = Heiliger Hain\n| stufe        = \n| lage         = im mittleren Norden von [[Hindarsfjall]]\n| region       = [[Skellige]]\n| schnellreisen = j\n| kräuterhändler =\n|}}\n{{schnellreisen}}\n\n== Kartenbeschreibung ==\n:\'\'Garten, der Göttin [[Freya]] gewidmet. Einst wunderschön und mit Tausenden duftenden Blumen und Kräutern erfüllt, doch heute verlassen und ungepflegt.\'\'\n\n== Bewohner ==\n* Schwester [[Josta]]\n* [[Kurisu]]\n\n== Quests ==\n* [[Im Wolfspelz]]\n* [[Namenlos]]\n* [[Als Mädchen gefangen]]\n\n==Randnotizen==\n* Es ist davon auszugehen, dass der Heilige Hain ""[[Hindar]]"" aus den Büchern ""Freyas Garten"" im Computerspiel \'\'The Witcher 3\'\' entspricht.\n\n[[en:Freya\'s Garden]]\n[[fr:Jardin de Freya]]\n[[it:Giardino di Freya]]\n[[pl:Ogród Freyji]]'}}}]}]}}"
Friedhof_von_Lofoten,"{{Infoboxorte3
| name = Friedhof von Lofoten
| bild = tw3_lofoten_cemetery.jpg
| beschreibung =
| art = Friedhof 
| lage = Südlich von [[Lofoten]], westliches [[Hindarsfjall]]
| region = [[Skellige]]
}}
{{schnellreisen}}

Der '''Friedhof von Lofoten''' befindet sich südlich des Dorfes zwischen [[Lofoten]] und der [[Abgelegene Hütte|Abgelegenen Hütte]].

== Kartenbeschreibung ==
:''Die Einwohner von Lofoten besuchen oft diesen kleinen Friedhof, um die Gräber ihrer Lieben zu pflegen und Freyas Segen für das Jenseits zu erbitten.''

[[en:Lofoten Cemetery]]
[[fr:Cimetière de Lofoten]]
[[it:Cimitero di Lofoten]]
[[pl:Cmentarz przy Lofoten]]
[[ru:Кладбище у Лофотена]]
[[pt-br:Cemitério de Lofoten]]","{'batchcomplete': True, 'query': {'normalized': [{'fromencoded': False, 'from': 'Friedhof_von_Lofoten', 'to': 'Friedhof von Lofoten'}], 'pages': [{'pageid': 41137, 'ns': 0, 'title': 'Friedhof von Lofoten', 'revisions': [{'slots': {'main': {'contentmodel': 'wikitext', 'contentformat': 'text/x-wiki', 'content': ""{{Infoboxorte3\n| name = Friedhof von Lofoten\n| bild = tw3_lofoten_cemetery.jpg\n| beschreibung =\n| art = Friedhof \n| lage = Südlich von [[Lofoten]], westliches [[Hindarsfjall]]\n| region = [[Skellige]]\n}}\n{{schnellreisen}}\n\nDer '''Friedhof von Lofoten''' befindet sich südlich des Dorfes zwischen [[Lofoten]] und der [[Abgelegene Hütte|Abgelegenen Hütte]].\n\n== Kartenbeschreibung ==\n:''Die Einwohner von Lofoten besuchen oft diesen kleinen Friedhof, um die Gräber ihrer Lieben zu pflegen und Freyas Segen für das Jenseits zu erbitten.''\n\n[[en:Lofoten Cemetery]]\n[[fr:Cimetière de Lofoten]]\n[[it:Cimitero di Lofoten]]\n[[pl:Cmentarz przy Lofoten]]\n[[ru:Кладбище у Лофотена]]\n[[pt-br:Cemitério de Lofoten]]""}}}]}]}}"
Friedhof_von_Schwarzzweig,"{{Infoboxorte3
| name = Friedhof von Schwarzzweig
| bild = 
| beschreibung = 
| karte = Tw3 place of haunting last rites.jpg
| aka = 
| art = [[:Kategorie:Friedhöfe|Friedhof]]
| lage = Nordöstlich von der [[Hütte des Waidelers]]
| region = [[Velen]]
}}

{{Spukstätte}}

Der '''Friedhof von Schwarzzweig''' ist ein questrelevanter Handlungsort im Computerspiel ''{{tw3}}''. Er befindet sich nordöstlich der [[Hütte des Waidelers]].

== Quests ==
* [[Die letzte Ölung]]

[[Kategorie:Friedhöfe]]

[[en:Blackbough cemetery]]
[[fr:Cimetière de Valtilleul]]
[[it:Cimitero di Ramonero]]","{'batchcomplete': True, 'query': {'normalized': [{'fromencoded': False, 'from': 'Friedhof_von_Schwarzzweig', 'to': 'Friedhof von Schwarzzweig'}], 'pages': [{'pageid': 42978, 'ns': 0, 'title': 'Friedhof von Schwarzzweig', 'revisions': [{'slots': {'main': {'contentmodel': 'wikitext', 'contentformat': 'text/x-wiki', 'content': ""{{Infoboxorte3\n| name = Friedhof von Schwarzzweig\n| bild = \n| beschreibung = \n| karte = Tw3 place of haunting last rites.jpg\n| aka = \n| art = [[:Kategorie:Friedhöfe|Friedhof]]\n| lage = Nordöstlich von der [[Hütte des Waidelers]]\n| region = [[Velen]]\n}}\n\n{{Spukstätte}}\n\nDer '''Friedhof von Schwarzzweig''' ist ein questrelevanter Handlungsort im Computerspiel ''{{tw3}}''. Er befindet sich nordöstlich der [[Hütte des Waidelers]].\n\n== Quests ==\n* [[Die letzte Ölung]]\n\n[[Kategorie:Friedhöfe]]\n\n[[en:Blackbough cemetery]]\n[[fr:Cimetière de Valtilleul]]\n[[it:Cimitero di Ramonero]]""}}}]}]}}"
Friedhof_von_Weissgarten,Error: 'revisions',
Frischlow,"{{stub}}
{{Infoboxorte3
| name = Frischlow
| bild = Tw3-frischlow-01.png
| beschreibung = 
| art = [[:Kategorie:Dörfer‎|Dorf]]
| lage = Südlich der [[Reuseninsel]]
| region = [[Velen]]
| schnellreisen = y
}}
{{schnellreisen}} {{Höhleneingang}} {{spukstätte}}

'''Frischlow''' ist ein verlassenes Dorf im südlichen [[Velen]], das von [[Erscheinungen]] heimgesucht wird. In der Nähe Richtung Süden liegt ein Grab, das vermutlich einer gewissen ""Dame Caroline"" gehört und unter dem sich eine Höhle befindet.

== Kartenbeschreibung ==
:''Wie viele andere Dörfer der Gegend hat auch dieses sehr unter dem Krieg gelitten. Die Bewohner haben ihr Eigentum im Stich gelassen und sind von der Scholle geflohen, auf der sie einst recht friedlich leben konnten.''

== Quests ==
* [[Schatzsuche: Schemas zur Verbesserung der Greifenschulenausrüstung - Teil 2]]

[[en:Frischlow]]
[[fr:Frischlac]]
[[it:Frischlow]]
[[pl:Nowy Mogilnik]]
[[pt-br:Frischlow]]
[[ru:Новый Могильник]]","{'batchcomplete': True, 'query': {'pages': [{'pageid': 40969, 'ns': 0, 'title': 'Frischlow', 'revisions': [{'slots': {'main': {'contentmodel': 'wikitext', 'contentformat': 'text/x-wiki', 'content': '{{stub}}\n{{Infoboxorte3\n| name = Frischlow\n| bild = Tw3-frischlow-01.png\n| beschreibung = \n| art = [[:Kategorie:Dörfer\u200e|Dorf]]\n| lage = Südlich der [[Reuseninsel]]\n| region = [[Velen]]\n| schnellreisen = y\n}}\n{{schnellreisen}} {{Höhleneingang}} {{spukstätte}}\n\n\'\'\'Frischlow\'\'\' ist ein verlassenes Dorf im südlichen [[Velen]], das von [[Erscheinungen]] heimgesucht wird. In der Nähe Richtung Süden liegt ein Grab, das vermutlich einer gewissen ""Dame Caroline"" gehört und unter dem sich eine Höhle befindet.\n\n== Kartenbeschreibung ==\n:\'\'Wie viele andere Dörfer der Gegend hat auch dieses sehr unter dem Krieg gelitten. Die Bewohner haben ihr Eigentum im Stich gelassen und sind von der Scholle geflohen, auf der sie einst recht friedlich leben konnten.\'\'\n\n== Quests ==\n* [[Schatzsuche: Schemas zur Verbesserung der Greifenschulenausrüstung - Teil 2]]\n\n[[en:Frischlow]]\n[[fr:Frischlac]]\n[[it:Frischlow]]\n[[pl:Nowy Mogilnik]]\n[[pt-br:Frischlow]]\n[[ru:Новый Могильник]]'}}}]}]}}"
Fuchstal,"'''Fuchstal''' ist ein Dorf in [[Toussaint]], das bekannt für seine Töpfe in allen Formen und Größen ist. Diese Töpfe, so heißt es, wachsen in Fuchstal ohne menschliches Zutun auf Feldern.

Die Dorfbewohner tauschen ihre Töpfe mit den Bewohnern aus [[Dudno]] in [[Maecht]], bei denen wiederum Deckel in allen Formen und Größen wachsen.

Der Ort wird im Roman ""[[Die Dame vom See]]"" (""Pani jeziora"") erwähnt.

== [[Blood and Wine]] ==
{{Infoboxorte3
| name = Fuchstal
| bild = Tw3_baw_fox_hollow.jpg
| art = Dorf
| lage = zwischen [[Beauclair]] und [[Dun Tynne]]
| region      = [[Toussaint]]
| schnellreisen = j
| erweiterung  = baw
}}

=== Kartenbeschreibung ===
''In einem kleinen Tal am Fuße der [[Gorgo (Berg)|Gorgo]] liegt das Dorf Fuchstal. Auf den Feldern dieses Dorfs wachsen - unerklärlich und geheimnisvoll - Töpfe. Irdene Gefäße springen unaufgefordert aus dem Boden, als wäre ein Zaubertrick der Natur am Werke. Menschliches Zutun ist nicht erforderlich. Die Töpfe wachsen in allen Größen und Formen. Fuchstal hat Handelsbeziehungen mit dem Dorf Dudno in Maecht aufgenommen - dort nämlich wachsen - unerklärlich und geheimnisvoll - Topfdeckel. In allen Größen und Formen.''

Im PC-Spiel stellt sich schließlich heraus, wo die mysteriösen Töpfe herkommen: Es handelt sich um Graburnen der [[Aen Seidhe]], da Fuchstal auf dem elfischen Friedhof Crevan Carn (""Fuchs-Grabstätte"") errichtet wurde.

==Literaturstellen==
{{Zitat|DS|dtv 2019|152-153|»Da, schaut«, ließ sich [[Alcides Fierabras|Fierabras]] vernehmen und zeigte. »Dort im Talkessel liegt das Dörfchen Fuchstal. Auf deren Feldern, kaum zu glauben, wachsen Töpfe.«<br>»Wie bitte?«<br>»Töpfe. Sie entstehen im Schoß der Erde, von selbst, ausschließlich von Natur, ganz ohne menschliches Zutun. So wie anderswo Kartoffeln oder Rüben wachsen in Fuchstal Töpfe. Alle möglichen Arten und Formen.«<br>»Wirklich?«<br>»Ich will tot umfallen, wenn’s nicht stimmt. Darum knüpfen sie in Fuchstal partnerschaftliche Beziehungen mit dem Dorf Dudno im Maecht an. Dort soll die Erde nämlich Topfdeckel hervorbringen.«<br>»Alle möglichen Arten und Formen?«<br>»Ihr habt, Herr Hexer, ins Schwarze getroffen.«<br>Sie ritten weiter. Schweigend. Die [[Blessure]] rauschte und schäumte auf den Steinen.}}

[[Kategorie:Städte]]
[[Kategorie:Romane Orte]]

[[en:Fox Hollow]]
[[fr:Les Fosses-des-Renards]]
[[it:Tana delle Volpi]]
[[pl:Lisie Doły]]
[[pt-br:Caverna da Raposa]]
[[ru:Лисьи Ямы]]
[[uk:Лисячі Ями]]","{'batchcomplete': True, 'query': {'pages': [{'pageid': 5235, 'ns': 0, 'title': 'Fuchstal', 'revisions': [{'slots': {'main': {'contentmodel': 'wikitext', 'contentformat': 'text/x-wiki', 'content': '\'\'\'Fuchstal\'\'\' ist ein Dorf in [[Toussaint]], das bekannt für seine Töpfe in allen Formen und Größen ist. Diese Töpfe, so heißt es, wachsen in Fuchstal ohne menschliches Zutun auf Feldern.\n\nDie Dorfbewohner tauschen ihre Töpfe mit den Bewohnern aus [[Dudno]] in [[Maecht]], bei denen wiederum Deckel in allen Formen und Größen wachsen.\n\nDer Ort wird im Roman ""[[Die Dame vom See]]"" (""Pani jeziora"") erwähnt.\n\n== [[Blood and Wine]] ==\n{{Infoboxorte3\n| name = Fuchstal\n| bild = Tw3_baw_fox_hollow.jpg\n| art = Dorf\n| lage = zwischen [[Beauclair]] und [[Dun Tynne]]\n| region      = [[Toussaint]]\n| schnellreisen = j\n| erweiterung  = baw\n}}\n\n=== Kartenbeschreibung ===\n\'\'In einem kleinen Tal am Fuße der [[Gorgo (Berg)|Gorgo]] liegt das Dorf Fuchstal. Auf den Feldern dieses Dorfs wachsen - unerklärlich und geheimnisvoll - Töpfe. Irdene Gefäße springen unaufgefordert aus dem Boden, als wäre ein Zaubertrick der Natur am Werke. Menschliches Zutun ist nicht erforderlich. Die Töpfe wachsen in allen Größen und Formen. Fuchstal hat Handelsbeziehungen mit dem Dorf Dudno in Maecht aufgenommen - dort nämlich wachsen - unerklärlich und geheimnisvoll - Topfdeckel. In allen Größen und Formen.\'\'\n\nIm PC-Spiel stellt sich schließlich heraus, wo die mysteriösen Töpfe herkommen: Es handelt sich um Graburnen der [[Aen Seidhe]], da Fuchstal auf dem elfischen Friedhof Crevan Carn (""Fuchs-Grabstätte"") errichtet wurde.\n\n==Literaturstellen==\n{{Zitat|DS|dtv 2019|152-153|»Da, schaut«, ließ sich [[Alcides Fierabras|Fierabras]] vernehmen und zeigte. »Dort im Talkessel liegt das Dörfchen Fuchstal. Auf deren Feldern, kaum zu glauben, wachsen Töpfe.«<br>»Wie bitte?«<br>»Töpfe. Sie entstehen im Schoß der Erde, von selbst, ausschließlich von Natur, ganz ohne menschliches Zutun. So wie anderswo Kartoffeln oder Rüben wachsen in Fuchstal Töpfe. Alle möglichen Arten und Formen.«<br>»Wirklich?«<br>»Ich will tot umfallen, wenn’s nicht stimmt. Darum knüpfen sie in Fuchstal partnerschaftliche Beziehungen mit dem Dorf Dudno im Maecht an. Dort soll die Erde nämlich Topfdeckel hervorbringen.«<br>»Alle möglichen Arten und Formen?«<br>»Ihr habt, Herr Hexer, ins Schwarze getroffen.«<br>Sie ritten weiter. Schweigend. Die [[Blessure]] rauschte und schäumte auf den Steinen.}}\n\n[[Kategorie:Städte]]\n[[Kategorie:Romane Orte]]\n\n[[en:Fox Hollow]]\n[[fr:Les Fosses-des-Renards]]\n[[it:Tana delle Volpi]]\n[[pl:Lisie Doły]]\n[[pt-br:Caverna da Raposa]]\n[[ru:Лисьи Ямы]]\n[[uk:Лисячі Ями]]'}}}]}]}}"
Fuchswald,"{{Infoboxorte3
| name = Fuchswald
| bild = Witcher 3 Vulpine Woods (2).jpg
| beschreibung = Birken, Baumstümpfe, ein Holzschneider
| art = [[:Kategorie:Wälder|Wald]]
| lage = Nordwestliche Gegend von Weißgarten
| region = [[Weißgarten]]
}}

Der '''Fuchswald''' ist ein Wald der den nordwestlichen Teil der [[Weißgarten]] Region in ''[[The Witcher 3: Wild Hunt]]'' einnimmt. Wie der Name schon andeutet, hausen hier sehr viele [[Wölfe]], davon ein Rudel sogar zusammen mit einem [[Warg]]. Desweiteren findet man in der Gegend eine Gruppe [[Nekker]], die sich besonders südlich der Sägemühle herumtreibt. Beide Kreaturen jagen Hasen und Rehe, töten sich aber auch gegenseitig, wenn sie sich begegnen.

Die meisten Bäume dort sind [[wikipedia.:Birken|Birken]], an denen man oft [[Honigwabe|Honigwaben]] findet. Nördlich des Waldes liegt der Sumpf, der die [[nilfgaardische Garnison]] umgibt.

== Interessante Orte ==
* [[Sägemühle (Weißgarten)|Sägemühle]]
* [[Hütte der Kräuterfrau]]

== Karte ==
[[Datei:Witcher 3 Vulpine Woods.jpg|400px]]

== Notizen ==
* Wenn man die Fertigkeiten besitzt kann man viele blaue und rare grüne Mutagene von all den Nekkern erhalten.
* Im Spiel töten Wölfe und Nekker ihre Beute zwar, lassen aber die Körper liegen. Somit eignet sich der Ort um [[Rehhaut]], [[Hasenfell]] und [[Rohes Fleisch]] einzusammeln, um im frühen Spiel [[Krone#The Witcher 3: Wild Hunt|Kronen]] und [[The Witcher 3 Verzehrbares|Essen]] zu erhalten.

[[Kategorie:Wälder]]

[[en:Vulpine Woods]]
[[fr:Bois vulpin]]
[[it:Bosco della Volpe]]
[[pl:Lisim Borze]]","{'batchcomplete': True, 'query': {'pages': [{'pageid': 41548, 'ns': 0, 'title': 'Fuchswald', 'revisions': [{'slots': {'main': {'contentmodel': 'wikitext', 'contentformat': 'text/x-wiki', 'content': ""{{Infoboxorte3\n| name = Fuchswald\n| bild = Witcher 3 Vulpine Woods (2).jpg\n| beschreibung = Birken, Baumstümpfe, ein Holzschneider\n| art = [[:Kategorie:Wälder|Wald]]\n| lage = Nordwestliche Gegend von Weißgarten\n| region = [[Weißgarten]]\n}}\n\nDer '''Fuchswald''' ist ein Wald der den nordwestlichen Teil der [[Weißgarten]] Region in ''[[The Witcher 3: Wild Hunt]]'' einnimmt. Wie der Name schon andeutet, hausen hier sehr viele [[Wölfe]], davon ein Rudel sogar zusammen mit einem [[Warg]]. Desweiteren findet man in der Gegend eine Gruppe [[Nekker]], die sich besonders südlich der Sägemühle herumtreibt. Beide Kreaturen jagen Hasen und Rehe, töten sich aber auch gegenseitig, wenn sie sich begegnen.\n\nDie meisten Bäume dort sind [[wikipedia.:Birken|Birken]], an denen man oft [[Honigwabe|Honigwaben]] findet. Nördlich des Waldes liegt der Sumpf, der die [[nilfgaardische Garnison]] umgibt.\n\n== Interessante Orte ==\n* [[Sägemühle (Weißgarten)|Sägemühle]]\n* [[Hütte der Kräuterfrau]]\n\n== Karte ==\n[[Datei:Witcher 3 Vulpine Woods.jpg|400px]]\n\n== Notizen ==\n* Wenn man die Fertigkeiten besitzt kann man viele blaue und rare grüne Mutagene von all den Nekkern erhalten.\n* Im Spiel töten Wölfe und Nekker ihre Beute zwar, lassen aber die Körper liegen. Somit eignet sich der Ort um [[Rehhaut]], [[Hasenfell]] und [[Rohes Fleisch]] einzusammeln, um im frühen Spiel [[Krone#The Witcher 3: Wild Hunt|Kronen]] und [[The Witcher 3 Verzehrbares|Essen]] zu erhalten.\n\n[[Kategorie:Wälder]]\n\n[[en:Vulpine Woods]]\n[[fr:Bois vulpin]]\n[[it:Bosco della Volpe]]\n[[pl:Lisim Borze]]""}}}]}]}}"
Furt,"{{Infoboxorte3
| name = Furt
| bild = Tw3-ford-01.png
|art = Schnellreisepunkt
| lage = Östlich der [[Klagebrücke]] und dem [[Dorf Weißgarten]]
| region = [[Weißgarten]]
| schnellreisen = y
}}
{{schnellreisen}}
Die '''Furt''' ist ein Flussübergang in ''[[The Witcher 3: Wild Hunt]]''. Sie bezeichnet eine sandige, felsige Straße, welche zwei kleine Nebenflüsse der [[Ismena]] überquert. Hier trafen [[Geralt]] und [[Vesemir]] auf den [[Greif]], der die Region seit längerem in Angst und Schrecken versetzte und soeben einen [[Bram|Händler]] namens [[Bram]] attackierte, als sie sich auf dem Weg vom [[Zerstörtes Dorf|Zerstörten Dorf]] nach [[Dorf Weißgarten|Weißgarten]] befanden. Als die [[Hexer]] eintrafen, zerriss der Greif gerade das Zugpferd des Händlers. Sie konnten das Monster zwar erfolgreich vertreiben, allerdings nahm der Greif das tote Pferd mit sich.

Der Händler bedankte sich bei den Hexern und empfahl ihnen den Gasthof seiner Cousine [[Elsa]] im Dorf Weißgarten. Nicht imstande seinen zerstörten Karren zu reparieren, ließ er ihn endgültig liegen und brachte seine Waren in eben jenes Dorf. Später, als Geralt die Straße erneut entlang reiste, war der Karren immer noch an derselben Stelle zu sehen, im Sand feststeckend, mit einem gebrochenen Rad, aber ohne seine Ladung.

Auf der westlichen Seite der Furt kann man sofort die namensgebenden, weiß blühenden Bäume sehen, welche den Hof von [[Dune Vildenvert]] und seinem [[Bastien|Bruder]] umgeben.

== Kartenbeschreibung ==
:''Vor dem Krieg überquerten Händler und Reisende den Fluss an dieser Stelle. Jetzt wird er nur noch von nilfgaardischen Soldaten überquert.''

== Quests ==
* [[Flieder und Stachelbeeren]]
* [[Die Bestie von Weißgarten]]

== Karte ==
[[Datei:Witcher 3 Ford.jpg|400px]]

[[en:Ford]]
[[fr:Gué]]
[[it:Guado]]
[[pl:Bród]]
[[ru:Переправа через реку]]
[[tr:Nehir Geçidi]]","{'batchcomplete': True, 'query': {'pages': [{'pageid': 40942, 'ns': 0, 'title': 'Furt', 'revisions': [{'slots': {'main': {'contentmodel': 'wikitext', 'contentformat': 'text/x-wiki', 'content': ""{{Infoboxorte3\n| name = Furt\n| bild = Tw3-ford-01.png\n|art = Schnellreisepunkt\n| lage = Östlich der [[Klagebrücke]] und dem [[Dorf Weißgarten]]\n| region = [[Weißgarten]]\n| schnellreisen = y\n}}\n{{schnellreisen}}\nDie '''Furt''' ist ein Flussübergang in ''[[The Witcher 3: Wild Hunt]]''. Sie bezeichnet eine sandige, felsige Straße, welche zwei kleine Nebenflüsse der [[Ismena]] überquert. Hier trafen [[Geralt]] und [[Vesemir]] auf den [[Greif]], der die Region seit längerem in Angst und Schrecken versetzte und soeben einen [[Bram|Händler]] namens [[Bram]] attackierte, als sie sich auf dem Weg vom [[Zerstörtes Dorf|Zerstörten Dorf]] nach [[Dorf Weißgarten|Weißgarten]] befanden. Als die [[Hexer]] eintrafen, zerriss der Greif gerade das Zugpferd des Händlers. Sie konnten das Monster zwar erfolgreich vertreiben, allerdings nahm der Greif das tote Pferd mit sich.\n\nDer Händler bedankte sich bei den Hexern und empfahl ihnen den Gasthof seiner Cousine [[Elsa]] im Dorf Weißgarten. Nicht imstande seinen zerstörten Karren zu reparieren, ließ er ihn endgültig liegen und brachte seine Waren in eben jenes Dorf. Später, als Geralt die Straße erneut entlang reiste, war der Karren immer noch an derselben Stelle zu sehen, im Sand feststeckend, mit einem gebrochenen Rad, aber ohne seine Ladung.\n\nAuf der westlichen Seite der Furt kann man sofort die namensgebenden, weiß blühenden Bäume sehen, welche den Hof von [[Dune Vildenvert]] und seinem [[Bastien|Bruder]] umgeben.\n\n== Kartenbeschreibung ==\n:''Vor dem Krieg überquerten Händler und Reisende den Fluss an dieser Stelle. Jetzt wird er nur noch von nilfgaardischen Soldaten überquert.''\n\n== Quests ==\n* [[Flieder und Stachelbeeren]]\n* [[Die Bestie von Weißgarten]]\n\n== Karte ==\n[[Datei:Witcher 3 Ford.jpg|400px]]\n\n[[en:Ford]]\n[[fr:Gué]]\n[[it:Guado]]\n[[pl:Bród]]\n[[ru:Переправа через реку]]\n[[tr:Nehir Geçidi]]""}}}]}]}}"
Futterplatz_der_Harpyien,"{{Infoboxorte3
| name = Futterplatz der Harpyien
| bild = Witcher 3 Harpy Feeding Ground (2).jpg
| beschreibung = 
|art = Schnellreisepunkt
| lage = Nördlich von [[Heidfelde]] 
| region = [[Velen]]
| schnellreisen = y
}}
{{schnellreisen}} {{Bewachter Schatz}}

Der '''Futterplatz der Harpyien''' ist ein Schnellreisepunkt in [[Velen]]. Wie der Name schon vermuten lässt, befinden sich viele [[Harpyie]]n in der Nähe.

== Kartenbeschreibung ==
:''Einer der Orte, der nur von sehr Mutigen oder sehr Dummen aufgesucht wird.''

== Karte ==
[[Datei:Witcher 3 Harpy Feeding Ground.jpg|400px]]

[[en:Harpy Feeding Ground]]
[[fr:Aire de nourrissage de harpie]]
[[it:Zona di caccia delle arpie]]
[[pl:Żerowisko harpii]]
[[ru:Охотничьи земли гарпий]]","{'batchcomplete': True, 'query': {'normalized': [{'fromencoded': False, 'from': 'Futterplatz_der_Harpyien', 'to': 'Futterplatz der Harpyien'}], 'pages': [{'pageid': 41020, 'ns': 0, 'title': 'Futterplatz der Harpyien', 'revisions': [{'slots': {'main': {'contentmodel': 'wikitext', 'contentformat': 'text/x-wiki', 'content': ""{{Infoboxorte3\n| name = Futterplatz der Harpyien\n| bild = Witcher 3 Harpy Feeding Ground (2).jpg\n| beschreibung = \n|art = Schnellreisepunkt\n| lage = Nördlich von [[Heidfelde]] \n| region = [[Velen]]\n| schnellreisen = y\n}}\n{{schnellreisen}} {{Bewachter Schatz}}\n\nDer '''Futterplatz der Harpyien''' ist ein Schnellreisepunkt in [[Velen]]. Wie der Name schon vermuten lässt, befinden sich viele [[Harpyie]]n in der Nähe.\n\n== Kartenbeschreibung ==\n:''Einer der Orte, der nur von sehr Mutigen oder sehr Dummen aufgesucht wird.''\n\n== Karte ==\n[[Datei:Witcher 3 Harpy Feeding Ground.jpg|400px]]\n\n[[en:Harpy Feeding Ground]]\n[[fr:Aire de nourrissage de harpie]]\n[[it:Zona di caccia delle arpie]]\n[[pl:Żerowisko harpii]]\n[[ru:Охотничьи земли гарпий]]""}}}]}]}}"
Fyresdal,"{{Infoboxorte3
| name        = Fyresdal
| bild = tw3_fyresdal.jpg
| beschriftung =
| art = [[:Kategorie:Städte|Dorf]]
| lage = Nordwestlich der [[Verfallene Taverne|Verfallenen Taverne]], süd-zentral [[Ard Skellig]]
| region = [[Skellige]]
| anschlagtafel = j
| waffenschmied = Schmied (Fyresdal)
| laden = Kaufmann (Fyresdal)
| schnellreisen = j
}}
{{schnellreisen}}

== Kartenbeschreibung ==
:''Hier leben Leute mit rauer Schale und weichem Kern.''

== Bekannte Bewohner ==
* [[Karli]]
* [[Schmied (Fyresdal)|Schmied]] (Waffenschmied, Anfänger)
* [[Vagn]]

== Quests ==
* [[Auftrag: Drache]]
* [[Auftrag: Der Meistgesuchte von Skellige]] (DLC)
* [[Heldenrennen: Fyresdal]]
* [[Vertrauenswürdig]]

==Randnotizen==
In der realen Welt ist {{W|Fyresdal}} (""Tal am See Fyres"") eine Kommune im Süden Norwegens.

[[Kategorie:Städte]]

[[en:Fyresdal]]
[[fr:Fyresdal]]
[[it:Fyresdal]]
[[pl:Fyresdal]]
[[ru:Деревня Фирсдаль]]","{'batchcomplete': True, 'query': {'pages': [{'pageid': 32222, 'ns': 0, 'title': 'Fyresdal', 'revisions': [{'slots': {'main': {'contentmodel': 'wikitext', 'contentformat': 'text/x-wiki', 'content': '{{Infoboxorte3\n| name        = Fyresdal\n| bild = tw3_fyresdal.jpg\n| beschriftung =\n| art = [[:Kategorie:Städte|Dorf]]\n| lage = Nordwestlich der [[Verfallene Taverne|Verfallenen Taverne]], süd-zentral [[Ard Skellig]]\n| region = [[Skellige]]\n| anschlagtafel = j\n| waffenschmied = Schmied (Fyresdal)\n| laden = Kaufmann (Fyresdal)\n| schnellreisen = j\n}}\n{{schnellreisen}}\n\n== Kartenbeschreibung ==\n:\'\'Hier leben Leute mit rauer Schale und weichem Kern.\'\'\n\n== Bekannte Bewohner ==\n* [[Karli]]\n* [[Schmied (Fyresdal)|Schmied]] (Waffenschmied, Anfänger)\n* [[Vagn]]\n\n== Quests ==\n* [[Auftrag: Drache]]\n* [[Auftrag: Der Meistgesuchte von Skellige]] (DLC)\n* [[Heldenrennen: Fyresdal]]\n* [[Vertrauenswürdig]]\n\n==Randnotizen==\nIn der realen Welt ist {{W|Fyresdal}} (""Tal am See Fyres"") eine Kommune im Süden Norwegens.\n\n[[Kategorie:Städte]]\n\n[[en:Fyresdal]]\n[[fr:Fyresdal]]\n[[it:Fyresdal]]\n[[pl:Fyresdal]]\n[[ru:Деревня Фирсдаль]]'}}}]}]}}"
Galgengasse,"{{Infoboxorte3
| name = Galgengasse
| bild = Witcher 3 Hangman's Alley (2).jpg
| beschreibung = 
| art = Schnellreisepunkt
| lage = Westlich von [[Schwarzzweig]] nahe der Küste 
| region = [[Velen]]
| schnellreisen = y
}}
{{Hafen}} {{schnellreisen}}
Die '''Galgengasse''' ist ein per Schnellreise erreichbarer Ort in [[Velen]].

== Kartenbeschreibung ==
:''Die Straße ist mit aufgeknüpften Bauern gesäumt, die sich ihren neuen Herren widersetzten oder das Pech hatten, Banditen zu begegnen, welche dem Ambiente des Boulevards gern weitere pendelnde Installationen hinzufügen wollten.''

== Quests ==
* [[Lynchmob]]

== Notizen ==
* In der Nähe Richtung Westen befindet sich eine Person in Not, die Geralt später in [[Sandort]] als [[Barbier (Sandort)|Barbier]] wiedertrifft, nachdem er sie aus den Fängen der Banditen befreit hat.

== Karte ==
[[Datei:Witcher 3 Hangman's Alley.jpg|400px]]

[[en:Hangman's Alley]]
[[fr:Allée du pendu]]
[[it:Vicolo dell'impiccato]]
[[pl:Aleja wisielców]]
[[ru:Аллея висельников]]","{'batchcomplete': True, 'query': {'pages': [{'pageid': 41014, 'ns': 0, 'title': 'Galgengasse', 'revisions': [{'slots': {'main': {'contentmodel': 'wikitext', 'contentformat': 'text/x-wiki', 'content': ""{{Infoboxorte3\n| name = Galgengasse\n| bild = Witcher 3 Hangman's Alley (2).jpg\n| beschreibung = \n| art = Schnellreisepunkt\n| lage = Westlich von [[Schwarzzweig]] nahe der Küste \n| region = [[Velen]]\n| schnellreisen = y\n}}\n{{Hafen}} {{schnellreisen}}\nDie '''Galgengasse''' ist ein per Schnellreise erreichbarer Ort in [[Velen]].\n\n== Kartenbeschreibung ==\n:''Die Straße ist mit aufgeknüpften Bauern gesäumt, die sich ihren neuen Herren widersetzten oder das Pech hatten, Banditen zu begegnen, welche dem Ambiente des Boulevards gern weitere pendelnde Installationen hinzufügen wollten.''\n\n== Quests ==\n* [[Lynchmob]]\n\n== Notizen ==\n* In der Nähe Richtung Westen befindet sich eine Person in Not, die Geralt später in [[Sandort]] als [[Barbier (Sandort)|Barbier]] wiedertrifft, nachdem er sie aus den Fängen der Banditen befreit hat.\n\n== Karte ==\n[[Datei:Witcher 3 Hangman's Alley.jpg|400px]]\n\n[[en:Hangman's Alley]]\n[[fr:Allée du pendu]]\n[[it:Vicolo dell'impiccato]]\n[[pl:Aleja wisielców]]\n[[ru:Аллея висельников]]""}}}]}]}}"
Galgenhuegel,Error: 'revisions',
Garin-Anwesen,"{{Infoboxorte3
| name = Garin-Anwesen
| bild = tw3_garin_estate.jpg
| beschreibung =
| art = Anwesen
| lage = Nördlich des Flusses zwischen [[Bogendorf]] und [[Brunwich]]
| region = [[Sturmfelder]]
| erweiterung = hos
}}
{{schnellreisen}}

Das '''Garin-Anwesen''' befindet sich am nördlichen Ufer des Flusses, der zwischen [[Bogendorf]] und [[Brunwich]] im nordöstlichen Novigrad fließt. [[Olgierd von Everec]] und [[Die Wilden]] haben hier ihr Hauptquartier.

== Kartenbeschreibung ==
:''Vor etwa zweihundertvierzig Jahren kam ein gewisser Josen Garin in diese Gegend. Er war ein reisender Schriftsteller aus Haaki, außerdem keiner Schlägerei und keinem Humpen abgeneigt. In dieser Gegend fand er blühende Blumen, schattige Waldwiesen und herrliche, sonnendurchflutete Felder. Dies inspirierte ihn, sich dauerhaft hier niederzulassen. Seine neuen Nachbarn behandelten ihn zunächst mit Misstrauen, überlegten es sich jedoch anders und tauten auf, da er sich als hervorragender Gastgeber erwies, der ihnen die Kelche stets aufs Neue mit köstlichen Wein aus seiner Heimat füllte.''

== Quests ==
* [[Der zarte Hauch des Bösen]]
* [[Rose auf einem roten Feld]]

[[en:Garin Estate]]
[[fr:Domaine Garin]]
[[it:Tenuta Garin]]
[[pl:Posiadłość Garin]]
[[ru:Усадьба Гарин]]","{'batchcomplete': True, 'query': {'pages': [{'pageid': 40972, 'ns': 0, 'title': 'Garin-Anwesen', 'revisions': [{'slots': {'main': {'contentmodel': 'wikitext', 'contentformat': 'text/x-wiki', 'content': ""{{Infoboxorte3\n| name = Garin-Anwesen\n| bild = tw3_garin_estate.jpg\n| beschreibung =\n| art = Anwesen\n| lage = Nördlich des Flusses zwischen [[Bogendorf]] und [[Brunwich]]\n| region = [[Sturmfelder]]\n| erweiterung = hos\n}}\n{{schnellreisen}}\n\nDas '''Garin-Anwesen''' befindet sich am nördlichen Ufer des Flusses, der zwischen [[Bogendorf]] und [[Brunwich]] im nordöstlichen Novigrad fließt. [[Olgierd von Everec]] und [[Die Wilden]] haben hier ihr Hauptquartier.\n\n== Kartenbeschreibung ==\n:''Vor etwa zweihundertvierzig Jahren kam ein gewisser Josen Garin in diese Gegend. Er war ein reisender Schriftsteller aus Haaki, außerdem keiner Schlägerei und keinem Humpen abgeneigt. In dieser Gegend fand er blühende Blumen, schattige Waldwiesen und herrliche, sonnendurchflutete Felder. Dies inspirierte ihn, sich dauerhaft hier niederzulassen. Seine neuen Nachbarn behandelten ihn zunächst mit Misstrauen, überlegten es sich jedoch anders und tauten auf, da er sich als hervorragender Gastgeber erwies, der ihnen die Kelche stets aufs Neue mit köstlichen Wein aus seiner Heimat füllte.''\n\n== Quests ==\n* [[Der zarte Hauch des Bösen]]\n* [[Rose auf einem roten Feld]]\n\n[[en:Garin Estate]]\n[[fr:Domaine Garin]]\n[[it:Tenuta Garin]]\n[[pl:Posiadłość Garin]]\n[[ru:Усадьба Гарин]]""}}}]}]}}"
Gedyneith,"{{Infoboxorte3
| name = Gedyneith
| bild = tw3_gedyneith.jpg
| beschriftung =
| kategorie = [[:Kategorie:Dörfer|Dorf]]
| lage = östliches [[Ard Skellig]], nordöstlich der [[Verlassene Sägemühle (Ort)|Verlassene Sägemühle]]
| region      = [[Skellige]]
| alchemist   = Gremist
| schnellreisen = j
}}
{{schnellreisen}} {{höhleneingang}}

'''Gedyneith''' ist der Name einer heiligen, uralten Eiche auf der Insel [[Ard Skellig]]. [[Druiden]] leben in ihrer unmittelbaren Nähe, daher wird auch die Ansiedlung wie der Baum genannt.

== Kartenbeschreibung ==
:''Eine Eiche, die allen Skelligern heilig ist. Sie wird sowohl von den Druiden als auch von den Jüngerinnen der Freya verehrt. Hier finden die wichtigsten Zeremonien der Inseln statt, darunter Hochzeiten, Begräbnisse und Krönungen.''

== Bekannte Bewohner ==
* [[Gremist]]
* [[Fritjof]]
* [[Egill]]
* [[Yolar]]

== Qests ==
* [[Waffenbrüder: Skellige]]
* [[Die Krönung]]
* [[Gwint: Skelliger Stil]]
* [[Praktikum in fortgeschrittener Alchemie]]
* [[Schocktherapie]]

==Siehe auch==
* [[Bleobheris]] - heilige Eiche in der [[Geralt-Saga]]

[[en:Gedyneith]]
[[fr:Gedyneith]]
[[it:Gedyneith]]
[[pl:Gedyneith]]
[[ru:Дуб Гединейт]]
[[pt-br:Gedyneith]]
[[uk:Ґедінейт]]","{'batchcomplete': True, 'query': {'pages': [{'pageid': 31935, 'ns': 0, 'title': 'Gedyneith', 'revisions': [{'slots': {'main': {'contentmodel': 'wikitext', 'contentformat': 'text/x-wiki', 'content': ""{{Infoboxorte3\n| name = Gedyneith\n| bild = tw3_gedyneith.jpg\n| beschriftung =\n| kategorie = [[:Kategorie:Dörfer|Dorf]]\n| lage = östliches [[Ard Skellig]], nordöstlich der [[Verlassene Sägemühle (Ort)|Verlassene Sägemühle]]\n| region      = [[Skellige]]\n| alchemist   = Gremist\n| schnellreisen = j\n}}\n{{schnellreisen}} {{höhleneingang}}\n\n'''Gedyneith''' ist der Name einer heiligen, uralten Eiche auf der Insel [[Ard Skellig]]. [[Druiden]] leben in ihrer unmittelbaren Nähe, daher wird auch die Ansiedlung wie der Baum genannt.\n\n== Kartenbeschreibung ==\n:''Eine Eiche, die allen Skelligern heilig ist. Sie wird sowohl von den Druiden als auch von den Jüngerinnen der Freya verehrt. Hier finden die wichtigsten Zeremonien der Inseln statt, darunter Hochzeiten, Begräbnisse und Krönungen.''\n\n== Bekannte Bewohner ==\n* [[Gremist]]\n* [[Fritjof]]\n* [[Egill]]\n* [[Yolar]]\n\n== Qests ==\n* [[Waffenbrüder: Skellige]]\n* [[Die Krönung]]\n* [[Gwint: Skelliger Stil]]\n* [[Praktikum in fortgeschrittener Alchemie]]\n* [[Schocktherapie]]\n\n==Siehe auch==\n* [[Bleobheris]] - heilige Eiche in der [[Geralt-Saga]]\n\n[[en:Gedyneith]]\n[[fr:Gedyneith]]\n[[it:Gedyneith]]\n[[pl:Gedyneith]]\n[[ru:Дуб Гединейт]]\n[[pt-br:Gedyneith]]\n[[uk:Ґедінейт]]""}}}]}]}}"
Gefaengnis_von_Toussaint,Error: 'revisions',
Gelenser-Hof,Error: 'revisions',
Gildorf,"{{Infoboxorte3
| name = Gildorf
| bild = tw3_map_gildorf.jpg
| bildgröße = 290px
| art = Stadtteil
| lage = Nördliches Zentrum von [[Novigrad]]
| region = [[Novigrad]]
| anschlagbrett = y
| barbier = Barbier (Gildorf)
| tavernenwirt = Passiflora
| laden = Kaufmann (Aeramas' Laden)
}}

'''Gildorf''' ist der wohlhabendere Bezirk in der Freien Stadt [[Novigrad]]. Er befindet sich im Norden der eigentlichen Stadt, angrenzend an die [[St.-Gregors-Brücke]], südlich der [[Tempelinsel]].

== Interessante Orte ==
* var Attre Anwesen
* [[Aeramas' Laden]]
* [[Passiflora]]
* [[Barbier (Gildorf)|Barbier]]
* [[Anschlagbrett]]

[[Kategorie:Novigrad]]

[[en:Gildorf]]
[[fr:Dornal]]
[[it:Borgodoro]]
[[pl:Złote Miasto]]
[[ru:Золотой город]]","{'batchcomplete': True, 'query': {'pages': [{'pageid': 40984, 'ns': 0, 'title': 'Gildorf', 'revisions': [{'slots': {'main': {'contentmodel': 'wikitext', 'contentformat': 'text/x-wiki', 'content': ""{{Infoboxorte3\n| name = Gildorf\n| bild = tw3_map_gildorf.jpg\n| bildgröße = 290px\n| art = Stadtteil\n| lage = Nördliches Zentrum von [[Novigrad]]\n| region = [[Novigrad]]\n| anschlagbrett = y\n| barbier = Barbier (Gildorf)\n| tavernenwirt = Passiflora\n| laden = Kaufmann (Aeramas' Laden)\n}}\n\n'''Gildorf''' ist der wohlhabendere Bezirk in der Freien Stadt [[Novigrad]]. Er befindet sich im Norden der eigentlichen Stadt, angrenzend an die [[St.-Gregors-Brücke]], südlich der [[Tempelinsel]].\n\n== Interessante Orte ==\n* var Attre Anwesen\n* [[Aeramas' Laden]]\n* [[Passiflora]]\n* [[Barbier (Gildorf)|Barbier]]\n* [[Anschlagbrett]]\n\n[[Kategorie:Novigrad]]\n\n[[en:Gildorf]]\n[[fr:Dornal]]\n[[it:Borgodoro]]\n[[pl:Złote Miasto]]\n[[ru:Золотой город]]""}}}]}]}}"
Die_Gloecknerinnen_von_Beauclair,Error: 'revisions',
Glorienstrasse,Error: 'revisions',
Gorgo-Auslaeufer,Error: 'revisions',
Grab__Gruft,Error: 'revisions',
Grashuegel,Error: 'revisions',
Graue_Grotte,"{{Infoboxorte3
| name = Graue Grotte
| bild = Tw3 baw vintner's contract cleaning those hard-to-reach places.jpg
| art = [[Höhle]]
| erweiterung = bw
| lage = Nördlich vom [[Gélenser-Hof]]
| region = [[Toussaint]]
| winzer = Weinhändler (Graue Grotte)
}}
{{Höhleneingang}}

Die '''Graue Grotte''' dient anfangs zwei [[Gargoyle]]s als Behausung. Wenn Geralt sie gesäubert hat, kann er mit dem [[Weinhändler (Graue Grotte)|Weinhändler]] Handel treiben.

== Quests ==
* [[Winzerauftrag: So kommst du beim Putzen besser in die Ecken]]

[[en:Gray Grotto]]
[[fr:Grotte grise]]
[[it:Grotta grigia]]
[[pl:Szara Grota]]
[[ru:Серый грот]]","{'batchcomplete': True, 'query': {'normalized': [{'fromencoded': False, 'from': 'Graue_Grotte', 'to': 'Graue Grotte'}], 'pages': [{'pageid': 40996, 'ns': 0, 'title': 'Graue Grotte', 'revisions': [{'slots': {'main': {'contentmodel': 'wikitext', 'contentformat': 'text/x-wiki', 'content': ""{{Infoboxorte3\n| name = Graue Grotte\n| bild = Tw3 baw vintner's contract cleaning those hard-to-reach places.jpg\n| art = [[Höhle]]\n| erweiterung = bw\n| lage = Nördlich vom [[Gélenser-Hof]]\n| region = [[Toussaint]]\n| winzer = Weinhändler (Graue Grotte)\n}}\n{{Höhleneingang}}\n\nDie '''Graue Grotte''' dient anfangs zwei [[Gargoyle]]s als Behausung. Wenn Geralt sie gesäubert hat, kann er mit dem [[Weinhändler (Graue Grotte)|Weinhändler]] Handel treiben.\n\n== Quests ==\n* [[Winzerauftrag: So kommst du beim Putzen besser in die Ecken]]\n\n[[en:Gray Grotto]]\n[[fr:Grotte grise]]\n[[it:Grotta grigia]]\n[[pl:Szara Grota]]\n[[ru:Серый грот]]""}}}]}]}}"
Graufels,"{{Infoboxorte3
| name = Graufels
| bild = Map_Grayrocks.png
| beschreibung = 
| art = Teilregion
| lage = Westlich von [[Oxenfurt]]
| region = [[Velen]]
}}
'''Graufels''' ist ein großes Gebiet im Osten [[Velen]]s. Westlich davon befindet sich die [[Schlammacker]]-Halbinsel, nördlich die [[Grashügel]] und östlich die Stadt [[Oxenfurt]]. In Graufels befinden sich mehrere [[Schnellreisen|Schnellreisepunkte]].

==Schnellreisepunkte==
{{cols|3|
* [[Grenzposten]]
* [[Steinbruch der Alten]]
* [[Teufelsgrube]]
* [[Fährhaus]]
* [[Galgenhügel]]
* [[Hindwacht]]
* [[Maulbeertal]]
* [[Siedlung der Steinschneider]]
* [[Fort Weißer Adler]]
}}

==Quests==
*[[Makabere Ernte]]
*[[Auftrag: Monster im Wald]]
*[[Auge um Auge]]
*[[Falsche Papiere]]
*[[Schatzsuche: Schemas zur Verbesserung der Katzenschulenausrüstung - Teil 2]]
*[[Schatzsuche: Greifenschulenausrüstung]]
*[[Schatzsuche: Schemas zur Verbesserung der Greifenschulenausrüstung - Teil 2]]
*[[Freiwilliger]]


{{tw3region}}

[[en:Grayrocks]]
[[fr:Griseroche]]
[[it:Rocciagrigia]]
[[pl:Szarogłazy]]","{'batchcomplete': True, 'query': {'pages': [{'pageid': 40999, 'ns': 0, 'title': 'Graufels', 'revisions': [{'slots': {'main': {'contentmodel': 'wikitext', 'contentformat': 'text/x-wiki', 'content': ""{{Infoboxorte3\n| name = Graufels\n| bild = Map_Grayrocks.png\n| beschreibung = \n| art = Teilregion\n| lage = Westlich von [[Oxenfurt]]\n| region = [[Velen]]\n}}\n'''Graufels''' ist ein großes Gebiet im Osten [[Velen]]s. Westlich davon befindet sich die [[Schlammacker]]-Halbinsel, nördlich die [[Grashügel]] und östlich die Stadt [[Oxenfurt]]. In Graufels befinden sich mehrere [[Schnellreisen|Schnellreisepunkte]].\n\n==Schnellreisepunkte==\n{{cols|3|\n* [[Grenzposten]]\n* [[Steinbruch der Alten]]\n* [[Teufelsgrube]]\n* [[Fährhaus]]\n* [[Galgenhügel]]\n* [[Hindwacht]]\n* [[Maulbeertal]]\n* [[Siedlung der Steinschneider]]\n* [[Fort Weißer Adler]]\n}}\n\n==Quests==\n*[[Makabere Ernte]]\n*[[Auftrag: Monster im Wald]]\n*[[Auge um Auge]]\n*[[Falsche Papiere]]\n*[[Schatzsuche: Schemas zur Verbesserung der Katzenschulenausrüstung - Teil\xa02]]\n*[[Schatzsuche: Greifenschulenausrüstung]]\n*[[Schatzsuche: Schemas zur Verbesserung der Greifenschulenausrüstung - Teil 2]]\n*[[Freiwilliger]]\n\n\n{{tw3region}}\n\n[[en:Grayrocks]]\n[[fr:Griseroche]]\n[[it:Rocciagrigia]]\n[[pl:Szarogłazy]]""}}}]}]}}"
Grenzposten,"{{Infoboxorte3
| name = Grenzposten
| bild = tw3_border_post.jpg
| beschreibung = 
| type = Schnellreisenpunkt
| lage = 
| region = [[Velen]]
| anschlagbrett = y
| schnellreisen = y
}}

Der '''Grenzposten''' ist ein Ort, der über den gleichnamigen Schnellreisepunkt in [[Velen]] erreichbar ist. Es handelt sich um eine Grenzkontrolle vor der Stadt [[Novigrad]], die einen Passierschein erfordert.

== Kartenbeschreibung ==
:''Kleine Insel mitten im Fluss. Idealer Ort zum Färben von Stoffen.''

== Persönlichkeiten ==
* Kapitan [[Felix Grubb]]
* [[Zwielichtiger Händler]]

== Quests ==
* [[Makabere Ernte]]
* [[Auftrag: Monster im Wald]]
* [[Falsche Papiere]]

[[en:Border Post]]
[[fr:Avant-poste frontalier]]
[[it:Avamposto di confine]]
[[pl:Posterunek graniczny]]
[[ru:Приграничный пост]]","{'batchcomplete': True, 'query': {'pages': [{'pageid': 40747, 'ns': 0, 'title': 'Grenzposten', 'revisions': [{'slots': {'main': {'contentmodel': 'wikitext', 'contentformat': 'text/x-wiki', 'content': ""{{Infoboxorte3\n| name = Grenzposten\n| bild = tw3_border_post.jpg\n| beschreibung = \n| type = Schnellreisenpunkt\n| lage = \n| region = [[Velen]]\n| anschlagbrett = y\n| schnellreisen = y\n}}\n\nDer '''Grenzposten''' ist ein Ort, der über den gleichnamigen Schnellreisepunkt in [[Velen]] erreichbar ist. Es handelt sich um eine Grenzkontrolle vor der Stadt [[Novigrad]], die einen Passierschein erfordert.\n\n== Kartenbeschreibung ==\n:''Kleine Insel mitten im Fluss. Idealer Ort zum Färben von Stoffen.''\n\n== Persönlichkeiten ==\n* Kapitan [[Felix Grubb]]\n* [[Zwielichtiger Händler]]\n\n== Quests ==\n* [[Makabere Ernte]]\n* [[Auftrag: Monster im Wald]]\n* [[Falsche Papiere]]\n\n[[en:Border Post]]\n[[fr:Avant-poste frontalier]]\n[[it:Avamposto di confine]]\n[[pl:Posterunek graniczny]]\n[[ru:Приграничный пост]]""}}}]}]}}"
Grotte_(Ard_Skellig),"{{Begriffshinweis|dem Ort auf [[Ard Skellig]]|das Höhlentreibhaus beim [[Tempel der Melitele]] in [[Ellander]]|Die Grotte}}
{{Infoboxorte3
| name         = Grotte
| bild         = Tw3_grotto_(ard_skellig).jpg
| bildgröße    =
| beschreibung = 
| art          = Höhle
| stufe        = 
| lage         = [[Ard Skellig]]
| region       = [[Skellige]]
| anschlagbrett = n
| schnellreise = j
| barbier      =
| laden        =
| waffenschmied   =
| rüstungsschmied =
| kräuterhändler  =
|}}
Die '''Grotte''' ist eine größere Höhle in {{tw3}}. Sie befindet sich auf der Skellige-Insel [[Ard Skellig]] und wird wegen ihrer Abgelegenheit von Räubern und Banditen als Versteck genutzt.

== Kartenbeschreibung ==
:''Ein entlegener und isolierter Ort, der nur mit dem Boot zu erreichen ist.''

== Quests ==
* [[Die traurige Geschichte der Großbart-Brüder]]

[[en:Grotto (Ard Skellig)]]
[[ru:Грот (Ард Скеллиг)]]
[[tr:Mağara (Ard Skellig)]]","{'batchcomplete': True, 'query': {'normalized': [{'fromencoded': False, 'from': 'Grotte_(Ard_Skellig)', 'to': 'Grotte (Ard Skellig)'}], 'pages': [{'pageid': 29330, 'ns': 0, 'title': 'Grotte (Ard Skellig)', 'revisions': [{'slots': {'main': {'contentmodel': 'wikitext', 'contentformat': 'text/x-wiki', 'content': ""{{Begriffshinweis|dem Ort auf [[Ard Skellig]]|das Höhlentreibhaus beim [[Tempel der Melitele]] in [[Ellander]]|Die Grotte}}\n{{Infoboxorte3\n| name         = Grotte\n| bild         = Tw3_grotto_(ard_skellig).jpg\n| bildgröße    =\n| beschreibung = \n| art          = Höhle\n| stufe        = \n| lage         = [[Ard Skellig]]\n| region       = [[Skellige]]\n| anschlagbrett = n\n| schnellreise = j\n| barbier      =\n| laden        =\n| waffenschmied   =\n| rüstungsschmied =\n| kräuterhändler  =\n|}}\nDie '''Grotte''' ist eine größere Höhle in {{tw3}}. Sie befindet sich auf der Skellige-Insel [[Ard Skellig]] und wird wegen ihrer Abgelegenheit von Räubern und Banditen als Versteck genutzt.\n\n== Kartenbeschreibung ==\n:''Ein entlegener und isolierter Ort, der nur mit dem Boot zu erreichen ist.''\n\n== Quests ==\n* [[Die traurige Geschichte der Großbart-Brüder]]\n\n[[en:Grotto (Ard Skellig)]]\n[[ru:Грот (Ард Скеллиг)]]\n[[tr:Mağara (Ard Skellig)]]""}}}]}]}}"
Grotte_(Velen),"{{begriffshinweis|der Höhle im östlichen [[Velen]]|andere Orte mit dem gleichen Namen|Grotte}}
{{Infoboxorte3
| name = Grotte
| bild = tw3_grotto_(velen).jpg
| beschreibung =
| art = [[Höhle]]
| lage = [[Der Abstieg]], nordöstlich von [[Toderas]]
| region = [[Velen]]
| fast-travel = y
}}
{{schnellreisen}}{{Höhleneingang}}

== Kartenbeschreibung ==
:''Ein finsterer, feindlicher Ort, in dem hin und wieder grässlich kehlige Geräusche erschallen ...''

== Quests ==
* [[Schatzsuche: Schemas zur Verbesserung der Wolfsschulenausrüstung - Teil 1]]

[[en:Grotto (Velen)]]
[[fr:Grotte (Velen)]]
[[it:Grotta (Velen)]]
[[pl:Grota (Velen)]]
[[ru:Грот (Велен)]]","{'batchcomplete': True, 'query': {'normalized': [{'fromencoded': False, 'from': 'Grotte_(Velen)', 'to': 'Grotte (Velen)'}], 'pages': [{'pageid': 41002, 'ns': 0, 'title': 'Grotte (Velen)', 'revisions': [{'slots': {'main': {'contentmodel': 'wikitext', 'contentformat': 'text/x-wiki', 'content': ""{{begriffshinweis|der Höhle im östlichen [[Velen]]|andere Orte mit dem gleichen Namen|Grotte}}\n{{Infoboxorte3\n| name = Grotte\n| bild = tw3_grotto_(velen).jpg\n| beschreibung =\n| art = [[Höhle]]\n| lage = [[Der Abstieg]], nordöstlich von [[Toderas]]\n| region = [[Velen]]\n| fast-travel = y\n}}\n{{schnellreisen}}{{Höhleneingang}}\n\n== Kartenbeschreibung ==\n:''Ein finsterer, feindlicher Ort, in dem hin und wieder grässlich kehlige Geräusche erschallen ...''\n\n== Quests ==\n* [[Schatzsuche: Schemas zur Verbesserung der Wolfsschulenausrüstung - Teil\xa01]]\n\n[[en:Grotto (Velen)]]\n[[fr:Grotte (Velen)]]\n[[it:Grotta (Velen)]]\n[[pl:Grota (Velen)]]\n[[ru:Грот (Велен)]]""}}}]}]}}"
Grymmdjarr-Denkmal,"{{Infoboxorte3
| name         = Grymmdjarr-Denkmal
| bild         = tw3_grymmdjarr_monument.jpg
| bildgröße    =
| beschreibung = 
| erweiterung  = 
| aka = 
| art          = Landmarke
| stufe        = 
| lage         = südwestlich von [[Boxholm]] auf [[Ard Skellig]]
| region       = [[Skellige]]
| schnellreisen = <!-- j/n -->
| ortdermacht = 
|}}
Das '''Grymmdjarr-Denkmal''' ist ein großer {{W|Inukshuk}} im Zentrum der Insel [[Ard Skellig]] unweit der Burgruine [[Kaer Nyssen]] und des zerstörten Dorfes [[Boxholm]]. Das steinerne Denkmal trägt den Namen des legendären Helden [[Grymmdjarr]].

[[Geralt]] trifft dort auf zwei Skelliger: [[Ulf]] und [[Petter]]. Petter hat sich bei dem Versuch, das Denkmal zu erklettern, beim Absturz das Bein gebrochen und braucht medizinische Hilfe. Der Hexer hat die Wahl, ihm [[Schöllkraut#The Witcher 3: Wild Hunt|Schöllkraut]] zur Schmerzlinderung zu geben.

== Quest ==
* [[Tapfere Toren sterben jung]]

== Karte ==
[[Datei:Tw3_map_Grymmdjarr Monument.jpg|thumb|left|450px|Position des Monuments in ""The Witcher 3""]]

[[Kategorie:Architektur]]

[[en:Grymmdjarr Monument]]
[[fr:Monument de Grymmdjarr]]
[[it:Monumento Grymmdjarr]]
[[pl:Posąg Grymmdjarra]]","{'batchcomplete': True, 'query': {'pages': [{'pageid': 33616, 'ns': 0, 'title': 'Grymmdjarr-Denkmal', 'revisions': [{'slots': {'main': {'contentmodel': 'wikitext', 'contentformat': 'text/x-wiki', 'content': '{{Infoboxorte3\n| name         = Grymmdjarr-Denkmal\n| bild         = tw3_grymmdjarr_monument.jpg\n| bildgröße    =\n| beschreibung = \n| erweiterung  = \n| aka = \n| art          = Landmarke\n| stufe        = \n| lage         = südwestlich von [[Boxholm]] auf [[Ard Skellig]]\n| region       = [[Skellige]]\n| schnellreisen = <!-- j/n -->\n| ortdermacht = \n|}}\nDas \'\'\'Grymmdjarr-Denkmal\'\'\' ist ein großer {{W|Inukshuk}} im Zentrum der Insel [[Ard Skellig]] unweit der Burgruine [[Kaer Nyssen]] und des zerstörten Dorfes [[Boxholm]]. Das steinerne Denkmal trägt den Namen des legendären Helden [[Grymmdjarr]].\n\n[[Geralt]] trifft dort auf zwei Skelliger: [[Ulf]] und [[Petter]]. Petter hat sich bei dem Versuch, das Denkmal zu erklettern, beim Absturz das Bein gebrochen und braucht medizinische Hilfe. Der Hexer hat die Wahl, ihm [[Schöllkraut#The Witcher 3: Wild Hunt|Schöllkraut]] zur Schmerzlinderung zu geben.\n\n== Quest ==\n* [[Tapfere Toren sterben jung]]\n\n== Karte ==\n[[Datei:Tw3_map_Grymmdjarr Monument.jpg|thumb|left|450px|Position des Monuments in ""The Witcher 3""]]\n\n[[Kategorie:Architektur]]\n\n[[en:Grymmdjarr Monument]]\n[[fr:Monument de Grymmdjarr]]\n[[it:Monumento Grymmdjarr]]\n[[pl:Posąg Grymmdjarra]]'}}}]}]}}"
Hafen,"{{hafen}}
{{tocright}}
Es gibt eine ganze Reihe von '''Häfen''' in ''{{tw3}}'', die sich über die verschiedenen Regionen verteilen. Häfen dienen vor allem als Schnellreisepunkt für Bootsreisen. Wenn [[Geralt]] ein Boot benutzt, kann der Spieler einfach die Karte aufrufen und auf ein beliebiges Hafensymbol klicken, um direkt dorthin zu gelangen.

== [[Velen]] und [[Novigrad]] ==
{{cols|3|
* [[Hütte des Bootsbauers]]
* [[Kestersover]]
* [[Wrackküste]]
* [[Fährhaus]]
* [[Feuersbrunsthafen]]
* [[Reuseninsel]]
* [[Galgengasse]] (nördlich des Schnellreisepunktes)
* [[Novigrader Docks]]
* [[Hafen von Oxenfurt]]
* [[Straßen zum Kahlen Berg]]
* [[Sumpfbinsenhafen]]
}}

== [[Skellige]] ==
{{cols|3|
* [[Arinbjorn]]
* [[Leuchtturm von Eldberg]] (südliches Ende der Insel)
* [[Grotte (Ard Skellig)|Grotte]]
* [[Hafen von Holmstein]]
* [[Rannvaig]]
}}

[[Kategorie:The Witcher 3 Orte]]

[[en:Harbor]]
[[fr:Port]]
[[it:Porto]]
[[pl:Przystań]]
[[ru:Гавань]]","{'batchcomplete': True, 'query': {'pages': [{'pageid': 8826, 'ns': 0, 'title': 'Hafen', 'revisions': [{'slots': {'main': {'contentmodel': 'wikitext', 'contentformat': 'text/x-wiki', 'content': ""{{hafen}}\n{{tocright}}\nEs gibt eine ganze Reihe von '''Häfen''' in ''{{tw3}}'', die sich über die verschiedenen Regionen verteilen. Häfen dienen vor allem als Schnellreisepunkt für Bootsreisen. Wenn [[Geralt]] ein Boot benutzt, kann der Spieler einfach die Karte aufrufen und auf ein beliebiges Hafensymbol klicken, um direkt dorthin zu gelangen.\n\n== [[Velen]] und [[Novigrad]] ==\n{{cols|3|\n* [[Hütte des Bootsbauers]]\n* [[Kestersover]]\n* [[Wrackküste]]\n* [[Fährhaus]]\n* [[Feuersbrunsthafen]]\n* [[Reuseninsel]]\n* [[Galgengasse]] (nördlich des Schnellreisepunktes)\n* [[Novigrader Docks]]\n* [[Hafen von Oxenfurt]]\n* [[Straßen zum Kahlen Berg]]\n* [[Sumpfbinsenhafen]]\n}}\n\n== [[Skellige]] ==\n{{cols|3|\n* [[Arinbjorn]]\n* [[Leuchtturm von Eldberg]] (südliches Ende der Insel)\n* [[Grotte (Ard Skellig)|Grotte]]\n* [[Hafen von Holmstein]]\n* [[Rannvaig]]\n}}\n\n[[Kategorie:The Witcher 3 Orte]]\n\n[[en:Harbor]]\n[[fr:Port]]\n[[it:Porto]]\n[[pl:Przystań]]\n[[ru:Гавань]]""}}}]}]}}"
Hafen_von_Beauclair,"{{Infoboxorte3
| name         = Hafen von Beauclair
| bild         = tw3_baw_beauclair_port.jpg
| bildgröße    =
| beschreibung = 
| erweiterung  = BaW
| aka = 
| art          = [[Hafen]]
| stufe        = 
| lage         = im Osten von [[Saint Sebastian]], [[Beauclair]]
| region       = [[Toussaint]]
| schnellreisen = j
| lager = 
| anschlagbrett = 
| tavernenwirt = 
| laden = 
| winzer = 
| waffenschmied = 
| rüstungsschmied = 
| kräuterhändler = 
| barbier = 
| runenschmied = 
| wetzstein = 
| werkbank = 
| alchemist = 
| signalfeuer = 
| boot = 
| ortdermacht = 
|}}
{{schnellreisen}}

Der '''Hafen von Beauclair''' ist ein Stadtteil von [[Beauclair]], der Hauptstadt des Herzogtums [[Toussaint]]. Er liegt am Fluss [[Sansretour]] und ist ein wichtiger Umschlagpunkt für den Handel mit Weinen, wie [[Côte-de-Blessure]] oder [[Est Est]], für die Toussaint so berühmt ist.

Der Hafen von Beauclair ist ein Handlungsort in der Erweiterung ''[[Blood and Wine]]'' des Computerspiels ''{{tw3}}''.

== Kartenbeschreibung ==
:''Der beste Wein kommt aus Toussaint, das wird jeder Sommelier bestätigen. Viele Flaschen mit berühmten Toussainter Etiketten kosten ein Vermögen und zieren die Tafeln von Königen. Hofbankette ohne Côte-de-Blessure oder Est Est sind praktisch undenkbar. Und hier im Hafen von Beauclair tritt der Wein seine Reise an - sowohl nach Süden ins Herz des Kaiserreichs Nilfgaard als auch in den entlegenen Norden.''

== Sehenswürdigkeiten ==
* [[Die ""Glöcknerinnen"" von Beauclair]]
* [[Fleischerei]]
* [[Färbemittelhändler]]

== Galerie ==
<gallery widths=""250px"">
tw3_baw_beauclair_port_(1).jpg|Der Hafen, Ansicht vom Balkon der ""[[Die ""Glöcknerinnen"" von Beauclair|Glöcknerinnen von Beauclair]]"".
</gallery>

[[Kategorie:Beauclair]]

[[en:Beauclair Port]]
[[fr:Port-Beauclair]]
[[it:Porto di Beauclair]]
[[pl:Port]]
[[ru:Порт Боклера]]","{'batchcomplete': True, 'query': {'normalized': [{'fromencoded': False, 'from': 'Hafen_von_Beauclair', 'to': 'Hafen von Beauclair'}], 'pages': [{'pageid': 32147, 'ns': 0, 'title': 'Hafen von Beauclair', 'revisions': [{'slots': {'main': {'contentmodel': 'wikitext', 'contentformat': 'text/x-wiki', 'content': '{{Infoboxorte3\n| name         = Hafen von Beauclair\n| bild         = tw3_baw_beauclair_port.jpg\n| bildgröße    =\n| beschreibung = \n| erweiterung  = BaW\n| aka = \n| art          = [[Hafen]]\n| stufe        = \n| lage         = im Osten von [[Saint Sebastian]], [[Beauclair]]\n| region       = [[Toussaint]]\n| schnellreisen = j\n| lager = \n| anschlagbrett = \n| tavernenwirt = \n| laden = \n| winzer = \n| waffenschmied = \n| rüstungsschmied = \n| kräuterhändler = \n| barbier = \n| runenschmied = \n| wetzstein = \n| werkbank = \n| alchemist = \n| signalfeuer = \n| boot = \n| ortdermacht = \n|}}\n{{schnellreisen}}\n\nDer \'\'\'Hafen von Beauclair\'\'\' ist ein Stadtteil von [[Beauclair]], der Hauptstadt des Herzogtums [[Toussaint]]. Er liegt am Fluss [[Sansretour]] und ist ein wichtiger Umschlagpunkt für den Handel mit Weinen, wie [[Côte-de-Blessure]] oder [[Est Est]], für die Toussaint so berühmt ist.\n\nDer Hafen von Beauclair ist ein Handlungsort in der Erweiterung \'\'[[Blood and Wine]]\'\' des Computerspiels \'\'{{tw3}}\'\'.\n\n== Kartenbeschreibung ==\n:\'\'Der beste Wein kommt aus Toussaint, das wird jeder Sommelier bestätigen. Viele Flaschen mit berühmten Toussainter Etiketten kosten ein Vermögen und zieren die Tafeln von Königen. Hofbankette ohne Côte-de-Blessure oder Est Est sind praktisch undenkbar. Und hier im Hafen von Beauclair tritt der Wein seine Reise an - sowohl nach Süden ins Herz des Kaiserreichs Nilfgaard als auch in den entlegenen Norden.\'\'\n\n== Sehenswürdigkeiten ==\n* [[Die ""Glöcknerinnen"" von Beauclair]]\n* [[Fleischerei]]\n* [[Färbemittelhändler]]\n\n== Galerie ==\n<gallery widths=""250px"">\ntw3_baw_beauclair_port_(1).jpg|Der Hafen, Ansicht vom Balkon der ""[[Die ""Glöcknerinnen"" von Beauclair|Glöcknerinnen von Beauclair]]"".\n</gallery>\n\n[[Kategorie:Beauclair]]\n\n[[en:Beauclair Port]]\n[[fr:Port-Beauclair]]\n[[it:Porto di Beauclair]]\n[[pl:Port]]\n[[ru:Порт Боклера]]'}}}]}]}}"
Hafen_von_Holmstein,"{{übersetzen}}
{{Infoboxorte3
| name = Hafen von Holmstein
| bild = tw3_holmstein's_port.jpg
|art = Schnellreisepunkt, Hafen
| lage = südwestliches [[Ard Skellig]]
| region = [[Skellige]]
| laden = Merchant (Holmstein's Port)
}}
{{schnellreisen}} {{Hafen}}

Der '''Hafen von Holmstein''' liegt südlich des Dorfes [[Holmstein]] im Südwesten von [[Ard Skellig]]. Dort findet sich auch ein Schnellreisepunkt.

== Kartenbeschreibung ==
:''Piers and docks for the village of Holmstein – Clan Drummond's chief port.''

== Quests ==
* ??

[[en:Holmstein's Port]]
[[fr:Port d'Helmstein]]
[[it:Porto di Holmstein]]
[[pl:Port w Holmstein]]
[[ru:Порт Гольмштейна]]","{'batchcomplete': True, 'query': {'normalized': [{'fromencoded': False, 'from': 'Hafen_von_Holmstein', 'to': 'Hafen von Holmstein'}], 'pages': [{'pageid': 41047, 'ns': 0, 'title': 'Hafen von Holmstein', 'revisions': [{'slots': {'main': {'contentmodel': 'wikitext', 'contentformat': 'text/x-wiki', 'content': ""{{übersetzen}}\n{{Infoboxorte3\n| name = Hafen von Holmstein\n| bild = tw3_holmstein's_port.jpg\n|art = Schnellreisepunkt, Hafen\n| lage = südwestliches [[Ard Skellig]]\n| region = [[Skellige]]\n| laden = Merchant (Holmstein's Port)\n}}\n{{schnellreisen}} {{Hafen}}\n\nDer '''Hafen von Holmstein''' liegt südlich des Dorfes [[Holmstein]] im Südwesten von [[Ard Skellig]]. Dort findet sich auch ein Schnellreisepunkt.\n\n== Kartenbeschreibung ==\n:''Piers and docks for the village of Holmstein – Clan Drummond's chief port.''\n\n== Quests ==\n* ??\n\n[[en:Holmstein's Port]]\n[[fr:Port d'Helmstein]]\n[[it:Porto di Holmstein]]\n[[pl:Port w Holmstein]]\n[[ru:Порт Гольмштейна]]""}}}]}]}}"
Hafen_von_Kaer_Trolde,"{{übersetzen}}
{{Infoboxorte3
| name = Hafen von Kaer Trolde
| bild = tw3_kaer_trold_harbor.jpg
| beschreibung = Hafen von Kaer Trolde
| art = Hafen / Dorf
| lage = [[Kaer Trolde]] / [[Ard Skellig]]
| region = [[Skellige]]
| schnellreisen = y
| anschlagbrett = y
| kräuterhändler = Kräuterhändler (Kaer Trolde)
| tavernenwirt = Jonas der Wirt
| barbier = Sjusta
| laden = Kaufmann (Hafen von Kaer Trolde)
}}
{{schnellreisen}}{{Hafen}}

== Kartenbeschreibung ==
:''Einer der betriebsamsten Häfen Skelliges. Hier werden Güter aus aller Herren Länder umgeschlagen und gehandelt.''

== Persönlichkeiten ==
* [[Bjorg]]
* [[Sjusta]], der Schneider (und Barbier)
* [[Rurik]], Bjorg's Lehrling
* [[Tove]], die Witwe eines Fischers

== Quests ==
* [[Der König ist tot - lang lebe der König!]]
* [[Auftrag: Muire D'yaeblen]]
* [[Fliegende Fäuste: Skellige]]
* [[Vertrauenswürdig]]

[[en:Kaer Trolde harbor]]
[[fr:Port de Kaer Trolde]]
[[it:Porto di Kaer Trolde]]
[[pl:Port pod Kaer Trolde]]
[[pt-br:Porto de Kaer Trolde]]
[[ru:Порт у Каэр Трольде]]","{'batchcomplete': True, 'query': {'normalized': [{'fromencoded': False, 'from': 'Hafen_von_Kaer_Trolde', 'to': 'Hafen von Kaer Trolde'}], 'pages': [{'pageid': 41086, 'ns': 0, 'title': 'Hafen von Kaer Trolde', 'revisions': [{'slots': {'main': {'contentmodel': 'wikitext', 'contentformat': 'text/x-wiki', 'content': ""{{übersetzen}}\n{{Infoboxorte3\n| name = Hafen von Kaer Trolde\n| bild = tw3_kaer_trold_harbor.jpg\n| beschreibung = Hafen von Kaer Trolde\n| art = Hafen / Dorf\n| lage = [[Kaer Trolde]] / [[Ard Skellig]]\n| region = [[Skellige]]\n| schnellreisen = y\n| anschlagbrett = y\n| kräuterhändler = Kräuterhändler (Kaer Trolde)\n| tavernenwirt = Jonas der Wirt\n| barbier = Sjusta\n| laden = Kaufmann (Hafen von Kaer Trolde)\n}}\n{{schnellreisen}}{{Hafen}}\n\n== Kartenbeschreibung ==\n:''Einer der betriebsamsten Häfen Skelliges. Hier werden Güter aus aller Herren Länder umgeschlagen und gehandelt.''\n\n== Persönlichkeiten ==\n* [[Bjorg]]\n* [[Sjusta]], der Schneider (und Barbier)\n* [[Rurik]], Bjorg's Lehrling\n* [[Tove]], die Witwe eines Fischers\n\n== Quests ==\n* [[Der König ist tot - lang lebe der König!]]\n* [[Auftrag: Muire D'yaeblen]]\n* [[Fliegende Fäuste: Skellige]]\n* [[Vertrauenswürdig]]\n\n[[en:Kaer Trolde harbor]]\n[[fr:Port de Kaer Trolde]]\n[[it:Porto di Kaer Trolde]]\n[[pl:Port pod Kaer Trolde]]\n[[pt-br:Porto de Kaer Trolde]]\n[[ru:Порт у Каэр Трольде]]""}}}]}]}}"
Hafen_von_Oxenfurt,"{{übersetzen}}
{{Infoboxorte3
| name = Hafen von Oxenfurt
| bild = tw3_oxenfurt_harbor.jpg
| beschreibung =
| art = Fast travel point
| lage = [[Oxenfurt]]
| region = [[Novigrad]]
| schnellreisen = y
}}
{{Hafen}} {{schnellreisen}}

Der '''Oxenfurter Hafen''' ist ein kleiner Hafen mit zugehörigem Schnellreisepunkt in [[Oxenfurt]].

== Kartenbeschreibung ==
:''Oxenfurt's picturesque port has featured as the subject of numerous odes and ballads, the setting for at least three lurid crime novels, and a favorite spot for romantic outings for generations of students.''

[[Kategorie:Oxenfurt]]

[[cs:Oxenfurtský přístav]]
[[en:Oxenfurt Harbor]]
[[fr:Port d'Oxenfurt]]
[[it:Porto di Oxenfurt]]
[[pl:Port w Oxenfurcie]]
[[ru:Оксенфуртский порт]]","{'batchcomplete': True, 'query': {'normalized': [{'fromencoded': False, 'from': 'Hafen_von_Oxenfurt', 'to': 'Hafen von Oxenfurt'}], 'pages': [{'pageid': 41278, 'ns': 0, 'title': 'Hafen von Oxenfurt', 'revisions': [{'slots': {'main': {'contentmodel': 'wikitext', 'contentformat': 'text/x-wiki', 'content': ""{{übersetzen}}\n{{Infoboxorte3\n| name = Hafen von Oxenfurt\n| bild = tw3_oxenfurt_harbor.jpg\n| beschreibung =\n| art = Fast travel point\n| lage = [[Oxenfurt]]\n| region = [[Novigrad]]\n| schnellreisen = y\n}}\n{{Hafen}} {{schnellreisen}}\n\nDer '''Oxenfurter Hafen''' ist ein kleiner Hafen mit zugehörigem Schnellreisepunkt in [[Oxenfurt]].\n\n== Kartenbeschreibung ==\n:''Oxenfurt's picturesque port has featured as the subject of numerous odes and ballads, the setting for at least three lurid crime novels, and a favorite spot for romantic outings for generations of students.''\n\n[[Kategorie:Oxenfurt]]\n\n[[cs:Oxenfurtský přístav]]\n[[en:Oxenfurt Harbor]]\n[[fr:Port d'Oxenfurt]]\n[[it:Porto di Oxenfurt]]\n[[pl:Port w Oxenfurcie]]\n[[ru:Оксенфуртский порт]]""}}}]}]}}"
Hafen_von_Urialla,"{{Infoboxorte3
| name = Hafen von Urialla
| bild = tw3_urialla_harbor.jpg
| art = [[:Kategorie:Dörfer|Dorf]], Hafenanlage
| lage = südliche Küste von [[An Skellig]]
| region = [[Skellige]]
| rüstungsschmied = Rüstungsschmied (Hafen von Urialla)
| waffenschmied = Waffenschmied (Hafen von Urialla)
| tavernenwirt = Tavernenwirt (Hafen von Urialla)
| wetzstein = y
| werkbank = y
| schnellreisen = y
}}
{{hafen}} {{schnellreisen}}

'''Urialla''' ist mit seinem Hafen, der das Dorf hauptsächlich ausmacht, die größte Siedlung auf [[An Skellig]] in ''[[The Witcher 3: Wild Hunt]]''.

== Kartenbeschreibung ==
:''Die Bootsbauer in diesem Hafen gelten aufgrund ihrer handwerklichen Meisterschaft und ihres Auges fürs Detail als die besten auf den Inseln.''

== Quests ==
* [[Sammle sie alle]]
* [[Der Weg der Krieger]]
* [[Der Turm aus dem Nirgendwo]]

[[Kategorie:Dörfer]]

[[en:Urialla Harbor]]
[[fr:Port d'Urialla]]
[[it:Porto di Urialla]]
[[pl:Przystań w Urialli]]
[[ru:Пристань Уриалла]]","{'batchcomplete': True, 'query': {'normalized': [{'fromencoded': False, 'from': 'Hafen_von_Urialla', 'to': 'Hafen von Urialla'}], 'pages': [{'pageid': 32167, 'ns': 0, 'title': 'Hafen von Urialla', 'revisions': [{'slots': {'main': {'contentmodel': 'wikitext', 'contentformat': 'text/x-wiki', 'content': ""{{Infoboxorte3\n| name = Hafen von Urialla\n| bild = tw3_urialla_harbor.jpg\n| art = [[:Kategorie:Dörfer|Dorf]], Hafenanlage\n| lage = südliche Küste von [[An Skellig]]\n| region = [[Skellige]]\n| rüstungsschmied = Rüstungsschmied (Hafen von Urialla)\n| waffenschmied = Waffenschmied (Hafen von Urialla)\n| tavernenwirt = Tavernenwirt (Hafen von Urialla)\n| wetzstein = y\n| werkbank = y\n| schnellreisen = y\n}}\n{{hafen}} {{schnellreisen}}\n\n'''Urialla''' ist mit seinem Hafen, der das Dorf hauptsächlich ausmacht, die größte Siedlung auf [[An Skellig]] in ''[[The Witcher 3: Wild Hunt]]''.\n\n== Kartenbeschreibung ==\n:''Die Bootsbauer in diesem Hafen gelten aufgrund ihrer handwerklichen Meisterschaft und ihres Auges fürs Detail als die besten auf den Inseln.''\n\n== Quests ==\n* [[Sammle sie alle]]\n* [[Der Weg der Krieger]]\n* [[Der Turm aus dem Nirgendwo]]\n\n[[Kategorie:Dörfer]]\n\n[[en:Urialla Harbor]]\n[[fr:Port d'Urialla]]\n[[it:Porto di Urialla]]\n[[pl:Przystań w Urialli]]\n[[ru:Пристань Уриалла]]""}}}]}]}}"
Hafentor,"{{übersetzen}}
{{Infoboxorte3
| name = Hafentor
| bild = tw3_baw_harbor_gate.jpg
| art = Gate
| erweiterung = bw
| lage = Central [[Saint Sebastian]].
| region = [[Toussaint]]
| schnellreisen = y
}}
{{schnellreisen}}

== Kartenbeschreibung ==
:''Bei der Gestaltung der Verteidigungsmauern Hautevilles hatten die Einwohner von Beauclair keine Ahnung, wie sehr ihre Stadt noch wachsen würde. Die pilzförmige Erweiterung Saint Sebastians und das Hafenviertel zwangen die Bürger, eine zusätzliche Passage freizumachen, um den Verkehr zwischen den Vierteln der Hauptstadt zu erleichtern. Manche riefen gar danach, die Mauern komplett einzureißen. Was gab es zu fürchten, wenn die Stadt doch von den tapfersten Rittern aller Zeiten beschützt wurde?''

== Galerie ==
<gallery widths=""250px"">
tw3_baw_harbor_gate_(1).jpg|View to the northwest.
</gallery>

[[Kategorie:Beauclair]]

[[en:Harbor Gate]]
[[fr:Porte du port]]
[[it:Porta dell'approdo]]
[[pl:Brama Portowa]]
[[ru:Портовые ворота (Туссент)]]","{'batchcomplete': True, 'query': {'pages': [{'pageid': 41017, 'ns': 0, 'title': 'Hafentor', 'revisions': [{'slots': {'main': {'contentmodel': 'wikitext', 'contentformat': 'text/x-wiki', 'content': '{{übersetzen}}\n{{Infoboxorte3\n| name = Hafentor\n| bild = tw3_baw_harbor_gate.jpg\n| art = Gate\n| erweiterung = bw\n| lage = Central [[Saint Sebastian]].\n| region = [[Toussaint]]\n| schnellreisen = y\n}}\n{{schnellreisen}}\n\n== Kartenbeschreibung ==\n:\'\'Bei der Gestaltung der Verteidigungsmauern Hautevilles hatten die Einwohner von Beauclair keine Ahnung, wie sehr ihre Stadt noch wachsen würde. Die pilzförmige Erweiterung Saint Sebastians und das Hafenviertel zwangen die Bürger, eine zusätzliche Passage freizumachen, um den Verkehr zwischen den Vierteln der Hauptstadt zu erleichtern. Manche riefen gar danach, die Mauern komplett einzureißen. Was gab es zu fürchten, wenn die Stadt doch von den tapfersten Rittern aller Zeiten beschützt wurde?\'\'\n\n== Galerie ==\n<gallery widths=""250px"">\ntw3_baw_harbor_gate_(1).jpg|View to the northwest.\n</gallery>\n\n[[Kategorie:Beauclair]]\n\n[[en:Harbor Gate]]\n[[fr:Porte du port]]\n[[it:Porta dell\'approdo]]\n[[pl:Brama Portowa]]\n[[ru:Портовые ворота (Туссент)]]'}}}]}]}}"
Hafenviertel,"{{stub}}
{{Infoboxorte3
| name = Hafenviertel
| bild = tw3_map_harborside.jpg
| art = Stadtbezirk
| lage = Südwesten [[Novigrad]]s
| region = [[Novigrad]]
}}
Das '''Hafenviertel''' ist eines der Stadtbezirke der Freien Stadt [[Novigrad]].

:''Siehe auch: weitere [[Nowigrad#Stadtteile|Stadtteile von Novigrad]]''

== Quests ==
* [[Eine lebenswichtige Angelegenheit]]
* [[Von Schwertern und Knödeln]]
* [[Fleischliche Sünden]]

[[Kategorie:Novigrad]]

[[en:Harborside]]
[[fr:Quais]]
[[it:Porto]]
[[pl:Doki]]","{'batchcomplete': True, 'query': {'pages': [{'pageid': 31923, 'ns': 0, 'title': 'Hafenviertel', 'revisions': [{'slots': {'main': {'contentmodel': 'wikitext', 'contentformat': 'text/x-wiki', 'content': ""{{stub}}\n{{Infoboxorte3\n| name = Hafenviertel\n| bild = tw3_map_harborside.jpg\n| art = Stadtbezirk\n| lage = Südwesten [[Novigrad]]s\n| region = [[Novigrad]]\n}}\nDas '''Hafenviertel''' ist eines der Stadtbezirke der Freien Stadt [[Novigrad]].\n\n:''Siehe auch: weitere [[Nowigrad#Stadtteile|Stadtteile von Novigrad]]''\n\n== Quests ==\n* [[Eine lebenswichtige Angelegenheit]]\n* [[Von Schwertern und Knödeln]]\n* [[Fleischliche Sünden]]\n\n[[Kategorie:Novigrad]]\n\n[[en:Harborside]]\n[[fr:Quais]]\n[[it:Porto]]\n[[pl:Doki]]""}}}]}]}}"
Handelsposten,"{{Infoboxorte3
| name = Handelsposten
| bild = tw3_baw_mutual_of_beauclair's_wild_kingdom_(1).jpg
| art = 
| erweiterung = bw
| lage = [[Sansretour-Tal]], nordöstlich des [[Coronata-Weingut]].
| region = [[Toussaint]]
| schnellreisen = y
| wetzstein = y
| werkbank = y
}}

{{schnellreisen}}
Der '''Handelsposten''' ist ein kleines Feldlager in der ''[[Blood and Wine]]'' Erweiterung. Als Geralt zum ersten mal dort vorbeikam, war er zuvor von einer fliegenden Bestie verwüstet worden. 

== Kartenbeschreibung ==
:''Jeder Kaufmann, der etwas auf sich hält, treibt in der Hauptstadt Toussaints zumindest ein wenig Handel, hört sich bei den ""Glöcknerinnen"" von Beauclair in Saint Sebastian die neuesten Gerüchte an und sieht im Hafen nach, ob die Dockarbeiter vielleicht ein, zwei Fässer ""verloren"" haben. Die wichtigen Geschäfte werden allerdings nicht in der Stadt abgewickelt, sondern in diesem nüchternen Händlerlager: einem Außenposten, der weit von der ewigen Wein- und Sangesseligkeit Beauclairs entfernt ist.''

== Quest ==
* [[Einvernehmlich in Beauclair]]

== Gegenstände ==
* In Richtung West-Nordwest trägt eine Leiche, die vom [[Große Weiße Schrecken|Großen Weißen Schrecken]] fallen gelassen wurde, den [[Auftrag der Böttcherzunft]] bei sich.

[[en:Trading Post]]
[[fr:Comptoir commercial]]
[[it:Emporio]]
[[pl:Faktoria Kupiecka]]
[[ru:Купеческая фактория]]","{'batchcomplete': True, 'query': {'pages': [{'pageid': 41488, 'ns': 0, 'title': 'Handelsposten', 'revisions': [{'slots': {'main': {'contentmodel': 'wikitext', 'contentformat': 'text/x-wiki', 'content': '{{Infoboxorte3\n| name = Handelsposten\n| bild = tw3_baw_mutual_of_beauclair\'s_wild_kingdom_(1).jpg\n| art = \n| erweiterung = bw\n| lage = [[Sansretour-Tal]], nordöstlich des [[Coronata-Weingut]].\n| region = [[Toussaint]]\n| schnellreisen = y\n| wetzstein = y\n| werkbank = y\n}}\n\n{{schnellreisen}}\nDer \'\'\'Handelsposten\'\'\' ist ein kleines Feldlager in der \'\'[[Blood and Wine]]\'\' Erweiterung. Als Geralt zum ersten mal dort vorbeikam, war er zuvor von einer fliegenden Bestie verwüstet worden. \n\n== Kartenbeschreibung ==\n:\'\'Jeder Kaufmann, der etwas auf sich hält, treibt in der Hauptstadt Toussaints zumindest ein wenig Handel, hört sich bei den ""Glöcknerinnen"" von Beauclair in Saint Sebastian die neuesten Gerüchte an und sieht im Hafen nach, ob die Dockarbeiter vielleicht ein, zwei Fässer ""verloren"" haben. Die wichtigen Geschäfte werden allerdings nicht in der Stadt abgewickelt, sondern in diesem nüchternen Händlerlager: einem Außenposten, der weit von der ewigen Wein- und Sangesseligkeit Beauclairs entfernt ist.\'\'\n\n== Quest ==\n* [[Einvernehmlich in Beauclair]]\n\n== Gegenstände ==\n* In Richtung West-Nordwest trägt eine Leiche, die vom [[Große Weiße Schrecken|Großen Weißen Schrecken]] fallen gelassen wurde, den [[Auftrag der Böttcherzunft]] bei sich.\n\n[[en:Trading Post]]\n[[fr:Comptoir commercial]]\n[[it:Emporio]]\n[[pl:Faktoria Kupiecka]]\n[[ru:Купеческая фактория]]'}}}]}]}}"
Harviken,"{{Infoboxorte3
| name = Harviken
| bild = tw3_harviken.jpg
| beschreibung =
| art = [[:Kategorie:Dörfer‎|Dorf]]
| lage = West-[[Faroe]]
| region = [[Skellige]]
| schnellreisen = Ja
| waffenschmied = Waffenschmied (Harviken)
| tavernenwirt = Tavernenwirt (Harviken)
| rüstungsschmied = Rüstungsschmied (Harviken)
| laden = Kaufmann (Harviken)
| wetzstein = Ja
}}
 {{schnellreisen}}

== Kartenbeschreibung ==
:''Heimatsitz des Clan Dimun. Hier verteilt Holger Schwarzhand nach erfolgreichen Plünderfahrten die Beute.''

== Quests ==
* [[Fliegende Fäuste: Skellige]]
* [[Eiserne Jungfrau]]
* [[Der Preis der Ehre]]

[[en:Harviken]]
[[fr:Harviken]]
[[it:Harviken]]
[[pl:Wieś Harviken]]
[[ru:Деревня Харвикен]]","{'batchcomplete': True, 'query': {'pages': [{'pageid': 41023, 'ns': 0, 'title': 'Harviken', 'revisions': [{'slots': {'main': {'contentmodel': 'wikitext', 'contentformat': 'text/x-wiki', 'content': ""{{Infoboxorte3\n| name = Harviken\n| bild = tw3_harviken.jpg\n| beschreibung =\n| art = [[:Kategorie:Dörfer\u200e|Dorf]]\n| lage = West-[[Faroe]]\n| region = [[Skellige]]\n| schnellreisen = Ja\n| waffenschmied = Waffenschmied (Harviken)\n| tavernenwirt = Tavernenwirt (Harviken)\n| rüstungsschmied = Rüstungsschmied (Harviken)\n| laden = Kaufmann (Harviken)\n| wetzstein = Ja\n}}\n {{schnellreisen}}\n\n== Kartenbeschreibung ==\n:''Heimatsitz des Clan Dimun. Hier verteilt Holger Schwarzhand nach erfolgreichen Plünderfahrten die Beute.''\n\n== Quests ==\n* [[Fliegende Fäuste: Skellige]]\n* [[Eiserne Jungfrau]]\n* [[Der Preis der Ehre]]\n\n[[en:Harviken]]\n[[fr:Harviken]]\n[[it:Harviken]]\n[[pl:Wieś Harviken]]\n[[ru:Деревня Харвикен]]""}}}]}]}}"
Haus_der_Erholung,"{{Infoboxorte3
| name = Haus der Erholung
| bild = Tw3_house_of_respite_compound.jpg
| beschriftung = 
| art = schnellreisepunkt
| schnellreisen = j
| lage = nordwestlich des [[Lager der Zentralarmee von Nilfgaard|Lagers der Zentralarmee von Nilfgaard]]
| region = [[Velen]]
}}
{{schnellreisen}}

Das '''Haus der Erholung''' ist ein Ort in ''{{tw3}}'' mit einem Schnellreisepunkt in [[Velen]]. Es dient als Offiziersclub für die Zentralarmee von Nilfgaard, die in der Nähe ihr Lager hat. Der Schnellreisepunkt vor dem Tor des umzäunten Gebäudes besagt:

:''Offiziersclub<br>Exklusiv für aktive Soldaten der höheren Ränge.<br>Volle Regimentsuniform zwingend notwendig.''

Das bedeutet, dass sich [[Geralt]] in eine nilfgaardische Gewandung werfen muss (bspw. die von der ersten Audienz mit [[Emhyr var Emreis]]), um Zutritt auf das Geländer zu erlangen. Dort gibt es auf einem Wagen einige Truhen mit Beute, mehr ist hier nicht zu holen oder zu tun.

== Kartenbeschreibung ==
:''Das Motto des Hauses der Erholung: ""Der Soldat lebt nicht vom Krieg allein."" Dies ist jedoch leicht irreführend, denn der Club wird nicht von allen Soldaten, sondern nur von nilfgaardischen Offizieren frequentiert - und solchen, denen es gelingt, sich für welche auszugeben.''

== Lage auf der Karte ==
[[Datei:Witcher 3 House of Respite.jpg|400px]]

[[en:House of Respite]]
[[fr:Maison du répit]]
[[it:Casa del ristoro]]
[[pl:Dom Gościnny]]
[[ru:Гостиный дом]]","{'batchcomplete': True, 'query': {'normalized': [{'fromencoded': False, 'from': 'Haus_der_Erholung', 'to': 'Haus der Erholung'}], 'pages': [{'pageid': 31651, 'ns': 0, 'title': 'Haus der Erholung', 'revisions': [{'slots': {'main': {'contentmodel': 'wikitext', 'contentformat': 'text/x-wiki', 'content': '{{Infoboxorte3\n| name = Haus der Erholung\n| bild = Tw3_house_of_respite_compound.jpg\n| beschriftung = \n| art = schnellreisepunkt\n| schnellreisen = j\n| lage = nordwestlich des [[Lager der Zentralarmee von Nilfgaard|Lagers der Zentralarmee von Nilfgaard]]\n| region = [[Velen]]\n}}\n{{schnellreisen}}\n\nDas \'\'\'Haus der Erholung\'\'\' ist ein Ort in \'\'{{tw3}}\'\' mit einem Schnellreisepunkt in [[Velen]]. Es dient als Offiziersclub für die Zentralarmee von Nilfgaard, die in der Nähe ihr Lager hat. Der Schnellreisepunkt vor dem Tor des umzäunten Gebäudes besagt:\n\n:\'\'Offiziersclub<br>Exklusiv für aktive Soldaten der höheren Ränge.<br>Volle Regimentsuniform zwingend notwendig.\'\'\n\nDas bedeutet, dass sich [[Geralt]] in eine nilfgaardische Gewandung werfen muss (bspw. die von der ersten Audienz mit [[Emhyr var Emreis]]), um Zutritt auf das Geländer zu erlangen. Dort gibt es auf einem Wagen einige Truhen mit Beute, mehr ist hier nicht zu holen oder zu tun.\n\n== Kartenbeschreibung ==\n:\'\'Das Motto des Hauses der Erholung: ""Der Soldat lebt nicht vom Krieg allein."" Dies ist jedoch leicht irreführend, denn der Club wird nicht von allen Soldaten, sondern nur von nilfgaardischen Offizieren frequentiert - und solchen, denen es gelingt, sich für welche auszugeben.\'\'\n\n== Lage auf der Karte ==\n[[Datei:Witcher 3 House of Respite.jpg|400px]]\n\n[[en:House of Respite]]\n[[fr:Maison du répit]]\n[[it:Casa del ristoro]]\n[[pl:Dom Gościnny]]\n[[ru:Гостиный дом]]'}}}]}]}}"
Hauteville,"{{Infoboxorte3
| name = Hauteville
| bild = tw3_baw_hauteville.jpg
| art = Stadtteil
| erweiterung = bw
| lage = [[Beauclair]]
| region = [[Toussaint]]
}}

'''Hauteville''' (wörtlich übersetzt ""Oberstadt"") ist ein Stadtteil von [[Beauclair]].

Dieses ummauerte Viertel bildet den größten und wohlhabendsten Teil von Toussaints Hauptstadt. Es gibt dort vier Tore, vier Plätze, zwei Friedhöfe, zwei Tavernen, eine Botschaft und eine Bank. Der Name ist passend, da sich das Viertel auf einer Hochfläche über Seidhe Llygad befindet.

Hauteville beherbergt außerdem mehrere Künstler, Händler, einen Meister-Rüstungsschmied, einen Kräuterkundigen, einen Meister-Schmied und den einzigen Großmeister-Rüstungsschmied. Das Interessanteste aus touristischer Sicht ist die [[Reginald-Statuette|Statue von Reginald d'Aubry]], die vom Kunstkurator verwaltet wird.

== Wichtige Personen ==
* [[Lafargue|Lazare Lafargue]], Großmeister-Rüstungsschmied und Schmied.
* [[Trentin]], Meister-Schmied.
* [[Rüstungsschmied (Hauteville)|Rüstungsschmied]], Meister-Rüstungsschmied und [[Gwint]]-Spieler.

== Interessante Orte ==
* [[Fasanerie]], im Westen.
* [[Dulevant-Tor]], im Osten.
* [[Fassbindertor]], im Norden.
* [[Tempelfriedhof]]
* [[Orlémurs-Friedhof]]

Plätze:
* [[Epona-Platz]], im Südwesten.
* [[Ritterruh-Platz]], im Nordwesten.
* [[Lolivier-Platz]], im Osten.

Schnellreisepunkte:
* [[Metinnator]], im Südwesten.
* [[Majoranstor]], im Süden.
* [[Nilfgaardische Botschaft]], im Südwesten.
* [[Le Gran'place]]

[[Kategorie:Beauclair]]

[[en:Hauteville]]
[[fr:Ville Haute]]
[[it:Hauteville]]
[[pl:Górne Miasto]]","{'batchcomplete': True, 'query': {'pages': [{'pageid': 41026, 'ns': 0, 'title': 'Hauteville', 'revisions': [{'slots': {'main': {'contentmodel': 'wikitext', 'contentformat': 'text/x-wiki', 'content': '{{Infoboxorte3\n| name = Hauteville\n| bild = tw3_baw_hauteville.jpg\n| art = Stadtteil\n| erweiterung = bw\n| lage = [[Beauclair]]\n| region = [[Toussaint]]\n}}\n\n\'\'\'Hauteville\'\'\' (wörtlich übersetzt ""Oberstadt"") ist ein Stadtteil von [[Beauclair]].\n\nDieses ummauerte Viertel bildet den größten und wohlhabendsten Teil von Toussaints Hauptstadt. Es gibt dort vier Tore, vier Plätze, zwei Friedhöfe, zwei Tavernen, eine Botschaft und eine Bank. Der Name ist passend, da sich das Viertel auf einer Hochfläche über Seidhe Llygad befindet.\n\nHauteville beherbergt außerdem mehrere Künstler, Händler, einen Meister-Rüstungsschmied, einen Kräuterkundigen, einen Meister-Schmied und den einzigen Großmeister-Rüstungsschmied. Das Interessanteste aus touristischer Sicht ist die [[Reginald-Statuette|Statue von Reginald d\'Aubry]], die vom Kunstkurator verwaltet wird.\n\n== Wichtige Personen ==\n* [[Lafargue|Lazare Lafargue]], Großmeister-Rüstungsschmied und Schmied.\n* [[Trentin]], Meister-Schmied.\n* [[Rüstungsschmied (Hauteville)|Rüstungsschmied]], Meister-Rüstungsschmied und [[Gwint]]-Spieler.\n\n== Interessante Orte ==\n* [[Fasanerie]], im Westen.\n* [[Dulevant-Tor]], im Osten.\n* [[Fassbindertor]], im Norden.\n* [[Tempelfriedhof]]\n* [[Orlémurs-Friedhof]]\n\nPlätze:\n* [[Epona-Platz]], im Südwesten.\n* [[Ritterruh-Platz]], im Nordwesten.\n* [[Lolivier-Platz]], im Osten.\n\nSchnellreisepunkte:\n* [[Metinnator]], im Südwesten.\n* [[Majoranstor]], im Süden.\n* [[Nilfgaardische Botschaft]], im Südwesten.\n* [[Le Gran\'place]]\n\n[[Kategorie:Beauclair]]\n\n[[en:Hauteville]]\n[[fr:Ville Haute]]\n[[it:Hauteville]]\n[[pl:Górne Miasto]]'}}}]}]}}"
Heddel,"{{Infoboxorte3
| name = Heddel
| bild = tw3_heddel.jpg
| beschreibung =
| art = Dorf
| lage = ost-südöstlich von [[Est Tayiar]]
| region = [[Sturmfelder]]
| kräuterhändler = Kräuterhändler (Heddel)
| erweiterung = hos
}}
{{Verlassene Stätte}} {{schnellreisen}}

'''Heddel''' ist eine verlassene Ortschaft in den [[Sturmfelder]]n, einer Region in [[Redanien]] unweit von [[Novigrad]]. Es ist anfangs von [[Arachnomorph]]en besetzt - wenn [[Geralt]] diese vernichtet, bringt ihm das 150 {{exp}} und 50 {{kronen}} ein.

== Kartenbeschreibung ==
:''Das Dorf Heddel war einst vor allem für die dort hergestellte Spitzenunterwäsche bekannt. Die Wäsche aus Heddel erregte die Gemüter jedoch dermaßen, dass der Hierarch von Novigrad persönlich ihre Produktion verbieten ließ.''

[[en:Heddel]]
[[fr:Heddel]]
[[it:Heddel]]
[[pl:Wieś Heddel]]
[[ru:Деревня Хеддель]]","{'batchcomplete': True, 'query': {'pages': [{'pageid': 41029, 'ns': 0, 'title': 'Heddel', 'revisions': [{'slots': {'main': {'contentmodel': 'wikitext', 'contentformat': 'text/x-wiki', 'content': ""{{Infoboxorte3\n| name = Heddel\n| bild = tw3_heddel.jpg\n| beschreibung =\n| art = Dorf\n| lage = ost-südöstlich von [[Est Tayiar]]\n| region = [[Sturmfelder]]\n| kräuterhändler = Kräuterhändler (Heddel)\n| erweiterung = hos\n}}\n{{Verlassene Stätte}} {{schnellreisen}}\n\n'''Heddel''' ist eine verlassene Ortschaft in den [[Sturmfelder]]n, einer Region in [[Redanien]] unweit von [[Novigrad]]. Es ist anfangs von [[Arachnomorph]]en besetzt - wenn [[Geralt]] diese vernichtet, bringt ihm das 150 {{exp}} und 50 {{kronen}} ein.\n\n== Kartenbeschreibung ==\n:''Das Dorf Heddel war einst vor allem für die dort hergestellte Spitzenunterwäsche bekannt. Die Wäsche aus Heddel erregte die Gemüter jedoch dermaßen, dass der Hierarch von Novigrad persönlich ihre Produktion verbieten ließ.''\n\n[[en:Heddel]]\n[[fr:Heddel]]\n[[it:Heddel]]\n[[pl:Wieś Heddel]]\n[[ru:Деревня Хеддель]]""}}}]}]}}"
Heidfelde,"{{Infoboxorte3
| name	= Heidfelde
| bild = Tw3-heatherton-01.png
| beschriftung = 
| art =  [[:Kategorie:Dörfer|Dorf]]
| lage = westlich der [[Taverne am Scheideweg]]
| region   = [[Velen]]
| schnellreisen = j
}}
{{schnellreisen}}
'''Heidfelde''' ist ein verlassenes Dorf im [[Velen|Niemandsland]] von ''[[The Witcher 3: Wild Hunt]]'', das von der [[Wilde Jagd (Horde)|Wilden Jagd]] heimgesucht und verwüstet wurde. Alles, was von Heidfelde übrig blieb, sind leere Hütten, ein paar [[Hund#The Witcher 3: Wild Hunt|tollwütige Hunde]] und ein einsamer Überlebender.

Westlich von Heidfeld befindet sich eine [[Einsame Hütte (Velen)|einsame Hütte]].

== Kartenbeschreibung ==
:''Die Einwohner dieses Dorfs waren erleichtert, als sie erfuhren, dass die Marschroute der Armeen sich leicht verschoben hatte und ihr Dorf nun doch nicht berührte. Bis die Truppen eines Abends ihre Meinung änderten.''

== Bewohner ==
* [[Hendrik]] (verstorben)
* [[Überlebender]]

== Quests ==
* [[Die nilfgaardische Verbindung]]

==Video==
{{#ev:youtube|ggF8tQaNqII|480}}

==Randnotizen==
Es ist anzunehmen, dass Heidfelde in einer Vorfassung von ""The Witcher 3"" einmal das Dorf [[Dalvik]] gewesen ist. Es gibt einige Übereinstimmungen, wie die Heimsuchung durch die Wilde Jagd sowie einen einzigen Überlebenden (s.a. [https://www.reddit.com/r/witcher/comments/4jgc9t/want_to_definitively_know_what_happens_to/ Analyse eines Reddit-Nutzers] zu den verworfenen Dialogen im Trailer).

[[en:Heatherton]]
[[fr:Bourg-la-Lande]]
[[it:Heatherton]]
[[pl:Wieś Wrzosowa]]
[[pt-br:Heatherton]]
[[ru:Деревня Вересковка]]","{'batchcomplete': True, 'query': {'pages': [{'pageid': 31920, 'ns': 0, 'title': 'Heidfelde', 'revisions': [{'slots': {'main': {'contentmodel': 'wikitext', 'contentformat': 'text/x-wiki', 'content': '{{Infoboxorte3\n| name\t= Heidfelde\n| bild = Tw3-heatherton-01.png\n| beschriftung = \n| art =  [[:Kategorie:Dörfer|Dorf]]\n| lage = westlich der [[Taverne am Scheideweg]]\n| region   = [[Velen]]\n| schnellreisen = j\n}}\n{{schnellreisen}}\n\'\'\'Heidfelde\'\'\' ist ein verlassenes Dorf im [[Velen|Niemandsland]] von \'\'[[The Witcher 3: Wild Hunt]]\'\', das von der [[Wilde Jagd (Horde)|Wilden Jagd]] heimgesucht und verwüstet wurde. Alles, was von Heidfelde übrig blieb, sind leere Hütten, ein paar [[Hund#The Witcher 3: Wild Hunt|tollwütige Hunde]] und ein einsamer Überlebender.\n\nWestlich von Heidfeld befindet sich eine [[Einsame Hütte (Velen)|einsame Hütte]].\n\n== Kartenbeschreibung ==\n:\'\'Die Einwohner dieses Dorfs waren erleichtert, als sie erfuhren, dass die Marschroute der Armeen sich leicht verschoben hatte und ihr Dorf nun doch nicht berührte. Bis die Truppen eines Abends ihre Meinung änderten.\'\'\n\n== Bewohner ==\n* [[Hendrik]] (verstorben)\n* [[Überlebender]]\n\n== Quests ==\n* [[Die nilfgaardische Verbindung]]\n\n==Video==\n{{#ev:youtube|ggF8tQaNqII|480}}\n\n==Randnotizen==\nEs ist anzunehmen, dass Heidfelde in einer Vorfassung von ""The Witcher 3"" einmal das Dorf [[Dalvik]] gewesen ist. Es gibt einige Übereinstimmungen, wie die Heimsuchung durch die Wilde Jagd sowie einen einzigen Überlebenden (s.a. [https://www.reddit.com/r/witcher/comments/4jgc9t/want_to_definitively_know_what_happens_to/ Analyse eines Reddit-Nutzers] zu den verworfenen Dialogen im Trailer).\n\n[[en:Heatherton]]\n[[fr:Bourg-la-Lande]]\n[[it:Heatherton]]\n[[pl:Wieś Wrzosowa]]\n[[pt-br:Heatherton]]\n[[ru:Деревня Вересковка]]'}}}]}]}}"
Hen_Gaidh,Error: 'revisions',
Henris-Gras-Platz,"{{Infoboxorte3
| name = Henris-Gras-Platz
| bild = tw3_baw_henris_gras_square.jpg
| art = Platz
| erweiterung = bw
| lage = Nord-östlich des [[Tempelfriedhof]]s.
| region = [[Toussaint]]
}}

Der '''Henris-Gras-Platz''' ist ein kleiner Platz im östlichen Teil von [[Hauteville]] in der Erweiterung ''[[Blood and Wine]]''.

Wenn man vom [[Metinnator]] kommt führt einen die ''Scharlatan-Allee'' zu diesem Platz.

== Quest ==
* [[Wilder Wolf]]

[[en:Henris Gras Square]]
[[fr:Place Henri le Gros]]
[[it:Piazza Henris Gras]]
[[pl:Plac Henryka III Tłustego]]","{'batchcomplete': True, 'query': {'pages': [{'pageid': 41035, 'ns': 0, 'title': 'Henris-Gras-Platz', 'revisions': [{'slots': {'main': {'contentmodel': 'wikitext', 'contentformat': 'text/x-wiki', 'content': ""{{Infoboxorte3\n| name = Henris-Gras-Platz\n| bild = tw3_baw_henris_gras_square.jpg\n| art = Platz\n| erweiterung = bw\n| lage = Nord-östlich des [[Tempelfriedhof]]s.\n| region = [[Toussaint]]\n}}\n\nDer '''Henris-Gras-Platz''' ist ein kleiner Platz im östlichen Teil von [[Hauteville]] in der Erweiterung ''[[Blood and Wine]]''.\n\nWenn man vom [[Metinnator]] kommt führt einen die ''Scharlatan-Allee'' zu diesem Platz.\n\n== Quest ==\n* [[Wilder Wolf]]\n\n[[en:Henris Gras Square]]\n[[fr:Place Henri le Gros]]\n[[it:Piazza Henris Gras]]\n[[pl:Plac Henryka III Tłustego]]""}}}]}]}}"
Herberge_Zur_Roten_Rute,"{{übersetzen}}
{{stub}}
{{Infoboxorte3
| name = Herberge Zur Roten Rute
| bild = tw3_baw_the_ruddy_brush_auberge.jpg
| art = [[:Kategorie:Gasthäuser und Kneipen|Taverne]]
| erweiterung = bw
| lage = [[Fuchstal]]
| region = [[Toussaint]]
| tavernenwirt = Tavernenwirtin (Herberge Zur Roten Rute)
| schnellreisen = y
}}
:[[Datei:Tw3 bw sign the ruddy brush auberge.png|200px|Herberge Zur Roten Rute]]

{{schnellreisen}}

== Gegenstände ==
* [[Der Bürgerkrieg in Toussaint]]
* [[Adelsgeschlechter Toussaints: Band LVII]]
* [[Kompendium der Basiliskenjagd]]
* [[Längst vergessene Spezies: Protoflatterer]]

[[Kategorie:Gasthäuser und Kneipen]]

[[en:The Ruddy Brush Auberge]]
[[fr:Aubergerie de la Robe ardente]]
[[it:Albergo della Coda arruffata]]
[[pl:Oberża ""Ruda Kita""]]
[[ru:Трактир «Песий хвост»]]","{'batchcomplete': True, 'query': {'normalized': [{'fromencoded': False, 'from': 'Herberge_Zur_Roten_Rute', 'to': 'Herberge Zur Roten Rute'}], 'pages': [{'pageid': 41461, 'ns': 0, 'title': 'Herberge Zur Roten Rute', 'revisions': [{'slots': {'main': {'contentmodel': 'wikitext', 'contentformat': 'text/x-wiki', 'content': '{{übersetzen}}\n{{stub}}\n{{Infoboxorte3\n| name = Herberge Zur Roten Rute\n| bild = tw3_baw_the_ruddy_brush_auberge.jpg\n| art = [[:Kategorie:Gasthäuser und Kneipen|Taverne]]\n| erweiterung = bw\n| lage = [[Fuchstal]]\n| region = [[Toussaint]]\n| tavernenwirt = Tavernenwirtin (Herberge Zur Roten Rute)\n| schnellreisen = y\n}}\n:[[Datei:Tw3 bw sign the ruddy brush auberge.png|200px|Herberge Zur Roten Rute]]\n\n{{schnellreisen}}\n\n== Gegenstände ==\n* [[Der Bürgerkrieg in Toussaint]]\n* [[Adelsgeschlechter Toussaints: Band LVII]]\n* [[Kompendium der Basiliskenjagd]]\n* [[Längst vergessene Spezies: Protoflatterer]]\n\n[[Kategorie:Gasthäuser und Kneipen]]\n\n[[en:The Ruddy Brush Auberge]]\n[[fr:Aubergerie de la Robe ardente]]\n[[it:Albergo della Coda arruffata]]\n[[pl:Oberża ""Ruda Kita""]]\n[[ru:Трактир «Песий хвост»]]'}}}]}]}}"
Herzoglicher_Kaemmerer_(Gebaeude),Error: 'revisions',
Herzogskrypta,"{{Infoboxorte3
| name = Herzogskrypta
| bild = tw3_bw_ducal_crypt.jpg
| beschreibung = Geralt erweist der Herzogin die letzte Ehre.
| art = Crypt
| erweiterung = bw
| lage = [[Tempelfriedhof]], [[Beauclair]]
| region = [[Toussaint]]
}}
Die '''Herzogskrypta''' ist der Ort, an dem die Mitglieder der herzoglichen Familie zur Ruhe gebettet werden.

== Quest ==
* [[Pomp und seltsame Umstände]]

== Galerie ==
<gallery widths=""250px"">
Tw3 bw anariettas grave.jpg|Die letzte Ruhestätte der Herzogin.
</gallery>

[[en:Ducal Crypt]]
[[fr:Crypte ducale]]
[[it:Cripta ducale]]
[[pl:Krypta książęca]]","{'batchcomplete': True, 'query': {'pages': [{'pageid': 40864, 'ns': 0, 'title': 'Herzogskrypta', 'revisions': [{'slots': {'main': {'contentmodel': 'wikitext', 'contentformat': 'text/x-wiki', 'content': '{{Infoboxorte3\n| name = Herzogskrypta\n| bild = tw3_bw_ducal_crypt.jpg\n| beschreibung = Geralt erweist der Herzogin die letzte Ehre.\n| art = Crypt\n| erweiterung = bw\n| lage = [[Tempelfriedhof]], [[Beauclair]]\n| region = [[Toussaint]]\n}}\nDie \'\'\'Herzogskrypta\'\'\' ist der Ort, an dem die Mitglieder der herzoglichen Familie zur Ruhe gebettet werden.\n\n== Quest ==\n* [[Pomp und seltsame Umstände]]\n\n== Galerie ==\n<gallery widths=""250px"">\nTw3 bw anariettas grave.jpg|Die letzte Ruhestätte der Herzogin.\n</gallery>\n\n[[en:Ducal Crypt]]\n[[fr:Crypte ducale]]\n[[it:Cripta ducale]]\n[[pl:Krypta książęca]]'}}}]}]}}"
Hindarsfjall,"[[Datei:Icon Island.png|link=:Kategorie:Inseln|Inseln]]
{{Infoboxortebuch
| name         = Hindarsfjall
| bild         = Tw3 map Hindarsfjall.jpg
| beschriftung = Kartenausschnitt aus ''The Witcher 3''
| size         =
| bild2        = 
| beschriftung2= 
| size2        =
| bild3        = 
| beschriftung3= 
| size3        =
| art          = [[:Kategorie:Inseln|Insel]]
| lage         = östlich von [[Ard Skellig]]
| region       = [[Skellige]]
| vorkommen    = <div style=""font-size:1px;"">&nbsp;</div>
* Bücher:
**[[Der Schwalbenturm]]
*Computerspiele
** [[The Witcher 3: Wild Hunt]]
| vorkommenklein=n
}}
'''Hindarsfjall''' ist eine der Inseln der [[Skellige|Skellige-Inseln]] im [[Nördliches Meer|nördlichen Meer]]. Auf dieser Insel befindet sind der Heilige Hain [[Hindar]] und ein [[Freya|Tempel der Freya]]. Die Priesterin [[Sigrdrifa]] leitet den Tempel.


Hindarsfjall ist ein Handlungsort in ""[[Der Schwalbenturm]]"" (""Wieża Jaskółki"").

==In den Büchern==
Als [[Ciri]] nach dem [[Thanedd-Aufstand]] spurlos verschwand, machte sich [[Yennefer]] auf die Suche nach ihr. Zusammen mit [[Crach an Craite]] besuchte sie den Tempel der Freya, um mit den Priesterinnen zu sprechen und um ihre Unterstützung zu bitten.

==In {{tw3}}==
[[Ciri]] teleportiert sich mit [[Avallac'h]] während ihrer Flucht vor der [[Wilde Jagd|Wilden Jagd]] auf die Insel. Der Elf übergibt sie einem Insulaner, da das Mädchen verletzt und schwer erschöpft ist. Er selbst flüchtet weiter und will sie später am Felsen am Strand wiedertreffen. Im Haus des jungen Mannes, sein Name ist [[Skjall]], wird Ciri gepflegt und nach ihrem Erwachen mit in die Dorfsaune zur Erholung genommen. Das Mädchen kommt schnell wieder zu Kräften, doch bevor sie das Dorf verlassen kann, findet sie die Wilde Jagd und beginnt, die Dörfler abzuschlachten. Ciri schafft es mit Skjalls Hilfe auf Pferden zu fliehen und sich mit Avallac'h wie ausgemacht am Strand zu treffen. Skjall lenkt die Kavalkade ab, Ciri kann entkommen, doch er selbst wird niedergeschlagen.

Einige Zeit später besuchen Yennefer und [[Geralt]] auf ihrer Suche nach Ciri Hindarsfjall. Sie erfahren, dass das Mädchen hier gewesen ist; ebenso, dass Skjall ihr geholfen hat, jedoch nach dem Überfall auf das Dorf in die Heiligen Gärten ging, um das Monster [[Morkvarg]] zu töten und dabei umkam. Geralt findet den Körper des jungen Mannes und Yennefer vollzieht [[Nekromantie]] an ihm, um Informationen über Ciris Verbleib von dem Toten zu erlangen. Sie haben Erfolg, doch der magieintensive Vorgang entzieht dem Garten alle Energie, sodass er verwelkt. Die Priesterinnen verfluchen daraufhin Yennefer, dass niemand auf Skellige ihr Schutz, Speise oder Hilfe gewähren darf. 

===Karten-Beschreibung===
:''Die kleinste der Skellige-Inseln ist auch der Ursprung der Inselkultur. Skelliger halten sich für direkte Nachfahren von [[Otkell]], jenes sagenhaften Helden, der als erster auf den Inseln den Kult der [[Freya]] praktizierte. Er errichtete zu Ehren der Göttin einen wunderschönen Tempel auf Hindarsfjall, der leider seit einigen Jahren aufgrund des Diebstahlrisikos des berühmten Diamanten [[Brisingamen]], der die Göttinnenstatue ziert, für Besucher geschlossen ist. Otkell ließ außerdem beim Tempel einen herrlichen Garten anlegen, welcher nach Absprache mit der Mutter Oberin der Priesterinnen besucht werden kann.<br><br>Eine tolle Option für Besucher Hindarsfjalls ist das Ausflugspaket, das von der Kongregation der Freya-Gläubigen in [[Kovir und Poviss|Poviss]] angeboten wird. Dank eines langjährigen Vertrags mit den Inselpriesterinnen sind Ausflüge zu allen Sehenswürdigkeiten der Region unschlagbar günstig verfügbar. Diese Möglichkeit eignet sich ganz besonders für Familien mit Kindern sowie für Senioren.<br>-- [[Einsame-Welt-Reiseführer: Hindarsfjall]]''

=== Schnellreisepunkte ===
* [[Freyas Garten]]
* [[Abgelegene Hütte]]
* [[Larvik]]
* [[Lofoten]]
* [[Friedhof von Lofoten]]
* [[Lurthen]]

=== Orte ===
* [[Felsen der Ertrunkenen]]

=== Quests ===
* [[Als Mädchen gefangen]]
* [[Auftrag: Morkvarg]]
* [[Auftrag: Seltsame Bestie]]
* [[Die Ruhe vor dem Sturm]]
* [[Für Ruhm und Ehre]]
* [[Im Wolfspelz]]
* [[Vermisste]]

==Randnotizen==
* Es ist davon auszugehen, dass der Heilige Hain ""[[Hindar]]"" in den Büchern ""Freyas Garten"" im Computerspiel ''The Witcher 3'' entspricht.

[[Kategorie:Inseln]]
[[Kategorie:Romane Orte]]
[[Kategorie:The Witcher 3 Orte]]

[[ar:هيندرسفيال]]
[[en:Hindarsfjall]]
[[es:Hindarsfjall]]
[[fr:Hindarsfjall]]
[[it:Hindarsfjall]]
[[pl:Hindarsfjall]]
[[pt-br:Hindarsfjall]]
[[ru:Хиндарсфьялл]]
[[sk:Hindarsfjall]]
[[uk:Гіндарсф’яль]]","{'batchcomplete': True, 'query': {'pages': [{'pageid': 4078, 'ns': 0, 'title': 'Hindarsfjall', 'revisions': [{'slots': {'main': {'contentmodel': 'wikitext', 'contentformat': 'text/x-wiki', 'content': '[[Datei:Icon Island.png|link=:Kategorie:Inseln|Inseln]]\n{{Infoboxortebuch\n| name         = Hindarsfjall\n| bild         = Tw3 map Hindarsfjall.jpg\n| beschriftung = Kartenausschnitt aus \'\'The Witcher 3\'\'\n| size         =\n| bild2        = \n| beschriftung2= \n| size2        =\n| bild3        = \n| beschriftung3= \n| size3        =\n| art          = [[:Kategorie:Inseln|Insel]]\n| lage         = östlich von [[Ard Skellig]]\n| region       = [[Skellige]]\n| vorkommen    = <div style=""font-size:1px;"">&nbsp;</div>\n* Bücher:\n**[[Der Schwalbenturm]]\n*Computerspiele\n** [[The Witcher 3: Wild Hunt]]\n| vorkommenklein=n\n}}\n\'\'\'Hindarsfjall\'\'\' ist eine der Inseln der [[Skellige|Skellige-Inseln]] im [[Nördliches Meer|nördlichen Meer]]. Auf dieser Insel befindet sind der Heilige Hain [[Hindar]] und ein [[Freya|Tempel der Freya]]. Die Priesterin [[Sigrdrifa]] leitet den Tempel.\n\n\nHindarsfjall ist ein Handlungsort in ""[[Der Schwalbenturm]]"" (""Wieża Jaskółki"").\n\n==In den Büchern==\nAls [[Ciri]] nach dem [[Thanedd-Aufstand]] spurlos verschwand, machte sich [[Yennefer]] auf die Suche nach ihr. Zusammen mit [[Crach an Craite]] besuchte sie den Tempel der Freya, um mit den Priesterinnen zu sprechen und um ihre Unterstützung zu bitten.\n\n==In {{tw3}}==\n[[Ciri]] teleportiert sich mit [[Avallac\'h]] während ihrer Flucht vor der [[Wilde Jagd|Wilden Jagd]] auf die Insel. Der Elf übergibt sie einem Insulaner, da das Mädchen verletzt und schwer erschöpft ist. Er selbst flüchtet weiter und will sie später am Felsen am Strand wiedertreffen. Im Haus des jungen Mannes, sein Name ist [[Skjall]], wird Ciri gepflegt und nach ihrem Erwachen mit in die Dorfsaune zur Erholung genommen. Das Mädchen kommt schnell wieder zu Kräften, doch bevor sie das Dorf verlassen kann, findet sie die Wilde Jagd und beginnt, die Dörfler abzuschlachten. Ciri schafft es mit Skjalls Hilfe auf Pferden zu fliehen und sich mit Avallac\'h wie ausgemacht am Strand zu treffen. Skjall lenkt die Kavalkade ab, Ciri kann entkommen, doch er selbst wird niedergeschlagen.\n\nEinige Zeit später besuchen Yennefer und [[Geralt]] auf ihrer Suche nach Ciri Hindarsfjall. Sie erfahren, dass das Mädchen hier gewesen ist; ebenso, dass Skjall ihr geholfen hat, jedoch nach dem Überfall auf das Dorf in die Heiligen Gärten ging, um das Monster [[Morkvarg]] zu töten und dabei umkam. Geralt findet den Körper des jungen Mannes und Yennefer vollzieht [[Nekromantie]] an ihm, um Informationen über Ciris Verbleib von dem Toten zu erlangen. Sie haben Erfolg, doch der magieintensive Vorgang entzieht dem Garten alle Energie, sodass er verwelkt. Die Priesterinnen verfluchen daraufhin Yennefer, dass niemand auf Skellige ihr Schutz, Speise oder Hilfe gewähren darf. \n\n===Karten-Beschreibung===\n:\'\'Die kleinste der Skellige-Inseln ist auch der Ursprung der Inselkultur. Skelliger halten sich für direkte Nachfahren von [[Otkell]], jenes sagenhaften Helden, der als erster auf den Inseln den Kult der [[Freya]] praktizierte. Er errichtete zu Ehren der Göttin einen wunderschönen Tempel auf Hindarsfjall, der leider seit einigen Jahren aufgrund des Diebstahlrisikos des berühmten Diamanten [[Brisingamen]], der die Göttinnenstatue ziert, für Besucher geschlossen ist. Otkell ließ außerdem beim Tempel einen herrlichen Garten anlegen, welcher nach Absprache mit der Mutter Oberin der Priesterinnen besucht werden kann.<br><br>Eine tolle Option für Besucher Hindarsfjalls ist das Ausflugspaket, das von der Kongregation der Freya-Gläubigen in [[Kovir und Poviss|Poviss]] angeboten wird. Dank eines langjährigen Vertrags mit den Inselpriesterinnen sind Ausflüge zu allen Sehenswürdigkeiten der Region unschlagbar günstig verfügbar. Diese Möglichkeit eignet sich ganz besonders für Familien mit Kindern sowie für Senioren.<br>-- [[Einsame-Welt-Reiseführer: Hindarsfjall]]\'\'\n\n=== Schnellreisepunkte ===\n* [[Freyas Garten]]\n* [[Abgelegene Hütte]]\n* [[Larvik]]\n* [[Lofoten]]\n* [[Friedhof von Lofoten]]\n* [[Lurthen]]\n\n=== Orte ===\n* [[Felsen der Ertrunkenen]]\n\n=== Quests ===\n* [[Als Mädchen gefangen]]\n* [[Auftrag: Morkvarg]]\n* [[Auftrag: Seltsame Bestie]]\n* [[Die Ruhe vor dem Sturm]]\n* [[Für Ruhm und Ehre]]\n* [[Im Wolfspelz]]\n* [[Vermisste]]\n\n==Randnotizen==\n* Es ist davon auszugehen, dass der Heilige Hain ""[[Hindar]]"" in den Büchern ""Freyas Garten"" im Computerspiel \'\'The Witcher 3\'\' entspricht.\n\n[[Kategorie:Inseln]]\n[[Kategorie:Romane Orte]]\n[[Kategorie:The Witcher 3 Orte]]\n\n[[ar:هيندرسفيال]]\n[[en:Hindarsfjall]]\n[[es:Hindarsfjall]]\n[[fr:Hindarsfjall]]\n[[it:Hindarsfjall]]\n[[pl:Hindarsfjall]]\n[[pt-br:Hindarsfjall]]\n[[ru:Хиндарсфьялл]]\n[[sk:Hindarsfjall]]\n[[uk:Гіндарсф’яль]]'}}}]}]}}"
Hindwacht,"{{Infoboxorte3
| name = Hindwacht
| bild = tw3_hindhold.jpg
| beschreibung =
| art = [[:Kategorie:Dörfer‎|Dorf]]
| lage = Östlich vom [[Grenzposten]]
| region = [[Velen]]
| schnellreisen = y
}}
{{schnellreisen}} {{Monsternest}}

'''Hindwacht''' ist eine Turmruine im Sumpf östlich vom [[Grenzposten]] in [[Velen]]. Sie wird unten von [[Endriagen]] bewacht und beherbergt auf der höchsten Plattform ein [[Harpyie]]n-[[Monsternest]].

== Kartenbeschreibung ==
:''Der Wachturm wurde zum Schutz von Lastkähnen zwischen Oxenfurt und Novigrad erbaut. Einst war er sogar der Mittelpunkt einer Brücke, die beide Ufer verband. Nun steht er verlassen und vergessen da, und die Brücke ist zusammengebrochen.''

== Quests ==
* [[Schatzsuche: Greifenschulenausrüstung]]

[[en:Hindhold]]
[[fr:Hindhold]]
[[it:Hindhold]]
[[pl:Ostatni Bastion]]
[[ru:Последний бастион]]","{'batchcomplete': True, 'query': {'pages': [{'pageid': 41038, 'ns': 0, 'title': 'Hindwacht', 'revisions': [{'slots': {'main': {'contentmodel': 'wikitext', 'contentformat': 'text/x-wiki', 'content': ""{{Infoboxorte3\n| name = Hindwacht\n| bild = tw3_hindhold.jpg\n| beschreibung =\n| art = [[:Kategorie:Dörfer\u200e|Dorf]]\n| lage = Östlich vom [[Grenzposten]]\n| region = [[Velen]]\n| schnellreisen = y\n}}\n{{schnellreisen}} {{Monsternest}}\n\n'''Hindwacht''' ist eine Turmruine im Sumpf östlich vom [[Grenzposten]] in [[Velen]]. Sie wird unten von [[Endriagen]] bewacht und beherbergt auf der höchsten Plattform ein [[Harpyie]]n-[[Monsternest]].\n\n== Kartenbeschreibung ==\n:''Der Wachturm wurde zum Schutz von Lastkähnen zwischen Oxenfurt und Novigrad erbaut. Einst war er sogar der Mittelpunkt einer Brücke, die beide Ufer verband. Nun steht er verlassen und vergessen da, und die Brücke ist zusammengebrochen.''\n\n== Quests ==\n* [[Schatzsuche: Greifenschulenausrüstung]]\n\n[[en:Hindhold]]\n[[fr:Hindhold]]\n[[it:Hindhold]]\n[[pl:Ostatni Bastion]]\n[[ru:Последний бастион]]""}}}]}]}}"
Hoehle,Error: 'revisions',
